state#    Energy              
0         -3.193384616290969  
1         -3.1860235223528424 
2         -3.1809662039642794 
3         -3.177756469898013  
4         -3.167439890660893  
5         -3.167438371319435  
6         -3.1627774962687556 
7         -3.1551814834730805 
8         -3.1550372458915716 
9         -3.144290609885767  
10        -3.1396727564416578 
11        -3.1396710314461713 
12        -3.138100357580364  
13        -3.129547537347696  
14        -3.1232121861210747 
15        -3.122694182769141  
16        -3.112042962816233  
17        -3.1120293131568117 
18        -3.107000592717608  
19        -3.1028536800569833 
20        -3.1028536618982163 
21        -3.094381044684185  
22        -3.09330016389348   
23        -3.0821945534594812 
24        -3.0813602720466697 
25        -3.075393876422325  
26        -3.0708361325840445 
27        -3.0708241251671153 
28        -3.0692298350420177 
29        -3.057162546225176  
30        -3.057160018705092  
31        -3.055395205438995  
32        -3.049477959769563  
33        -3.0476518183931867 
34        -3.032426226875034  
35        -3.0314357650254466 
36        -3.0299499549395157 
37        -3.0298949589018993 
38        -3.024598073894586  
39        -3.0208725932270553 
40        -3.020872505703291  
41        -3.0089689754231648 
42        -3.004833299196256  
43        -3.002818671931295  
44        -3.0028158679896877 
45        -2.9954262711047157 
46        -2.9935607216512414 
47        -2.98033256325237   
48        -2.9760913262318613 
49        -2.9758658965825755 
50        -2.9758244950282005 
51        -2.9731444438099466 
52        -2.9713467788110233 
53        -2.9624168753854074 
54        -2.962402375101864  
55        -2.95752087929549   
56        -2.949453638087899  
57        -2.9468307570554546 
58        -2.9400908011883224 
59        -2.940090674640059  
60        -2.932794681822641  
61        -2.931504855567043  
62        -2.9223841819749894 
63        -2.922229424628631  
64        -2.917474078103329  
65        -2.9134338729275946 
66        -2.91343351015047   
67        -2.907042963824574  
68        -2.9057095168987983 
69        -2.8995316292306184 
70        -2.8957422038974783 
71        -2.895727471183442  
72        -2.891195348774023  
73        -2.883105112290961  
74        -2.881055628117159  
75        -2.8693002116365225 
76        -2.8692962703503317 
77        -2.8625285622431385 
78        -2.8616796368459045 
79        -2.860535029172979  
80        -2.8561914640553394 
81        -2.8560891857110726 
82        -2.853279545429135  
83        -2.843029279460863  
84        -2.8429842143976836 
85        -2.8383004741074127 
86        -2.831298562372266  
87        -2.830506038337757  
88        -2.824252103864727  
89        -2.8218692523866746 
90        -2.821190358151351  
91        -2.821189618378727  
92        -2.8085759955543725 
93        -2.807997973798583  
94        -2.7933846265673115 
95        -2.791020378748879  
96        -2.7908088953626993 
97        -2.7908011883568244 
98        -2.790661357737412  
99        -2.787723692482391  
100       -2.786023528336125  
101       -2.7844286237499363 
102       -2.7821880573792086 
103       -2.782183059335754  
104       -2.7809654824410996 
105       -2.780425213039121  
106       -2.77775609766991   
107       -2.768254603456997  
108       -2.767439981108624  
109       -2.7674352538416445 
110       -2.764954037354737  
111       -2.7649137103421246 
112       -2.7627765088869354 
113       -2.75518079756558   
114       -2.7550374135593114 
115       -2.7542867890176486 
116       -2.7495202230210363 
117       -2.749078471874142  
118       -2.7466723504769743 
119       -2.745428027916082  
120       -2.7442903469268694 
121       -2.7396733188275593 
122       -2.739671597283557  
123       -2.7391786838678414 
124       -2.739156931325534  
125       -2.7381001351778873 
126       -2.7295457752596586 
127       -2.727547909094342  
128       -2.7267691670716423 
129       -2.723212730059026  
130       -2.722694803461865  
131       -2.7179026628003005 
132       -2.713698357546982  
133       -2.7134965623504157 
134       -2.712043366967189  
135       -2.712033041507553  
136       -2.7115225490221873 
137       -2.7070008216007073 
138       -2.7050273524195245 
139       -2.705026063292213  
140       -2.7028594643271373 
141       -2.70285255414075   
142       -2.7014805345693396 
143       -2.7008900489356824 
144       -2.700783173529029  
145       -2.69648692413263   
146       -2.6943788219670664 
147       -2.6933001246084443 
148       -2.6910165341627783 
149       -2.6822090301167787 
150       -2.681389627872704  
151       -2.679614414288071  
152       -2.6796011834008495 
153       -2.6764200288261115 
154       -2.675398989536826  
155       -2.675183507493713  
156       -2.6708397098502066 
157       -2.670824368944885  
158       -2.6692305912808494 
159       -2.6634614456726062 
160       -2.662045731544249  
161       -2.659487261950526  
162       -2.659302443630373  
163       -2.6571572062404956 
164       -2.6571529355827153 
165       -2.6554003184129207 
166       -2.65015662914368   
167       -2.6501449499040275 
168       -2.6494186276188425 
169       -2.6476243485409685 
170       -2.639839464995804  
171       -2.638998383465759  
172       -2.6380298654804077 
173       -2.6373137687508708 
174       -2.632430529528831  
175       -2.631443846876397  
176       -2.6306589560429194 
177       -2.629949018902598  
178       -2.6298973116072664 
179       -2.6292711292331292 
180       -2.6292458546203843 
181       -2.6245998074389143 
182       -2.620887098896257  
183       -2.6208763807253166 
184       -2.617111345472583  
185       -2.6126081510969046 
186       -2.61251920385241   
187       -2.6124413435498486 
188       -2.6124002622025406 
189       -2.6089363250376008 
190       -2.6052954930870524 
191       -2.6048326107471227 
192       -2.6029923024365287 
193       -2.6028126581324735 
194       -2.602386142289579  
195       -2.5961536975632837 
196       -2.5954136500940073 
197       -2.593573825032674  
198       -2.5897361373919243 
199       -2.5891716127420614 
200       -2.5875945967665226 
201       -2.5875352621440917 
202       -2.5803329954848113 
203       -2.576099327369284  
204       -2.5758821362648816 
205       -2.575869979046469  
206       -2.573159439267382  
207       -2.572738665190367  
208       -2.5713584760408934 
209       -2.5702414757559646 
210       -2.5639225571534046 
211       -2.5638859105150282 
212       -2.5623933112315083 
213       -2.5622814275679406 
214       -2.5575526371296915 
215       -2.554891834457211  
216       -2.554485206643153  
217       -2.5544663451724507 
218       -2.5507772370624786 
219       -2.550457277631705  
220       -2.549648667517485  
221       -2.549443011235102  
222       -2.546855575969286  
223       -2.545956992376246  
224       -2.540993090737885  
225       -2.540106769751265  
226       -2.5401046997432077 
227       -2.5384119057597836 
228       -2.538190039325238  
229       -2.5328014673000885 
230       -2.5315265091845167 
231       -2.5296955414875493 
232       -2.522385967407902  
233       -2.5222216931637145 
234       -2.517813555432723  
235       -2.517812081436483  
236       -2.517471958560848  
237       -2.5135737781004286 
238       -2.513513881298482  
239       -2.513473268716527  
240       -2.5134557260718693 
241       -2.511671997112751  
242       -2.508676649489324  
243       -2.5070549614091204 
244       -2.505721621765423  
245       -2.50485969752598   
246       -2.504666280820204  
247       -2.499539310296335  
248       -2.497086902703306  
249       -2.4957922807923825 
250       -2.4956691344910187 
251       -2.494905819100188  
252       -2.491167202499809  
253       -2.48929617104846   
254       -2.4892496264745745 
255       -2.483124796879671  
256       -2.481076284201898  
257       -2.475486216546845  
258       -2.4730391033015118 
259       -2.4692960296611592 
260       -2.469288631010895  
261       -2.466196900858048  
262       -2.46487131805751   
263       -2.4625502845929286 
264       -2.462296670549061  
265       -2.462156159849327  
266       -2.461706591435487  
267       -2.4603527529792752 
268       -2.460145922312025  
269       -2.4574074501752743 
270       -2.457313253757163  
271       -2.456114612449517  
272       -2.456021764675916  
273       -2.4533010775616284 
274       -2.452914295553249  
275       -2.4528344366745096 
276       -2.4488119206472394 
277       -2.443224761073321  
278       -2.4430264224185754 
279       -2.441816552850642  
280       -2.441329768338216  
281       -2.4411678744969203 
282       -2.4383127485494964 
283       -2.435301048091854  
284       -2.431325235419005  
285       -2.4305135770381305 
286       -2.424279466358641  
287       -2.4219402305424302 
288       -2.42160113354888   
289       -2.4212147412559752 
290       -2.4209388521089825 
291       -2.4172513738524697 
292       -2.417107589885499  
293       -2.416088877375964  
294       -2.4131429257517665 
295       -2.408922491997104  
296       -2.4088026569521874 
297       -2.408459005613964  
298       -2.4079845135539464 
299       -2.402222615163529  
300       -2.401363232392463  
301       -2.3969139962286365 
302       -2.3949887711226756 
303       -2.39102642217413   
304       -2.3908317324351382 
305       -2.390778220579929  
306       -2.390485552754986  
307       -2.387732277961716  
308       -2.385431130772469  
309       -2.3853232945509926 
310       -2.384363918683868  
311       -2.382234197027134  
312       -2.382225486492578  
313       -2.380432365334249  
314       -2.374665527754633  
315       -2.3725913763821196 
316       -2.371869356814995  
317       -2.370431470435445  
318       -2.3700071703675647 
319       -2.3682408005654523 
320       -2.366817501172094  
321       -2.3649762631440256 
322       -2.3649623835318696 
323       -2.358644663946966  
324       -2.358212338972537  
325       -2.3549247465938645 
326       -2.3548473728708905 
327       -2.3544252065957916 
328       -2.351031196284151  
329       -2.3498398761355577 
330       -2.3494149607969512 
331       -2.3467222451878733 
332       -2.3456054567057656 
333       -2.3455049358885525 
334       -2.3452555330131695 
335       -2.3392428959291203 
336       -2.3391968123879305 
337       -2.338727421373184  
338       -2.338712541150742  
339       -2.3384850747516066 
340       -2.3319754013442338 
341       -2.327561560842953  
342       -2.3268346980896695 
343       -2.325199431291253  
344       -2.3240110906509592 
345       -2.3178725721636035 
346       -2.3153582653173017 
347       -2.31363797604199   
348       -2.313518822910626  
349       -2.3117397306790686 
350       -2.3116468187207184 
351       -2.311287756237104  
352       -2.311229040601738  
353       -2.305170082639198  
354       -2.3051690101583295 
355       -2.3017441943050274 
356       -2.300938474366406  
357       -2.300822394404805  
358       -2.29932402761164   
359       -2.298823399971857  
360       -2.296186651244574  
361       -2.295107721659023  
362       -2.2934763944432985 
363       -2.2910053042057537 
364       -2.2895737312427467 
365       -2.2890687662083757 
366       -2.279703611117965  
367       -2.27969207607494   
368       -2.279038314844891  
369       -2.2778157957814096 
370       -2.276806098312033  
371       -2.2763238647393877 
372       -2.2752066158936843 
373       -2.2749866349208916 
374       -2.2739049564441487 
375       -2.2699828305925847 
376       -2.2697534616424657 
377       -2.2662516099929846 
378       -2.263551252493499  
379       -2.2629001033132035 
380       -2.2620601252706423 
381       -2.2596201378317957 
382       -2.259434159213797  
383       -2.254507032126138  
384       -2.2543206816015613 
385       -2.2513085485656776 
386       -2.250336791552025  
387       -2.2501006667284957 
388       -2.242805250004038  
389       -2.2422858857795966 
390       -2.2399486519556233 
391       -2.2392088299697988 
392       -2.2380044383418434 
393       -2.2375021538223487 
394       -2.2353003687395048 
395       -2.2338819852326752 
396       -2.2338765209131295 
397       -2.2318880325211867 
398       -2.231217313308861  
399       -2.2301521390903303 
400       -2.229301469014056  
401       -2.2292639834608514 
402       -2.226285004691892  
403       -2.223530146210019  
404       -2.220646654254511  
405       -2.2194889248323837 
406       -2.217201471362996  
407       -2.2126360640037017 
408       -2.2126112908167355 
409       -2.2125024089434    
410       -2.2124891077091684 
411       -2.2088567905635164 
412       -2.205877170067939  
413       -2.2057185417704557 
414       -2.2033463482872073 
415       -2.2008017979696404 
416       -2.200297169801055  
417       -2.1960583897955788 
418       -2.1898253346454926 
419       -2.1891287526702627 
420       -2.1879932166744958 
421       -2.187712720239925  
422       -2.1849422029651024 
423       -2.1846130274969484 
424       -2.1845921176027647 
425       -2.1837534124274174 
426       -2.1812730904994537 
427       -2.177808771745239  
428       -2.1764136245552113 
429       -2.1763443367986706 
430       -2.1761040601093344 
431       -2.1749113641589286 
432       -2.172820158084426  
433       -2.170344223444313  
434       -2.1653961130399253 
435       -2.1649126247225388 
436       -2.164720463077134  
437       -2.164620657296493  
438       -2.16215566250876   
439       -2.1620736914875    
440       -2.160083319482182  
441       -2.1555364402204122 
442       -2.1548518854442724 
443       -2.154846106894431  
444       -2.1524721632580204 
445       -2.1505961594273484 
446       -2.150486943648772  
447       -2.14967675169809   
448       -2.146724257821177  
449       -2.146312507825955  
450       -2.1455189950868103 
451       -2.143918448442218  
452       -2.1410360350525344 
453       -2.138439107617521  
454       -2.138210091938961  
455       -2.1328715958770132 
456       -2.129846921709294  
457       -2.12706305504176   
458       -2.12633009118875   
459       -2.126078526793677  
460       -2.12009741677701   
461       -2.1200854790116317 
462       -2.1198268950143633 
463       -2.1180003824490563 
464       -2.117994333460636  
465       -2.117816077049818  
466       -2.117753724038039  
467       -2.1164610616602646 
468       -2.1139966829713104 
469       -2.1139241226472065 
470       -2.1118849891111333 
471       -2.108880645943676  
472       -2.1071854748259726 
473       -2.105860479598588  
474       -2.10522274119884   
475       -2.1049200372831622 
476       -2.0982434833125527 
477       -2.0970666440725734 
478       -2.096251848571188  
479       -2.0949779817358123 
480       -2.089472769277183  
481       -2.08936813083882   
482       -2.0862586461212373 
483       -2.086155698299195  
484       -2.0811287974343524 
485       -2.077432668974374  
486       -2.076943542446144  
487       -2.0757546871821937 
488       -2.0733715452303336 
489       -2.072528652519732  
490       -2.072132697043483  
491       -2.0715158582205517 
492       -2.07092335284141   
493       -2.0665810752976177 
494       -2.066561012532396  
495       -2.066081317046704  
496       -2.065044451863463  
497       -2.062458701950215  
498       -2.062427172805555  
499       -2.0601825392913433 
500       -2.059244675447301  
501       -2.0591847875368927 
502       -2.057529637915635  
503       -2.0571352595650683 
504       -2.0566573199039486 
505       -2.0563963570747745 
506       -2.0545632331447634 
507       -2.053313501486256  
508       -2.053282796091605  
509       -2.0488950732344042 
510       -2.0457663345479697 
511       -2.045750679724332  
512       -2.0421517499443866 
513       -2.04189289672967   
514       -2.0413477414106644 
515       -2.040959282060909  
516       -2.0355401819396763 
517       -2.0346362881360305 
518       -2.0341825010105175 
519       -2.0309741363525204 
520       -2.0261790649821    
521       -2.0231939373301455 
522       -2.0214664449481767 
523       -2.020942820345034  
524       -2.0176030803474845 
525       -2.0175293275887625 
526       -2.016363390597363  
527       -2.0134612546551343 
528       -2.0100732664766214 
529       -2.009825153814878  
530       -2.0095151493154053 
531       -2.0079675393360987 
532       -2.005747479939939  
533       -2.005299371502162  
534       -2.0048819611427815 
535       -2.004775643242787  
536       -2.0026392627511376 
537       -2.0018255016513655 
538       -1.9993428480018358 
539       -1.999082470850051  
540       -1.9964596069017713 
541       -1.9946621303692689 
542       -1.990962854098561  
543       -1.9892842270656952 
544       -1.9855453469639126 
545       -1.9854695830236009 
546       -1.983639230700542  
547       -1.9829444455554004 
548       -1.9800190783461196 
549       -1.975963565691582  
550       -1.9746196394018927 
551       -1.9739290027725729 
552       -1.9735629253141296 
553       -1.9728257659435038 
554       -1.9720090198044637 
555       -1.9706044938203322 
556       -1.9701398789365883 
557       -1.9689711275487447 
558       -1.9687275093423073 
559       -1.9670349178279827 
560       -1.963700042423491  
561       -1.9626875764344112 
562       -1.9609315902503939 
563       -1.9583548214720783 
564       -1.9581393088288104 
565       -1.9571695796044017 
566       -1.955725461535041  
567       -1.955690570469523  
568       -1.9515825472969013 
569       -1.9469146290106785 
570       -1.9466022862095944 
571       -1.9462079458378818 
572       -1.9456476622081025 
573       -1.9452062193241408 
574       -1.945110556005054  
575       -1.945034328701744  
576       -1.940389287041756  
577       -1.9403601996864883 
578       -1.9384164865439464 
579       -1.937505982044345  
580       -1.937186012386143  
581       -1.932187744981787  
582       -1.932070021384136  
583       -1.9266327475980862 
584       -1.9260681315741006 
585       -1.9251919918352831 
586       -1.924318490972933  
587       -1.922879664340366  
588       -1.9200333298237402 
589       -1.9199065103566164 
590       -1.9172114168873715 
591       -1.916588570252675  
592       -1.9149045980168709 
593       -1.911837258494469  
594       -1.9118147922289193 
595       -1.9114853000368701 
596       -1.9096910704063592 
597       -1.9089854311416008 
598       -1.9000347127364452 
599       -1.9000279567346143 
600       -1.8968117175148462 
601       -1.8955609291149678 
602       -1.895514375927238  
603       -1.894198719040339  
604       -1.890441289387978  
605       -1.889831290770343  
606       -1.8878243316260455 
607       -1.887802803691624  
608       -1.8844538092010898 
609       -1.8843140488637296 
610       -1.8792384092341885 
611       -1.8784938041791739 
612       -1.8769852371907698 
613       -1.8769559996831937 
614       -1.8768935576207886 
615       -1.8763076139438377 
616       -1.8762485026587585 
617       -1.8762004831742634 
618       -1.8738655557875648 
619       -1.873548024157253  
620       -1.8729220267605566 
621       -1.8728658347234248 
622       -1.869493402216694  
623       -1.8694143360748399 
624       -1.8678325356491399 
625       -1.866655145176837  
626       -1.8663585644409235 
627       -1.8653497557165133 
628       -1.8639906134428068 
629       -1.8633696628175211 
630       -1.854432874953644  
631       -1.8541604295736946 
632       -1.8536186400124917 
633       -1.8530715838171263 
634       -1.8529985501864483 
635       -1.8513934107507133 
636       -1.8490634556524865 
637       -1.8488268032773776 
638       -1.8440594848942105 
639       -1.8436927120690192 
640       -1.8426823901398055 
641       -1.836228562446888  
642       -1.8351853100372537 
643       -1.8351064467838518 
644       -1.8327500328369304 
645       -1.8322321527283207 
646       -1.8319971218506312 
647       -1.8318873956347965 
648       -1.8317864970826694 
649       -1.8267507403789425 
650       -1.8252761461166833 
651       -1.823808568021828  
652       -1.8227621160205991 
653       -1.8221077136772204 
654       -1.819416255870924  
655       -1.819375371082989  
656       -1.8185354546953068 
657       -1.817060097934611  
658       -1.8154700424325192 
659       -1.8151622128090221 
660       -1.8092581008277746 
661       -1.8069143172532203 
662       -1.8062794115967766 
663       -1.8050748325846366 
664       -1.8042713881006989 
665       -1.8042510923423414 
666       -1.80335558928047   
667       -1.802795124343172  
668       -1.8010523743548772 
669       -1.8010511147113375 
670       -1.792954596498972  
671       -1.790666568115813  
672       -1.786147969101366  
673       -1.7861395058923113 
674       -1.785319789654552  
675       -1.7847695650370061 
676       -1.7826933191544732 
677       -1.782444724745056  
678       -1.7807446050616509 
679       -1.778675875384644  
680       -1.777814144092157  
681       -1.7777326339314912 
682       -1.776634313985896  
683       -1.7760811479945382 
684       -1.775472764645639  
685       -1.7746560866675742 
686       -1.7704291494870947 
687       -1.769503750962088  
688       -1.7690178413713542 
689       -1.7688114652404763 
690       -1.7656417089220027 
691       -1.7652837545650522 
692       -1.76510365904558   
693       -1.7644418792035255 
694       -1.760808420852612  
695       -1.760324326540756  
696       -1.7592317662067083 
697       -1.7592158297455    
698       -1.7587983089140042 
699       -1.757970472594759  
700       -1.7568498171954998 
701       -1.755403991198949  
702       -1.7531881535046776 
703       -1.7510878929505378 
704       -1.7477026318744673 
705       -1.7474429790073505 
706       -1.7461321131800265 
707       -1.7446086539420096 
708       -1.7427093284220616 
709       -1.7421421683349956 
710       -1.7418849182098028 
711       -1.741836437763059  
712       -1.7336917826813203 
713       -1.7314175164995924 
714       -1.7284576244098215 
715       -1.728256367822935  
716       -1.7281266908174557 
717       -1.7275965215141975 
718       -1.7271917993029353 
719       -1.7215193739439725 
720       -1.7208132539299978 
721       -1.7206086912811298 
722       -1.7200496864453831 
723       -1.7196984804415656 
724       -1.7194588801697388 
725       -1.719387606152874  
726       -1.7167866754241996 
727       -1.7166933869011787 
728       -1.7151559195099708 
729       -1.7143148472395326 
730       -1.7092189159586828 
731       -1.70828433532333   
732       -1.7078182252114131 
733       -1.7077735726654153 
734       -1.6990242390123258 
735       -1.6975673101839748 
736       -1.695735102121012  
737       -1.6955121680983067 
738       -1.6954927323205653 
739       -1.6954271288615475 
740       -1.692054842714103  
741       -1.6915292361303618 
742       -1.6873571886685554 
743       -1.687278352254459  
744       -1.6862015806081816 
745       -1.6860785079461138 
746       -1.681661202388397  
747       -1.6815899169432449 
748       -1.6812463542183171 
749       -1.679085269557628  
750       -1.6784246861986933 
751       -1.6776709043189653 
752       -1.6770284185922533 
753       -1.6743168813427847 
754       -1.6739298073661624 
755       -1.6725787797708536 
756       -1.6724665386681927 
757       -1.6715881804838708 
758       -1.670711287317005  
759       -1.6705701210162045 
760       -1.668726369338274  
761       -1.6687228529284126 
762       -1.6671009121180809 
763       -1.66681059821993   
764       -1.6650861369035885 
765       -1.6646607550908283 
766       -1.6611083473374342 
767       -1.6609940664889995 
768       -1.6563762148060466 
769       -1.6560463252829416 
770       -1.6558173907055564 
771       -1.6534210683727721 
772       -1.6528595872898226 
773       -1.652415014383068  
774       -1.6499044303074732 
775       -1.6497176292139564 
776       -1.6483448405027654 
777       -1.648310132613941  
778       -1.6442897208202365 
779       -1.6431874848909116 
780       -1.6355924412348253 
781       -1.6353486300586815 
782       -1.6348513655240673 
783       -1.6341041873842002 
784       -1.6332379603020428 
785       -1.6329027645119099 
786       -1.6326836147693853 
787       -1.6317889674059691 
788       -1.6295977457074846 
789       -1.6272443597824615 
790       -1.6261138034827662 
791       -1.624269590305732  
792       -1.6233185753022625 
793       -1.6213452918047317 
794       -1.6206992704955303 
795       -1.6201677493902076 
796       -1.6187311299531035 
797       -1.6166678039570974 
798       -1.6103331584614282 
799       -1.6098598737499608 
800       -1.6088671085263533 
801       -1.6085955709562136 
802       -1.6081839818911507 
803       -1.607458147176175  
804       -1.6068227238439783 
805       -1.6060660666268376 
806       -1.6054755966576866 
807       -1.6051509116024538 
808       -1.6043622712569565 
809       -1.6039950389588842 
810       -1.6012486147519802 
811       -1.6011794585807118 
812       -1.5953831814026902 
813       -1.5932295745573923 
814       -1.5926132369742783 
815       -1.5910853512821268 
816       -1.5851204939683452 
817       -1.584716540330478  
818       -1.5846762464930824 
819       -1.5844062857336798 
820       -1.5838421556611877 
821       -1.5812380585340953 
822       -1.5796654279265403 
823       -1.5762688842103096 
824       -1.5754814706955287 
825       -1.5742540072202613 
826       -1.5741589533482085 
827       -1.5726364413812721 
828       -1.5724476816530597 
829       -1.5724426745700755 
830       -1.5716253910999531 
831       -1.5713042482612312 
832       -1.5706136019675343 
833       -1.570582829400147  
834       -1.5658137300623456 
835       -1.5654611532381568 
836       -1.5648013105928769 
837       -1.564787099139381  
838       -1.5637209718819167 
839       -1.5628547193428135 
840       -1.5624605528860875 
841       -1.562222889985509  
842       -1.5611081624538972 
843       -1.5608058679916355 
844       -1.5571300238444123 
845       -1.5555528866512494 
846       -1.5510047475016742 
847       -1.548632537261092  
848       -1.5486211312002522 
849       -1.548498619144655  
850       -1.5482174530572546 
851       -1.5480644408991502 
852       -1.5478359311135952 
853       -1.5464702482492525 
854       -1.5436810180945544 
855       -1.5434498903070957 
856       -1.5416942352827663 
857       -1.5416816108713702 
858       -1.5369054835688791 
859       -1.5342730199259889 
860       -1.5320858902770649 
861       -1.5314717978913959 
862       -1.5295617569717803 
863       -1.5293566442385542 
864       -1.5266786814760942 
865       -1.5248583974959602 
866       -1.524787468372752  
867       -1.5233108317197706 
868       -1.522995468709419  
869       -1.5217412547570863 
870       -1.5215577037592314 
871       -1.5212995354000995 
872       -1.5183448865599165 
873       -1.5167367819911415 
874       -1.5146444454606776 
875       -1.5131658813296893 
876       -1.511862177536195  
877       -1.5109557308062018 
878       -1.5081508358933553 
879       -1.5080776888982421 
880       -1.5036126460947654 
881       -1.5035052218787266 
882       -1.5031036242036058 
883       -1.5029996640510042 
884       -1.4977719130916212 
885       -1.4976471624838315 
886       -1.4975129123243351 
887       -1.4969002725528868 
888       -1.4947124660404252 
889       -1.4938318388468408 
890       -1.4933963739887948 
891       -1.491670358453832  
892       -1.4889552373249335 
893       -1.4886954235151986 
894       -1.4881551551826508 
895       -1.4880521025178277 
896       -1.486756058011536  
897       -1.4863976385534923 
898       -1.4852527871527665 
899       -1.4841746196875463 
900       -1.4831181136646625 
901       -1.4806616815117717 
902       -1.4806281295335761 
903       -1.4799403869357677 
904       -1.4786209188157344 
905       -1.4786060026552128 
906       -1.4770257290386815 
907       -1.473966956128718  
908       -1.4738141465706773 
909       -1.4737376833389226 
910       -1.473082798683669  
911       -1.4723429581376275 
912       -1.4691560435021669 
913       -1.468968457145533  
914       -1.4683447890557564 
915       -1.4660350640164739 
916       -1.465540539004779  
917       -1.465423004378149  
918       -1.4645689135704385 
919       -1.458216096423167  
920       -1.4573246816486816 
921       -1.457160659392168  
922       -1.4539450392684716 
923       -1.453894190384224  
924       -1.453402342395546  
925       -1.4532280429461586 
926       -1.4527306162080507 
927       -1.4473606846581868 
928       -1.445984397682717  
929       -1.4457871027318694 
930       -1.4455777066101558 
931       -1.4447999859233507 
932       -1.4441575325015852 
933       -1.4411550002899978 
934       -1.4406715261242178 
935       -1.4388998939127582 
936       -1.4386640548210112 
937       -1.4359605986478332 
938       -1.4354481847439406 
939       -1.4352743842631188 
940       -1.4346482333967303 
941       -1.4340929600848649 
942       -1.4327054815552265 
943       -1.4279381700686384 
944       -1.4272531132826007 
945       -1.4267332661514973 
946       -1.426562225896182  
947       -1.4253767137956557 
948       -1.4248026151877407 
949       -1.422867856997488  
950       -1.4227615772647353 
951       -1.4223860269080137 
952       -1.420607642323409  
953       -1.4199199654176962 
954       -1.4169777125252023 
955       -1.4167848497985844 
956       -1.4153910775990188 
957       -1.4136437539330535 
958       -1.4120525435936453 
959       -1.411328866112471  
960       -1.4093366298214758 
961       -1.4090441414399524 
962       -1.4086613635208867 
963       -1.408463645361511  
964       -1.4065018568746646 
965       -1.4063743282197925 
966       -1.4055004250616316 
967       -1.4053339667974858 
968       -1.402701682455717  
969       -1.4002274922531455 
970       -1.3988592055012932 
971       -1.3984509268125493 
972       -1.3965515153412018 
973       -1.3949156307855641 
974       -1.3910823928032965 
975       -1.3906377116559425 
976       -1.3895086756649444 
977       -1.386255166697754  
978       -1.3858201154511327 
979       -1.3849998440599631 
980       -1.384960615693859  
981       -1.3848152222139702 
982       -1.3836908122475868 
983       -1.3834725406112451 
984       -1.3797596858056982 
985       -1.3797220103547359 
986       -1.3780849063227918 
987       -1.377897565266503  
988       -1.3769002484314188 
989       -1.375411305596767  
990       -1.374267198367959  
991       -1.3737242080175318 
992       -1.3728744950980074 
993       -1.3707979084088222 
994       -1.3702389977018774 
995       -1.370187538655769  
996       -1.3690351813497956 
997       -1.3690319577326782 
998       -1.366721532261521  
999       -1.365599977101786  
1000      -1.365478921555956  
1001      -1.3623368430929168 
1002      -1.361330373179706  
1003      -1.3604311708984855 
1004      -1.3601198096993685 
1005      -1.3596300314071397 
1006      -1.3595700399276256 
1007      -1.3591340958484484 
1008      -1.3589432370013361 
1009      -1.3589117457522397 
1010      -1.3583317073915613 
1011      -1.355160903698955  
1012      -1.3522276484898437 
1013      -1.3520577370560523 
1014      -1.3518806347992773 
1015      -1.3501124488404415 
1016      -1.3480603849802313 
1017      -1.3474160329607676 
1018      -1.3471866730157191 
1019      -1.3463394701812235 
1020      -1.3434916566683657 
1021      -1.343439711085329  
1022      -1.3412433286437473 
1023      -1.3402059002087838 
1024      -1.3396276622972088 
1025      -1.3376783578976337 
1026      -1.3342768150993018 
1027      -1.3338729719791629 
1028      -1.3338538834895521 
1029      -1.332509448527365  
1030      -1.3307349100521209 
1031      -1.33020386177324   
1032      -1.3265004926202155 
1033      -1.3248540314840969 
1034      -1.3232245450296798 
1035      -1.3232113837443886 
1036      -1.3225290989585017 
1037      -1.3221229357609845 
1038      -1.3217467241719463 
1039      -1.3216775434915262 
1040      -1.3216760099048053 
1041      -1.3206456911362838 
1042      -1.3190311663295937 
1043      -1.318801777882545  
1044      -1.3177301641459658 
1045      -1.31747678119571   
1046      -1.3164583428386507 
1047      -1.3146498787906062 
1048      -1.3139196485276288 
1049      -1.3116533077448926 
1050      -1.3109644770571385 
1051      -1.3094358103404775 
1052      -1.3090873275170827 
1053      -1.308719025699587  
1054      -1.3085103032107266 
1055      -1.304252085961597  
1056      -1.3042190785682206 
1057      -1.3038779368287077 
1058      -1.303832902565808  
1059      -1.3034616987535674 
1060      -1.3001574355629224 
1061      -1.2997144739394555 
1062      -1.2985566850187211 
1063      -1.2958899556999173 
1064      -1.2957830908497567 
1065      -1.2950693587326314 
1066      -1.2941970736515884 
1067      -1.2924491855485456 
1068      -1.2917535260210347 
1069      -1.2913228685715696 
1070      -1.2911221709752942 
1071      -1.2910057841012446 
1072      -1.2903603430862822 
1073      -1.2882122404074519 
1074      -1.2880935386760468 
1075      -1.2848038363647256 
1076      -1.2841908199096017 
1077      -1.2841330163906708 
1078      -1.2815635231154485 
1079      -1.2812249222957723 
1080      -1.2797657509045879 
1081      -1.2791080449694299 
1082      -1.2781105015499197 
1083      -1.276994119697528  
1084      -1.2750102209828633 
1085      -1.2737232753838468 
1086      -1.272072601609304  
1087      -1.271873583580586  
1088      -1.2713784060205782 
1089      -1.270362712221496  
1090      -1.2693012739718432 
1091      -1.26790641503591   
1092      -1.2673715331233208 
1093      -1.2662617035257608 
1094      -1.2657790346126878 
1095      -1.2655631916697045 
1096      -1.263647979068267  
1097      -1.2612811658176366 
1098      -1.2612717108128688 
1099      -1.2608338566677402 
1100      -1.2601193266752926 
1101      -1.2598225680577484 
1102      -1.2590888471484365 
1103      -1.2590024525941053 
1104      -1.2590011996828132 
1105      -1.2568722081346537 
1106      -1.2552686306401555 
1107      -1.2550250151240143 
1108      -1.254464677239481  
1109      -1.2532536753464987 
1110      -1.2522886452079072 
1111      -1.2519464347692324 
1112      -1.251676008424318  
1113      -1.250916447463043  
1114      -1.2507319390887686 
1115      -1.248425161077453  
1116      -1.2469416682165242 
1117      -1.2453121647241068 
1118      -1.244997773133237  
1119      -1.2440310754175143 
1120      -1.2438181237788342 
1121      -1.2433741323329146 
1122      -1.2433551307068047 
1123      -1.242661052595941  
1124      -1.2422341452643841 
1125      -1.2406037889847052 
1126      -1.2385733738263534 
1127      -1.2378234349077764 
1128      -1.2372752432186565 
1129      -1.2372508281626486 
1130      -1.2353743447793437 
1131      -1.2349703231706317 
1132      -1.2347974664198411 
1133      -1.2347400270616926 
1134      -1.233595580875106  
1135      -1.2324717309736044 
1136      -1.2309027911102848 
1137      -1.229875324436567  
1138      -1.2289220684377862 
1139      -1.2286422963196073 
1140      -1.2284278798286972 
1141      -1.2279950688962946 
1142      -1.2256728742528034 
1143      -1.224410933715654  
1144      -1.2231553919820717 
1145      -1.2225039298703697 
1146      -1.2223904515421857 
1147      -1.2214606101532675 
1148      -1.2189808986452004 
1149      -1.2177797588614272 
1150      -1.2173091993282592 
1151      -1.216051456623787  
1152      -1.2157364665076045 
1153      -1.2141267438099221 
1154      -1.2136943736341455 
1155      -1.2119218213876752 
1156      -1.2110115833259627 
1157      -1.2105284852887914 
1158      -1.210169044612544  
1159      -1.2097068004714338 
1160      -1.2094714144714653 
1161      -1.2091905549319244 
1162      -1.209151127413297  
1163      -1.2071667791862184 
1164      -1.205153474703661  
1165      -1.2040364898410971 
1166      -1.2037475011465646 
1167      -1.203516113364367  
1168      -1.2026619091991344 
1169      -1.202238427118391  
1170      -1.2010565505442574 
1171      -1.2010133275833375 
1172      -1.1997857061154484 
1173      -1.1997791733811372 
1174      -1.1976248993568737 
1175      -1.197381655652137  
1176      -1.1971466022796626 
1177      -1.1969998333816025 
1178      -1.1966247130890653 
1179      -1.195517979858451  
1180      -1.1940931719267576 
1181      -1.1938310761541375 
1182      -1.1938246408940667 
1183      -1.1938029798969532 
1184      -1.1917934409887974 
1185      -1.1916148530829456 
1186      -1.1910648404822033 
1187      -1.190636853630745  
1188      -1.1905590277849176 
1189      -1.1896661737607994 
1190      -1.189468457829611  
1191      -1.1891060451395439 
1192      -1.1882474762016677 
1193      -1.188094921228345  
1194      -1.1879445700648288 
1195      -1.1878416500674105 
1196      -1.1866159775500953 
1197      -1.1865102695549075 
1198      -1.1840733611586074 
1199      -1.1822970074058206 
1200      -1.182264712058425  
1201      -1.1821596562941545 
1202      -1.178330120053222  
1203      -1.1770892349218618 
1204      -1.1769556977227724 
1205      -1.1768823210650827 
1206      -1.1766279538795572 
1207      -1.1758586328578495 
1208      -1.1758496508330594 
1209      -1.1719847597983515 
1210      -1.171468572735457  
1211      -1.17092187646618   
1212      -1.1691796822027862 
1213      -1.1682790638996905 
1214      -1.1681655339368364 
1215      -1.1672569176228156 
1216      -1.1669905475471742 
1217      -1.166568487149845  
1218      -1.1659175604802687 
1219      -1.1625031055554331 
1220      -1.1624906565433282 
1221      -1.1591361297205385 
1222      -1.157437997683201  
1223      -1.1571623106790117 
1224      -1.1562210821965244 
1225      -1.1541569240966922 
1226      -1.1536932290265136 
1227      -1.1536468819162544 
1228      -1.1511230930740064 
1229      -1.150496033390664  
1230      -1.1503251570827082 
1231      -1.1493198669393239 
1232      -1.1489917765656796 
1233      -1.1489607575320024 
1234      -1.1470935952140755 
1235      -1.146782834508042  
1236      -1.1463233347894322 
1237      -1.1462621150066077 
1238      -1.1460118082153805 
1239      -1.145289324748187  
1240      -1.1452505365417858 
1241      -1.1439482730683654 
1242      -1.1436264006930834 
1243      -1.1432754299751755 
1244      -1.1419103466049982 
1245      -1.1419086659746531 
1246      -1.1414968071793832 
1247      -1.1414384610696726 
1248      -1.1393211858758774 
1249      -1.137080202983345  
1250      -1.1369786295267543 
1251      -1.1311043104926812 
1252      -1.1310106987375845 
1253      -1.1296743401844653 
1254      -1.1268846184687553 
1255      -1.1265075312224462 
1256      -1.1253705553776765 
1257      -1.1236600395985623 
1258      -1.1219959485862436 
1259      -1.12199211252921   
1260      -1.1217138015967998 
1261      -1.1209328203521416 
1262      -1.1205439970165154 
1263      -1.1193471527798438 
1264      -1.118567424567117  
1265      -1.1181494691184228 
1266      -1.1169985145765557 
1267      -1.1169672520093472 
1268      -1.111345335886893  
1269      -1.111035980574273  
1270      -1.1107737845625896 
1271      -1.1097006570761032 
1272      -1.1091567247164011 
1273      -1.1082716296339914 
1274      -1.1055755443941022 
1275      -1.1053364715006122 
1276      -1.1050670876458597 
1277      -1.1049745164731102 
1278      -1.1029919985360592 
1279      -1.1014488084147693 
1280      -1.099236950219357  
1281      -1.0983253127168304 
1282      -1.0979035294835842 
1283      -1.0977887913117563 
1284      -1.0959644115105356 
1285      -1.0949304231263541 
1286      -1.0945823519627946 
1287      -1.0915450324634421 
1288      -1.0914591105325    
1289      -1.0911800453201648 
1290      -1.091010996623407  
1291      -1.0905168140990489 
1292      -1.0901315712620148 
1293      -1.0872943087696993 
1294      -1.086070002153326  
1295      -1.0849838374688718 
1296      -1.0848737299311666 
1297      -1.0844227093581782 
1298      -1.0838340483120035 
1299      -1.0837189137165135 
1300      -1.082562839357307  
1301      -1.0818705844813306 
1302      -1.08156165199812   
1303      -1.0804572287571275 
1304      -1.0799864495517306 
1305      -1.0780491543442758 
1306      -1.0778484995907855 
1307      -1.0755036787722012 
1308      -1.07001593047696   
1309      -1.069431648021522  
1310      -1.068228050507592  
1311      -1.068116097445673  
1312      -1.0672045515732427 
1313      -1.0659337432984282 
1314      -1.0649015758927987 
1315      -1.063525939131661  
1316      -1.062540127721862  
1317      -1.0623842264959389 
1318      -1.062373836735758  
1319      -1.061332164953274  
1320      -1.0586793069181475 
1321      -1.0577418367462734 
1322      -1.05556128114081   
1323      -1.0541872985936411 
1324      -1.053716482318978  
1325      -1.0510375799220506 
1326      -1.0503555415257966 
1327      -1.0502348966947546 
1328      -1.0489271600628856 
1329      -1.0481540769332298 
1330      -1.0474804424943596 
1331      -1.0453809510936871 
1332      -1.0453520702646464 
1333      -1.0420761464464534 
1334      -1.0408875926309353 
1335      -1.0401863005963559 
1336      -1.0380361484018208 
1337      -1.0379821171728092 
1338      -1.037796326969821  
1339      -1.0376356218941842 
1340      -1.0354358830393964 
1341      -1.0341948232882283 
1342      -1.033358341523436  
1343      -1.0300001196330433 
1344      -1.0296028651744358 
1345      -1.0293864583940726 
1346      -1.0281592798382082 
1347      -1.0276602172651514 
1348      -1.0268182375079626 
1349      -1.026751657186565  
1350      -1.0266378434902463 
1351      -1.0265291409104116 
1352      -1.024807669742746  
1353      -1.0242120148367144 
1354      -1.023650988720181  
1355      -1.0232768209598855 
1356      -1.018447068774139  
1357      -1.0169933558712423 
1358      -1.0141516081631194 
1359      -1.0124220769686272 
1360      -1.0110727553976342 
1361      -1.0108018449104783 
1362      -1.0092761422714032 
1363      -1.0089275250648617 
1364      -1.0070582167186537 
1365      -1.0038716662640583 
1366      -1.0036670319503151 
1367      -1.0036328300504562 
1368      -1.0029670620551303 
1369      -1.001006585853087  
1370      -0.9998819739147079 
1371      -0.9988306913474146 
1372      -0.9973188228709666 
1373      -0.9971904307445327 
1374      -0.9959193244663487 
1375      -0.9949348761782331 
1376      -0.9944311545695284 
1377      -0.9944174465591832 
1378      -0.9933773384879112 
1379      -0.9926728888389489 
1380      -0.9920480342069694 
1381      -0.9899550108007104 
1382      -0.9898875093202549 
1383      -0.9870437267019784 
1384      -0.986977869429608  
1385      -0.9866314001531908 
1386      -0.9865837583406399 
1387      -0.9837398401183313 
1388      -0.9835094251925875 
1389      -0.982410271674502  
1390      -0.9796888042263986 
1391      -0.9778788218036268 
1392      -0.9768770230411699 
1393      -0.9753948180110206 
1394      -0.9751974315364458 
1395      -0.9738669651228204 
1396      -0.9725131554192278 
1397      -0.9724162348107512 
1398      -0.9714785227712166 
1399      -0.9714611093425062 
1400      -0.9698461467918105 
1401      -0.9694779989245931 
1402      -0.968108175177001  
1403      -0.9629026191913859 
1404      -0.9626902685541349 
1405      -0.9616401447266749 
1406      -0.958304313929171  
1407      -0.95782905576874   
1408      -0.9577450219926038 
1409      -0.9571872820219675 
1410      -0.9548511095451526 
1411      -0.9534917780254566 
1412      -0.9510821180177683 
1413      -0.9476546204757397 
1414      -0.946990577303236  
1415      -0.9468035138516905 
1416      -0.9464424450419706 
1417      -0.9419238827929566 
1418      -0.9417988989547774 
1419      -0.9413688054428038 
1420      -0.9410953281505795 
1421      -0.9409400952705999 
1422      -0.9408394568222511 
1423      -0.9408254824419355 
1424      -0.9395567265647226 
1425      -0.9389250059953358 
1426      -0.9375205028527591 
1427      -0.9372441615565514 
1428      -0.9359883474004267 
1429      -0.9332595257309861 
1430      -0.9330597962646575 
1431      -0.9327565822047059 
1432      -0.9322715826554312 
1433      -0.9303046501609797 
1434      -0.9301567105382954 
1435      -0.9293019231095486 
1436      -0.9268273810971351 
1437      -0.9263569626160343 
1438      -0.9263056996634693 
1439      -0.9249738414210927 
1440      -0.9223282800446626 
1441      -0.9218342714754092 
1442      -0.9215416975167167 
1443      -0.9203803827188529 
1444      -0.9197181400470471 
1445      -0.918044346312057  
1446      -0.9179677055482056 
1447      -0.9171671381935441 
1448      -0.9165872626449862 
1449      -0.9146095476194663 
1450      -0.9126418887797956 
1451      -0.9115662525960119 
1452      -0.9110608823579026 
1453      -0.9109600940382566 
1454      -0.9104461437403512 
1455      -0.9046350813342441 
1456      -0.8999487616682375 
1457      -0.8993044361199616 
1458      -0.8974836617861873 
1459      -0.897055425055133  
1460      -0.8965083532320596 
1461      -0.8954484406204467 
1462      -0.894828506635046  
1463      -0.894314808832138  
1464      -0.8895487563645798 
1465      -0.8894476644881518 
1466      -0.8883344779002087 
1467      -0.8883045012129882 
1468      -0.8879036381414387 
1469      -0.8868279028945608 
1470      -0.8858541062891143 
1471      -0.8852609014431598 
1472      -0.8842415043804907 
1473      -0.883646417015248  
1474      -0.8835480680315679 
1475      -0.8828289445804183 
1476      -0.8826313057345049 
1477      -0.8820026542722862 
1478      -0.8819523601388239 
1479      -0.8803361890883556 
1480      -0.8767444526831248 
1481      -0.8766884357034158 
1482      -0.8759293954807372 
1483      -0.8741483091271582 
1484      -0.8732751230741626 
1485      -0.8731175363557517 
1486      -0.8718042359745205 
1487      -0.8713246955185877 
1488      -0.8710412524775876 
1489      -0.8705928475439084 
1490      -0.8690878936663513 
1491      -0.8669326329868065 
1492      -0.8661835415767614 
1493      -0.8657082645541664 
1494      -0.8651254893446968 
1495      -0.864865018762915  
1496      -0.8645530491298227 
1497      -0.8637841074324697 
1498      -0.861648189469609  
1499      -0.8588045880252644 
1500      -0.8586425991762213 
1501      -0.8551609376864151 
1502      -0.8537476794303168 
1503      -0.8524565176160275 
1504      -0.8523686259242278 
1505      -0.852049527260912  
1506      -0.851428551203769  
1507      -0.849940572821148  
1508      -0.84943138121573   
1509      -0.8489167942826069 
1510      -0.8461247460079593 
1511      -0.8454975521834963 
1512      -0.8445007170719779 
1513      -0.84136995523068   
1514      -0.8402926727625422 
1515      -0.8359731663219104 
1516      -0.8358014334279508 
1517      -0.8356470174904218 
1518      -0.8355137469091088 
1519      -0.83521507343766   
1520      -0.8348865156844965 
1521      -0.8336886300408379 
1522      -0.8332178737873248 
1523      -0.8328815485595229 
1524      -0.8327781617424536 
1525      -0.8326847030526392 
1526      -0.8324513689130001 
1527      -0.8313580386855147 
1528      -0.8299345052388856 
1529      -0.8298366715905467 
1530      -0.8283733312465758 
1531      -0.8276496686286977 
1532      -0.8245155104012422 
1533      -0.824085732009882  
1534      -0.8237963982390827 
1535      -0.8228943912395694 
1536      -0.8220271645276095 
1537      -0.8217464388655964 
1538      -0.8203678660492991 
1539      -0.8191484166034765 
1540      -0.818162572035126  
1541      -0.8176160619404187 
1542      -0.8171686715949578 
1543      -0.816740854287773  
1544      -0.8156941071077393 
1545      -0.8153706637276458 
1546      -0.8152943012365822 
1547      -0.8132400313418637 
1548      -0.8130406250440664 
1549      -0.8124172161234463 
1550      -0.8091078159328705 
1551      -0.809105320103575  
1552      -0.8087059668704495 
1553      -0.8074157180974566 
1554      -0.807122976100438  
1555      -0.8070024312795469 
1556      -0.8067245026860754 
1557      -0.8064528276465961 
1558      -0.8056655500236471 
1559      -0.8049023255650277 
1560      -0.8041301758665982 
1561      -0.8016454813007684 
1562      -0.8005393079359102 
1563      -0.7993792025464814 
1564      -0.7984238008258625 
1565      -0.7981582921525612 
1566      -0.7967492949358735 
1567      -0.7962171928872727 
1568      -0.7962070932398914 
1569      -0.79611589892872   
1570      -0.7960973648858582 
1571      -0.7945005525977104 
1572      -0.7913189354736097 
1573      -0.790919234352932  
1574      -0.7893570238782494 
1575      -0.7867238459563246 
1576      -0.7850392947091502 
1577      -0.7850168060301891 
1578      -0.7826369325843159 
1579      -0.7824118938415606 
1580      -0.7823194232502997 
1581      -0.7820057772338703 
1582      -0.7817416726182196 
1583      -0.7813395590756747 
1584      -0.7812578471093349 
1585      -0.7795656433591734 
1586      -0.7765519467309323 
1587      -0.7764772068348861 
1588      -0.7764032304904636 
1589      -0.7761719885760073 
1590      -0.7750227286446609 
1591      -0.7745937882268744 
1592      -0.7745106332000343 
1593      -0.773664077032607  
1594      -0.7735984556317196 
1595      -0.7730144504558919 
1596      -0.7730003380842196 
1597      -0.771754540667387  
1598      -0.7715826250429567 
1599      -0.769443767434421  
1600      -0.7694186865337238 
1601      -0.7655496433409499 
1602      -0.7639920152185404 
1603      -0.7589545751611964 
1604      -0.7588249152746029 
1605      -0.7552451173514421 
1606      -0.7552431437971412 
1607      -0.7523387708372629 
1608      -0.7503330748865555 
1609      -0.7482343789814749 
1610      -0.7481695799383278 
1611      -0.7453524126548781 
1612      -0.7448762401686289 
1613      -0.744600145957416  
1614      -0.7412618925511186 
1615      -0.7412071223209991 
1616      -0.7395933620028865 
1617      -0.73902280220563   
1618      -0.7388973488102716 
1619      -0.738873093528786  
1620      -0.7386786399747245 
1621      -0.7376448419415181 
1622      -0.7369424108123542 
1623      -0.7369182582716624 
1624      -0.734007544692981  
1625      -0.733902678912295  
1626      -0.733902267857585  
1627      -0.7335104270720003 
1628      -0.7320453921797964 
1629      -0.7314216517270916 
1630      -0.7314067896052499 
1631      -0.7313284391422996 
1632      -0.7300849595572151 
1633      -0.7261084538253504 
1634      -0.7241677265020869 
1635      -0.7230884719425233 
1636      -0.7207026807627464 
1637      -0.7199901134466867 
1638      -0.7157255852509645 
1639      -0.7114705025604312 
1640      -0.7111358491372002 
1641      -0.7108875782939422 
1642      -0.7100576578127333 
1643      -0.7036341180389687 
1644      -0.7023918662552089 
1645      -0.7013891912808051 
1646      -0.701045922446294  
1647      -0.6987333749703057 
1648      -0.6985784202147618 
1649      -0.6970085296047218 
1650      -0.6970047802791344 
1651      -0.695850730852414  
1652      -0.6930224008527284 
1653      -0.6911651526143082 
1654      -0.6908884170228184 
1655      -0.6888477309468369 
1656      -0.6882898595089771 
1657      -0.6868480266710123 
1658      -0.6857549941111323 
1659      -0.6851993443857886 
1660      -0.6851879061292809 
1661      -0.6818722039504338 
1662      -0.6817769659081063 
1663      -0.6797402031176617 
1664      -0.6794036481158543 
1665      -0.67765719678814   
1666      -0.6747854018625778 
1667      -0.6733042863166401 
1668      -0.6723844586284687 
1669      -0.6672515620820136 
1670      -0.6667722789553326 
1671      -0.6664297217770102 
1672      -0.6614448205096092 
1673      -0.6613479712545787 
1674      -0.6610000709288891 
1675      -0.6561925519474473 
1676      -0.655807075321322  
1677      -0.6517072973972589 
1678      -0.6499085513631162 
1679      -0.6498807766331467 
1680      -0.6472674173764416 
1681      -0.6470703089565759 
1682      -0.6463863285607848 
1683      -0.6439118121238869 
1684      -0.6430940978949073 
1685      -0.6424141404686202 
1686      -0.6418750531044445 
1687      -0.6382336159700808 
1688      -0.637082045482272  
1689      -0.6321516451431176 
1690      -0.6314038025925406 
1691      -0.6298331018132247 
1692      -0.6294448361874059 
1693      -0.629066889323118  
1694      -0.6249274136269971 
1695      -0.6202844878682107 
1696      -0.6181844005080486 
1697      -0.6136854376735847 
1698      -0.613116269812463  
1699      -0.6123045324827362 
1700      -0.6120326675572733 
1701      -0.6101184987802092 
1702      -0.6091969498940942 
1703      -0.6080922389998508 
1704      -0.6058107168830451 
1705      -0.6057019124670748 
1706      -0.604127731249971  
1707      -0.6001171898716585 
1708      -0.5986878212020749 
1709      -0.5960179647661227 
1710      -0.5956724051881838 
1711      -0.5922912069919503 
1712      -0.5864904195473893 
1713      -0.5810225002110211 
1714      -0.5797548322027816 
1715      -0.5786941441618206 
1716      -0.5782003049547543 
1717      -0.5766032926416534 
1718      -0.5758193804672024 
1719      -0.5732135142773271 
1720      -0.5728127979520903 
1721      -0.5727296254030815 
1722      -0.5658356603516393 
1723      -0.5656217140282623 
1724      -0.5637176827833645 
1725      -0.5632982519242173 
1726      -0.5625286291581116 
1727      -0.5552019143445189 
1728      -0.5510626270653726 
1729      -0.5508662061393457 
1730      -0.5496473280273334 
1731      -0.5481776965368655 
1732      -0.5481664149642282 
1733      -0.547136548683314  
1734      -0.5465341383429575 
1735      -0.5412269641472879 
1736      -0.5386447115277804 
1737      -0.5370992322674967 
1738      -0.5356511887472188 
1739      -0.5334781149192354 
1740      -0.5316315632198672 
1741      -0.5298668239788815 
1742      -0.5295056002069652 
1743      -0.5288215817207409 
1744      -0.5285006935417822 
1745      -0.5241215335678755 
1746      -0.5240084156493433 
1747      -0.5213384775799648 
1748      -0.5193746085394779 
1749      -0.5185753388015772 
1750      -0.5163171379683286 
1751      -0.5153899330416376 
1752      -0.5139688537094397 
1753      -0.5110194224374666 
1754      -0.5098758030492392 
1755      -0.5043847788211163 
1756      -0.5016348830231019 
1757      -0.49480610371020434
1758      -0.4928825804221003 
1759      -0.48794946058133704
1760      -0.48694359597483494
1761      -0.4816926356474942 
1762      -0.48043865673698805
1763      -0.47349580115627854
1764      -0.47141392014992656
1765      -0.46177421763659915
1766      -0.45913155113893384
1767      -0.44721950672931454
1768      -0.44384836784715515
1769      -0.43130755586486613
1770      -0.4271526866224861 
1771      -0.41385494350548346
1772      -0.40884014745559943
1773      -0.3958029393884294 
1774      -0.3900186152422668 
1775      -0.3762834763197514 
1776      -0.3697593457102873 
1777      -0.35691287058873367
1778      -0.34990553512193706
1779      -0.3359828082539054 
1780      -0.3285626789358397 
1781      -0.31621473482542295
1782      -0.30874932361965535
1783      -0.29464393386186566
1784      -0.2872324926133325 
1785      -0.2756185497021576 
1786      -0.26869566641495135
1787      -0.25450502203703923
1788      -0.24822935333576876
1789      -0.23780361330097788
1790      -0.23255562291725942
1791      -0.21895723385588736
1792      -0.21495665886150878
1793      -0.2068498200391618 
1794      -0.2041354041776363 
1795      -0.19319337440123796
1796      -0.1918867705490669 
1797      -0.1882070528917875 
1798      -0.18766109193453098
1799      -9.598171343443686e-10
1800      9.598173154626614e-10
1801      0.18766109193453098 
1802      0.18820705289178746 
1803      0.19188677054906697 
1804      0.19319337440123813 
1805      0.20413540417763612 
1806      0.2068498200391619  
1807      0.21495665886150886 
1808      0.21895723385588742 
1809      0.2325556229172594  
1810      0.23780361330097788 
1811      0.24822935333576857 
1812      0.2545050220370391  
1813      0.26869566641495113 
1814      0.2756185497021576  
1815      0.2872324926133326  
1816      0.29464393386186577 
1817      0.3087493236196555  
1818      0.3162147348254233  
1819      0.3285626789358397  
1820      0.3359828082539056  
1821      0.34990553512193706 
1822      0.35691287058873356 
1823      0.36975934571028735 
1824      0.37628347631975134 
1825      0.3900186152422669  
1826      0.3958029393884295  
1827      0.4088401474555998  
1828      0.41385494350548374 
1829      0.42715268662248623 
1830      0.4313075558648664  
1831      0.4438483678471553  
1832      0.4472195067293148  
1833      0.45913155113893434 
1834      0.4617742176365995  
1835      0.4714139201499264  
1836      0.47349580115627843 
1837      0.48043865673698805 
1838      0.4816926356474944  
1839      0.48694359597483444 
1840      0.4879494605813372  
1841      0.4928825804221003  
1842      0.4948061037102042  
1843      0.5016348830231017  
1844      0.5043847788211163  
1845      0.509875803049239   
1846      0.5110194224374666  
1847      0.5139688537094397  
1848      0.5153899330416376  
1849      0.5163171379683287  
1850      0.5185753388015771  
1851      0.5193746085394781  
1852      0.5213384775799645  
1853      0.5240084156493432  
1854      0.5241215335678756  
1855      0.5285006935417821  
1856      0.5288215817207405  
1857      0.529505600206965   
1858      0.5298668239788805  
1859      0.5316315632198669  
1860      0.5334781149192354  
1861      0.5356511887472187  
1862      0.5370992322674966  
1863      0.5386447115277803  
1864      0.5412269641472879  
1865      0.5465341383429575  
1866      0.5471365486833141  
1867      0.548166414964228   
1868      0.5481776965368658  
1869      0.5496473280273334  
1870      0.5508662061393458  
1871      0.5510626270653723  
1872      0.5552019143445188  
1873      0.5625286291581112  
1874      0.5632982519242175  
1875      0.5637176827833645  
1876      0.5656217140282624  
1877      0.5658356603516396  
1878      0.5727296254030814  
1879      0.5728127979520907  
1880      0.573213514277327   
1881      0.5758193804672022  
1882      0.5766032926416533  
1883      0.5782003049547539  
1884      0.5786941441618204  
1885      0.5797548322027815  
1886      0.5810225002110206  
1887      0.5864904195473891  
1888      0.5922912069919503  
1889      0.5956724051881838  
1890      0.5960179647661227  
1891      0.598687821202075   
1892      0.6001171898716585  
1893      0.6041277312499707  
1894      0.6057019124670749  
1895      0.6058107168830446  
1896      0.6080922389998507  
1897      0.6091969498940945  
1898      0.6101184987802093  
1899      0.6120326675572736  
1900      0.6123045324827364  
1901      0.6131162698124633  
1902      0.613685437673585   
1903      0.6181844005080483  
1904      0.6202844878682107  
1905      0.624927413626997   
1906      0.6290668893231179  
1907      0.629444836187406   
1908      0.6298331018132248  
1909      0.6314038025925406  
1910      0.6321516451431177  
1911      0.6370820454822712  
1912      0.6382336159700808  
1913      0.6418750531044444  
1914      0.64241414046862    
1915      0.6430940978949073  
1916      0.6439118121238869  
1917      0.6463863285607846  
1918      0.647070308956576   
1919      0.6472674173764416  
1920      0.6498807766331467  
1921      0.649908551363116   
1922      0.6517072973972589  
1923      0.655807075321322   
1924      0.6561925519474475  
1925      0.6610000709288891  
1926      0.6613479712545786  
1927      0.6614448205096091  
1928      0.6664297217770104  
1929      0.6667722789553325  
1930      0.6672515620820136  
1931      0.6723844586284689  
1932      0.6733042863166401  
1933      0.6747854018625781  
1934      0.6776571967881401  
1935      0.6794036481158544  
1936      0.6797402031176617  
1937      0.6817769659081064  
1938      0.6818722039504338  
1939      0.6851879061292803  
1940      0.6851993443857886  
1941      0.685754994111132   
1942      0.6868480266710123  
1943      0.688289859508977   
1944      0.6888477309468369  
1945      0.6908884170228182  
1946      0.6911651526143082  
1947      0.6930224008527285  
1948      0.6958507308524141  
1949      0.6970047802791346  
1950      0.6970085296047217  
1951      0.698578420214762   
1952      0.6987333749703059  
1953      0.7010459224462939  
1954      0.7013891912808051  
1955      0.702391866255209   
1956      0.7036341180389687  
1957      0.7100576578127332  
1958      0.7108875782939422  
1959      0.7111358491372005  
1960      0.7114705025604312  
1961      0.7157255852509646  
1962      0.7199901134466867  
1963      0.7207026807627464  
1964      0.7230884719425233  
1965      0.7241677265020868  
1966      0.7261084538253504  
1967      0.730084959557215   
1968      0.7313284391422997  
1969      0.7314067896052496  
1970      0.7314216517270917  
1971      0.7320453921797967  
1972      0.733510427072      
1973      0.733902267857585   
1974      0.733902678912295   
1975      0.734007544692981   
1976      0.7369182582716625  
1977      0.7369424108123541  
1978      0.7376448419415179  
1979      0.7386786399747248  
1980      0.7388730935287859  
1981      0.7388973488102718  
1982      0.7390228022056303  
1983      0.7395933620028865  
1984      0.7412071223209993  
1985      0.7412618925511184  
1986      0.7446001459574162  
1987      0.7448762401686289  
1988      0.7453524126548785  
1989      0.748169579938328   
1990      0.7482343789814749  
1991      0.7503330748865551  
1992      0.7523387708372631  
1993      0.7552431437971411  
1994      0.7552451173514423  
1995      0.7588249152746026  
1996      0.7589545751611964  
1997      0.7639920152185407  
1998      0.7655496433409501  
1999      0.7694186865337241  
2000      0.7694437674344214  
2001      0.7715826250429567  
2002      0.7717545406673865  
2003      0.7730003380842192  
2004      0.7730144504558918  
2005      0.7735984556317196  
2006      0.7736640770326065  
2007      0.774510633200034   
2008      0.7745937882268742  
2009      0.775022728644661   
2010      0.7761719885760074  
2011      0.7764032304904638  
2012      0.7764772068348861  
2013      0.7765519467309322  
2014      0.7795656433591733  
2015      0.7812578471093351  
2016      0.781339559075674   
2017      0.7817416726182195  
2018      0.7820057772338701  
2019      0.7823194232503002  
2020      0.7824118938415606  
2021      0.7826369325843155  
2022      0.7850168060301886  
2023      0.7850392947091501  
2024      0.7867238459563247  
2025      0.7893570238782494  
2026      0.790919234352932   
2027      0.7913189354736098  
2028      0.7945005525977101  
2029      0.7960973648858586  
2030      0.7961158989287201  
2031      0.7962070932398916  
2032      0.7962171928872727  
2033      0.7967492949358738  
2034      0.7981582921525608  
2035      0.7984238008258626  
2036      0.7993792025464813  
2037      0.8005393079359104  
2038      0.8016454813007684  
2039      0.8041301758665982  
2040      0.8049023255650274  
2041      0.8056655500236471  
2042      0.8064528276465962  
2043      0.8067245026860757  
2044      0.8070024312795467  
2045      0.807122976100438   
2046      0.8074157180974569  
2047      0.8087059668704495  
2048      0.8091053201035746  
2049      0.8091078159328705  
2050      0.8124172161234463  
2051      0.8130406250440662  
2052      0.8132400313418638  
2053      0.8152943012365822  
2054      0.8153706637276458  
2055      0.8156941071077389  
2056      0.8167408542877732  
2057      0.8171686715949575  
2058      0.8176160619404184  
2059      0.8181625720351259  
2060      0.8191484166034759  
2061      0.820367866049299   
2062      0.8217464388655962  
2063      0.8220271645276093  
2064      0.8228943912395696  
2065      0.8237963982390822  
2066      0.8240857320098819  
2067      0.824515510401242   
2068      0.8276496686286976  
2069      0.8283733312465758  
2070      0.8298366715905467  
2071      0.8299345052388855  
2072      0.8313580386855148  
2073      0.8324513689130004  
2074      0.8326847030526393  
2075      0.8327781617424539  
2076      0.8328815485595228  
2077      0.833217873787325   
2078      0.833688630040838   
2079      0.8348865156844963  
2080      0.8352150734376602  
2081      0.835513746909109   
2082      0.835647017490422   
2083      0.8358014334279508  
2084      0.8359731663219103  
2085      0.840292672762542   
2086      0.8413699552306797  
2087      0.8445007170719779  
2088      0.845497552183496   
2089      0.8461247460079593  
2090      0.8489167942826068  
2091      0.84943138121573    
2092      0.849940572821148   
2093      0.8514285512037689  
2094      0.8520495272609118  
2095      0.8523686259242276  
2096      0.8524565176160275  
2097      0.8537476794303166  
2098      0.8551609376864149  
2099      0.8586425991762215  
2100      0.8588045880252644  
2101      0.861648189469609   
2102      0.8637841074324697  
2103      0.864553049129823   
2104      0.8648650187629148  
2105      0.8651254893446969  
2106      0.8657082645541665  
2107      0.866183541576761   
2108      0.8669326329868062  
2109      0.8690878936663514  
2110      0.8705928475439083  
2111      0.8710412524775878  
2112      0.8713246955185879  
2113      0.8718042359745205  
2114      0.8731175363557515  
2115      0.8732751230741623  
2116      0.874148309127158   
2117      0.875929395480737   
2118      0.8766884357034159  
2119      0.8767444526831248  
2120      0.8803361890883556  
2121      0.8819523601388245  
2122      0.8820026542722865  
2123      0.882631305734505   
2124      0.8828289445804189  
2125      0.8835480680315677  
2126      0.8836464170152479  
2127      0.8842415043804909  
2128      0.8852609014431598  
2129      0.8858541062891143  
2130      0.8868279028945613  
2131      0.8879036381414389  
2132      0.8883045012129878  
2133      0.8883344779002086  
2134      0.8894476644881516  
2135      0.8895487563645798  
2136      0.894314808832138   
2137      0.8948285066350458  
2138      0.8954484406204467  
2139      0.8965083532320596  
2140      0.8970554250551331  
2141      0.8974836617861872  
2142      0.8993044361199621  
2143      0.8999487616682375  
2144      0.9046350813342441  
2145      0.910446143740351   
2146      0.9109600940382564  
2147      0.9110608823579024  
2148      0.9115662525960121  
2149      0.9126418887797954  
2150      0.9146095476194663  
2151      0.9165872626449864  
2152      0.9171671381935439  
2153      0.9179677055482058  
2154      0.9180443463120568  
2155      0.9197181400470471  
2156      0.9203803827188528  
2157      0.9215416975167167  
2158      0.921834271475409   
2159      0.9223282800446627  
2160      0.9249738414210927  
2161      0.926305699663469   
2162      0.9263569626160341  
2163      0.9268273810971351  
2164      0.9293019231095484  
2165      0.9301567105382954  
2166      0.9303046501609801  
2167      0.9322715826554306  
2168      0.9327565822047059  
2169      0.9330597962646575  
2170      0.9332595257309861  
2171      0.9359883474004267  
2172      0.9372441615565512  
2173      0.9375205028527589  
2174      0.9389250059953358  
2175      0.9395567265647223  
2176      0.9408254824419358  
2177      0.9408394568222517  
2178      0.9409400952705995  
2179      0.9410953281505787  
2180      0.9413688054428031  
2181      0.9417988989547772  
2182      0.9419238827929566  
2183      0.9464424450419704  
2184      0.9468035138516903  
2185      0.9469905773032362  
2186      0.9476546204757401  
2187      0.9510821180177683  
2188      0.9534917780254569  
2189      0.9548511095451526  
2190      0.9571872820219671  
2191      0.9577450219926043  
2192      0.9578290557687402  
2193      0.9583043139291703  
2194      0.9616401447266749  
2195      0.9626902685541349  
2196      0.9629026191913859  
2197      0.9681081751770008  
2198      0.9694779989245933  
2199      0.9698461467918105  
2200      0.971461109342506   
2201      0.9714785227712166  
2202      0.9724162348107508  
2203      0.9725131554192276  
2204      0.9738669651228204  
2205      0.9751974315364456  
2206      0.9753948180110203  
2207      0.9768770230411699  
2208      0.9778788218036266  
2209      0.9796888042263986  
2210      0.982410271674502   
2211      0.9835094251925873  
2212      0.9837398401183316  
2213      0.9865837583406399  
2214      0.9866314001531907  
2215      0.9869778694296082  
2216      0.9870437267019784  
2217      0.9898875093202547  
2218      0.9899550108007101  
2219      0.992048034206969   
2220      0.9926728888389488  
2221      0.9933773384879114  
2222      0.9944174465591837  
2223      0.9944311545695286  
2224      0.9949348761782333  
2225      0.9959193244663487  
2226      0.9971904307445327  
2227      0.9973188228709665  
2228      0.9988306913474146  
2229      0.9998819739147081  
2230      1.0010065858530868  
2231      1.0029670620551303  
2232      1.0036328300504562  
2233      1.003667031950315   
2234      1.0038716662640583  
2235      1.007058216718653   
2236      1.0089275250648615  
2237      1.009276142271403   
2238      1.0108018449104783  
2239      1.0110727553976344  
2240      1.0124220769686274  
2241      1.0141516081631194  
2242      1.0169933558712423  
2243      1.0184470687741385  
2244      1.0232768209598855  
2245      1.023650988720181   
2246      1.0242120148367144  
2247      1.0248076697427455  
2248      1.0265291409104116  
2249      1.0266378434902461  
2250      1.0267516571865647  
2251      1.0268182375079637  
2252      1.0276602172651512  
2253      1.0281592798382082  
2254      1.0293864583940728  
2255      1.0296028651744353  
2256      1.0300001196330433  
2257      1.0333583415234362  
2258      1.0341948232882283  
2259      1.0354358830393964  
2260      1.0376356218941838  
2261      1.037796326969821   
2262      1.0379821171728087  
2263      1.0380361484018206  
2264      1.0401863005963554  
2265      1.0408875926309353  
2266      1.0420761464464532  
2267      1.0453520702646464  
2268      1.0453809510936873  
2269      1.0474804424943598  
2270      1.0481540769332296  
2271      1.0489271600628856  
2272      1.0502348966947546  
2273      1.0503555415257966  
2274      1.0510375799220506  
2275      1.053716482318978   
2276      1.054187298593641   
2277      1.05556128114081    
2278      1.0577418367462734  
2279      1.0586793069181473  
2280      1.0613321649532739  
2281      1.062373836735758   
2282      1.0623842264959387  
2283      1.0625401277218622  
2284      1.063525939131661   
2285      1.0649015758927989  
2286      1.065933743298428   
2287      1.0672045515732427  
2288      1.0681160974456732  
2289      1.068228050507592   
2290      1.0694316480215222  
2291      1.07001593047696    
2292      1.075503678772201   
2293      1.0778484995907855  
2294      1.0780491543442756  
2295      1.0799864495517306  
2296      1.0804572287571277  
2297      1.0815616519981202  
2298      1.0818705844813303  
2299      1.082562839357307   
2300      1.083718913716513   
2301      1.0838340483120035  
2302      1.0844227093581782  
2303      1.0848737299311666  
2304      1.0849838374688716  
2305      1.0860700021533258  
2306      1.0872943087696993  
2307      1.0901315712620148  
2308      1.0905168140990482  
2309      1.091010996623407   
2310      1.0911800453201643  
2311      1.0914591105324998  
2312      1.091545032463442   
2313      1.0945823519627949  
2314      1.094930423126354   
2315      1.0959644115105358  
2316      1.0977887913117566  
2317      1.0979035294835837  
2318      1.0983253127168304  
2319      1.099236950219357   
2320      1.1014488084147696  
2321      1.1029919985360592  
2322      1.1049745164731108  
2323      1.1050670876458597  
2324      1.105336471500612   
2325      1.1055755443941022  
2326      1.1082716296339914  
2327      1.1091567247164011  
2328      1.1097006570761032  
2329      1.1107737845625894  
2330      1.1110359805742733  
2331      1.1113453358868928  
2332      1.1169672520093472  
2333      1.1169985145765555  
2334      1.1181494691184224  
2335      1.1185674245671167  
2336      1.1193471527798438  
2337      1.1205439970165152  
2338      1.1209328203521414  
2339      1.1217138015967996  
2340      1.1219921125292096  
2341      1.1219959485862436  
2342      1.1236600395985623  
2343      1.1253705553776763  
2344      1.126507531222446   
2345      1.1268846184687555  
2346      1.129674340184465   
2347      1.1310106987375845  
2348      1.131104310492681   
2349      1.1369786295267545  
2350      1.1370802029833451  
2351      1.1393211858758772  
2352      1.1414384610696724  
2353      1.1414968071793832  
2354      1.1419086659746531  
2355      1.1419103466049978  
2356      1.1432754299751755  
2357      1.1436264006930839  
2358      1.1439482730683654  
2359      1.1452505365417849  
2360      1.1452893247481863  
2361      1.1460118082153807  
2362      1.1462621150066068  
2363      1.146323334789432   
2364      1.1467828345080417  
2365      1.1470935952140753  
2366      1.148960757532002   
2367      1.1489917765656792  
2368      1.149319866939324   
2369      1.1503251570827082  
2370      1.150496033390664   
2371      1.1511230930740064  
2372      1.1536468819162544  
2373      1.153693229026514   
2374      1.1541569240966922  
2375      1.1562210821965244  
2376      1.1571623106790119  
2377      1.157437997683201   
2378      1.1591361297205385  
2379      1.1624906565433284  
2380      1.1625031055554336  
2381      1.1659175604802685  
2382      1.1665684871498452  
2383      1.1669905475471736  
2384      1.1672569176228147  
2385      1.1681655339368364  
2386      1.1682790638996907  
2387      1.169179682202786   
2388      1.1709218764661802  
2389      1.171468572735457   
2390      1.1719847597983513  
2391      1.1758496508330587  
2392      1.1758586328578493  
2393      1.1766279538795568  
2394      1.1768823210650827  
2395      1.176955697722772   
2396      1.1770892349218616  
2397      1.1783301200532217  
2398      1.1821596562941545  
2399      1.1822647120584249  
2400      1.1822970074058206  
2401      1.1840733611586072  
2402      1.1865102695549072  
2403      1.1866159775500955  
2404      1.1878416500674107  
2405      1.1879445700648283  
2406      1.1880949212283445  
2407      1.1882474762016677  
2408      1.1891060451395439  
2409      1.1894684578296122  
2410      1.1896661737608     
2411      1.1905590277849163  
2412      1.1906368536307443  
2413      1.1910648404822033  
2414      1.1916148530829456  
2415      1.1917934409887976  
2416      1.193802979896953   
2417      1.1938246408940667  
2418      1.1938310761541395  
2419      1.1940931719267576  
2420      1.1955179798584512  
2421      1.196624713089065   
2422      1.1969998333816025  
2423      1.197146602279662   
2424      1.197381655652137   
2425      1.1976248993568737  
2426      1.199779173381137   
2427      1.19978570611545    
2428      1.2010133275833375  
2429      1.2010565505442572  
2430      1.202238427118391   
2431      1.202661909199134   
2432      1.203516113364367   
2433      1.2037475011465641  
2434      1.2040364898410971  
2435      1.2051534747036612  
2436      1.2071667791862182  
2437      1.2091511274132969  
2438      1.209190554931924   
2439      1.2094714144714653  
2440      1.2097068004714335  
2441      1.2101690446125444  
2442      1.2105284852887916  
2443      1.2110115833259627  
2444      1.2119218213876748  
2445      1.2136943736341455  
2446      1.2141267438099224  
2447      1.2157364665076045  
2448      1.2160514566237868  
2449      1.2173091993282592  
2450      1.2177797588614272  
2451      1.2189808986452004  
2452      1.2214606101532677  
2453      1.2223904515421855  
2454      1.2225039298703697  
2455      1.2231553919820717  
2456      1.2244109337156535  
2457      1.2256728742528031  
2458      1.2279950688962944  
2459      1.228427879828697   
2460      1.2286422963196073  
2461      1.2289220684377862  
2462      1.229875324436567   
2463      1.230902791110285   
2464      1.232471730973604   
2465      1.2335955808751062  
2466      1.2347400270616928  
2467      1.2347974664198411  
2468      1.2349703231706317  
2469      1.2353743447793435  
2470      1.2372508281626486  
2471      1.2372752432186567  
2472      1.2378234349077764  
2473      1.2385733738263534  
2474      1.2406037889847052  
2475      1.2422341452643841  
2476      1.2426610525959405  
2477      1.2433551307068047  
2478      1.2433741323329146  
2479      1.2438181237788342  
2480      1.2440310754175146  
2481      1.244997773133237   
2482      1.245312164724107   
2483      1.2469416682165244  
2484      1.2484251610774533  
2485      1.250731939088768   
2486      1.250916447463043   
2487      1.251676008424318   
2488      1.2519464347692324  
2489      1.2522886452079067  
2490      1.2532536753464987  
2491      1.254464677239481   
2492      1.2550250151240148  
2493      1.2552686306401553  
2494      1.2568722081346537  
2495      1.2590011996828137  
2496      1.2590024525941053  
2497      1.2590888471484358  
2498      1.259822568057748   
2499      1.2601193266752926  
2500      1.2608338566677397  
2501      1.2612717108128697  
2502      1.2612811658176364  
2503      1.2636479790682669  
2504      1.2655631916697045  
2505      1.2657790346126874  
2506      1.2662617035257604  
2507      1.2673715331233206  
2508      1.2679064150359098  
2509      1.2693012739718432  
2510      1.270362712221496   
2511      1.2713784060205786  
2512      1.2718735835805863  
2513      1.2720726016093042  
2514      1.2737232753838468  
2515      1.2750102209828633  
2516      1.276994119697528   
2517      1.2781105015499195  
2518      1.2791080449694299  
2519      1.279765750904588   
2520      1.2812249222957723  
2521      1.2815635231154483  
2522      1.2841330163906706  
2523      1.2841908199096013  
2524      1.2848038363647256  
2525      1.2880935386760473  
2526      1.2882122404074519  
2527      1.2903603430862822  
2528      1.2910057841012443  
2529      1.2911221709752942  
2530      1.2913228685715696  
2531      1.2917535260210347  
2532      1.2924491855485458  
2533      1.2941970736515884  
2534      1.295069358732631   
2535      1.2957830908497567  
2536      1.295889955699917   
2537      1.298556685018721   
2538      1.299714473939455   
2539      1.3001574355629222  
2540      1.3034616987535672  
2541      1.3038329025658086  
2542      1.303877936828708   
2543      1.304219078568221   
2544      1.3042520859615967  
2545      1.3085103032107264  
2546      1.3087190256995866  
2547      1.3090873275170822  
2548      1.3094358103404775  
2549      1.3109644770571383  
2550      1.3116533077448929  
2551      1.3139196485276288  
2552      1.314649878790606   
2553      1.3164583428386505  
2554      1.3174767811957098  
2555      1.3177301641459653  
2556      1.318801777882545   
2557      1.3190311663295935  
2558      1.320645691136284   
2559      1.3216760099048055  
2560      1.321677543491526   
2561      1.3217467241719463  
2562      1.3221229357609847  
2563      1.3225290989585015  
2564      1.3232113837443888  
2565      1.3232245450296796  
2566      1.3248540314840969  
2567      1.3265004926202153  
2568      1.33020386177324    
2569      1.3307349100521209  
2570      1.3325094485273647  
2571      1.3338538834895524  
2572      1.3338729719791629  
2573      1.3342768150993018  
2574      1.337678357897634   
2575      1.3396276622972088  
2576      1.3402059002087838  
2577      1.3412433286437473  
2578      1.3434397110853287  
2579      1.3434916566683655  
2580      1.3463394701812235  
2581      1.3471866730157194  
2582      1.3474160329607676  
2583      1.348060384980231   
2584      1.3501124488404417  
2585      1.3518806347992778  
2586      1.3520577370560527  
2587      1.3522276484898437  
2588      1.3551609036989551  
2589      1.358331707391561   
2590      1.35891174575224    
2591      1.3589432370013363  
2592      1.3591340958484486  
2593      1.3595700399276252  
2594      1.3596300314071394  
2595      1.3601198096993687  
2596      1.3604311708984855  
2597      1.3613303731797057  
2598      1.362336843092917   
2599      1.3654789215559555  
2600      1.365599977101786   
2601      1.3667215322615212  
2602      1.3690319577326777  
2603      1.3690351813497956  
2604      1.3701875386557691  
2605      1.3702389977018778  
2606      1.3707979084088218  
2607      1.3728744950980074  
2608      1.3737242080175314  
2609      1.3742671983679586  
2610      1.3754113055967667  
2611      1.3769002484314186  
2612      1.3778975652665024  
2613      1.3780849063227916  
2614      1.3797220103547359  
2615      1.3797596858056977  
2616      1.383472540611245   
2617      1.3836908122475873  
2618      1.3848152222139705  
2619      1.3849606156938592  
2620      1.3849998440599633  
2621      1.3858201154511327  
2622      1.386255166697754   
2623      1.389508675664944   
2624      1.3906377116559425  
2625      1.3910823928032965  
2626      1.3949156307855641  
2627      1.3965515153412016  
2628      1.398450926812549   
2629      1.3988592055012932  
2630      1.4002274922531455  
2631      1.4027016824557168  
2632      1.4053339667974858  
2633      1.4055004250616314  
2634      1.4063743282197922  
2635      1.4065018568746643  
2636      1.4084636453615107  
2637      1.4086613635208869  
2638      1.4090441414399524  
2639      1.4093366298214758  
2640      1.4113288661124712  
2641      1.412052543593645   
2642      1.4136437539330533  
2643      1.4153910775990188  
2644      1.4167848497985842  
2645      1.416977712525202   
2646      1.4199199654176964  
2647      1.420607642323409   
2648      1.4223860269080137  
2649      1.4227615772647355  
2650      1.422867856997488   
2651      1.4248026151877404  
2652      1.425376713795656   
2653      1.4265622258961823  
2654      1.4267332661514969  
2655      1.4272531132826005  
2656      1.4279381700686382  
2657      1.4327054815552265  
2658      1.4340929600848646  
2659      1.4346482333967305  
2660      1.435274384263119   
2661      1.4354481847439402  
2662      1.435960598647833   
2663      1.438664054821011   
2664      1.4388998939127584  
2665      1.4406715261242178  
2666      1.4411550002899978  
2667      1.444157532501585   
2668      1.4447999859233505  
2669      1.4455777066101558  
2670      1.4457871027318694  
2671      1.4459843976827167  
2672      1.4473606846581868  
2673      1.4527306162080507  
2674      1.4532280429461593  
2675      1.453402342395546   
2676      1.4538941903842242  
2677      1.4539450392684719  
2678      1.4571606593921678  
2679      1.4573246816486813  
2680      1.458216096423167   
2681      1.4645689135704383  
2682      1.465423004378149   
2683      1.465540539004779   
2684      1.4660350640164739  
2685      1.4683447890557562  
2686      1.4689684571455328  
2687      1.4691560435021669  
2688      1.4723429581376273  
2689      1.473082798683669   
2690      1.473737683338923   
2691      1.4738141465706767  
2692      1.4739669561287185  
2693      1.4770257290386815  
2694      1.4786060026552128  
2695      1.4786209188157342  
2696      1.4799403869357677  
2697      1.4806281295335761  
2698      1.480661681511772   
2699      1.4831181136646625  
2700      1.4841746196875465  
2701      1.4852527871527665  
2702      1.4863976385534923  
2703      1.486756058011536   
2704      1.4880521025178277  
2705      1.4881551551826506  
2706      1.4886954235151988  
2707      1.4889552373249335  
2708      1.491670358453832   
2709      1.4933963739887948  
2710      1.4938318388468408  
2711      1.4947124660404252  
2712      1.4969002725528868  
2713      1.497512912324335   
2714      1.4976471624838317  
2715      1.4977719130916212  
2716      1.502999664051004   
2717      1.5031036242036058  
2718      1.5035052218787266  
2719      1.5036126460947656  
2720      1.508077688898242   
2721      1.5081508358933544  
2722      1.5109557308062016  
2723      1.511862177536195   
2724      1.5131658813296893  
2725      1.5146444454606778  
2726      1.5167367819911415  
2727      1.5183448865599165  
2728      1.5212995354000995  
2729      1.5215577037592318  
2730      1.5217412547570865  
2731      1.522995468709419   
2732      1.5233108317197706  
2733      1.524787468372752   
2734      1.5248583974959602  
2735      1.5266786814760942  
2736      1.5293566442385538  
2737      1.52956175697178    
2738      1.5314717978913959  
2739      1.5320858902770644  
2740      1.5342730199259886  
2741      1.5369054835688787  
2742      1.5416816108713696  
2743      1.541694235282766   
2744      1.5434498903070955  
2745      1.5436810180945542  
2746      1.546470248249252   
2747      1.5478359311135947  
2748      1.5480644408991504  
2749      1.5482174530572546  
2750      1.5484986191446553  
2751      1.5486211312002525  
2752      1.548632537261092   
2753      1.5510047475016735  
2754      1.5555528866512494  
2755      1.5571300238444126  
2756      1.5608058679916352  
2757      1.561108162453897   
2758      1.5622228899855093  
2759      1.562460552886087   
2760      1.5628547193428133  
2761      1.5637209718819167  
2762      1.564787099139381   
2763      1.5648013105928769  
2764      1.5654611532381568  
2765      1.5658137300623456  
2766      1.5705828294001472  
2767      1.5706136019675345  
2768      1.5713042482612312  
2769      1.5716253910999531  
2770      1.5724426745700757  
2771      1.5724476816530597  
2772      1.572636441381272   
2773      1.5741589533482083  
2774      1.5742540072202609  
2775      1.5754814706955287  
2776      1.5762688842103096  
2777      1.57966542792654    
2778      1.581238058534095   
2779      1.5838421556611875  
2780      1.5844062857336796  
2781      1.5846762464930824  
2782      1.584716540330478   
2783      1.5851204939683452  
2784      1.5910853512821268  
2785      1.5926132369742778  
2786      1.5932295745573921  
2787      1.5953831814026902  
2788      1.6011794585807118  
2789      1.6012486147519802  
2790      1.6039950389588844  
2791      1.6043622712569567  
2792      1.6051509116024534  
2793      1.6054755966576868  
2794      1.6060660666268378  
2795      1.6068227238439783  
2796      1.607458147176175   
2797      1.6081839818911499  
2798      1.6085955709562134  
2799      1.608867108526353   
2800      1.609859873749961   
2801      1.6103331584614284  
2802      1.6166678039570974  
2803      1.6187311299531038  
2804      1.6201677493902078  
2805      1.6206992704955305  
2806      1.6213452918047317  
2807      1.6233185753022623  
2808      1.624269590305732   
2809      1.6261138034827662  
2810      1.6272443597824615  
2811      1.6295977457074848  
2812      1.6317889674059691  
2813      1.6326836147693855  
2814      1.6329027645119103  
2815      1.6332379603020435  
2816      1.6341041873842002  
2817      1.6348513655240673  
2818      1.6353486300586815  
2819      1.6355924412348253  
2820      1.6431874848909116  
2821      1.6442897208202363  
2822      1.648310132613941   
2823      1.6483448405027656  
2824      1.6497176292139564  
2825      1.6499044303074732  
2826      1.652415014383068   
2827      1.6528595872898226  
2828      1.653421068372772   
2829      1.6558173907055564  
2830      1.6560463252829412  
2831      1.6563762148060461  
2832      1.6609940664889995  
2833      1.6611083473374342  
2834      1.6646607550908283  
2835      1.6650861369035885  
2836      1.6668105982199302  
2837      1.667100912118081   
2838      1.6687228529284124  
2839      1.6687263693382737  
2840      1.6705701210162047  
2841      1.670711287317005   
2842      1.671588180483871   
2843      1.672466538668193   
2844      1.6725787797708533  
2845      1.6739298073661624  
2846      1.674316881342785   
2847      1.6770284185922533  
2848      1.6776709043189655  
2849      1.6784246861986931  
2850      1.6790852695576282  
2851      1.6812463542183171  
2852      1.6815899169432449  
2853      1.6816612023883974  
2854      1.6860785079461138  
2855      1.6862015806081814  
2856      1.6872783522544588  
2857      1.6873571886685552  
2858      1.6915292361303618  
2859      1.6920548427141027  
2860      1.6954271288615477  
2861      1.6954927323205653  
2862      1.6955121680983065  
2863      1.6957351021210119  
2864      1.6975673101839748  
2865      1.6990242390123256  
2866      1.707773572665415   
2867      1.7078182252114127  
2868      1.7082843353233297  
2869      1.7092189159586821  
2870      1.7143148472395326  
2871      1.7151559195099708  
2872      1.7166933869011785  
2873      1.7167866754241996  
2874      1.7193876061528737  
2875      1.7194588801697388  
2876      1.7196984804415654  
2877      1.7200496864453831  
2878      1.72060869128113    
2879      1.7208132539299983  
2880      1.7215193739439725  
2881      1.7271917993029353  
2882      1.727596521514197   
2883      1.7281266908174557  
2884      1.7282563678229348  
2885      1.7284576244098215  
2886      1.731417516499592   
2887      1.7336917826813203  
2888      1.741836437763059   
2889      1.7418849182098026  
2890      1.7421421683349958  
2891      1.7427093284220616  
2892      1.7446086539420096  
2893      1.7461321131800265  
2894      1.7474429790073505  
2895      1.747702631874467   
2896      1.7510878929505374  
2897      1.7531881535046776  
2898      1.755403991198949   
2899      1.7568498171954996  
2900      1.7579704725947585  
2901      1.758798308914004   
2902      1.7592158297455003  
2903      1.7592317662067085  
2904      1.7603243265407558  
2905      1.7608084208526118  
2906      1.7644418792035257  
2907      1.7651036590455798  
2908      1.7652837545650517  
2909      1.765641708922003   
2910      1.768811465240477   
2911      1.7690178413713538  
2912      1.7695037509620883  
2913      1.7704291494870938  
2914      1.7746560866675742  
2915      1.775472764645639   
2916      1.7760811479945382  
2917      1.776634313985896   
2918      1.777732633931491   
2919      1.777814144092157   
2920      1.778675875384644   
2921      1.7807446050616509  
2922      1.7824447247450557  
2923      1.7826933191544732  
2924      1.7847695650370061  
2925      1.7853197896545525  
2926      1.786139505892311   
2927      1.7861479691013655  
2928      1.790666568115813   
2929      1.7929545964989717  
2930      1.8010511147113373  
2931      1.8010523743548774  
2932      1.8027951243431715  
2933      1.8033555892804696  
2934      1.8042510923423414  
2935      1.8042713881006989  
2936      1.8050748325846364  
2937      1.8062794115967766  
2938      1.8069143172532196  
2939      1.8092581008277742  
2940      1.8151622128090215  
2941      1.8154700424325192  
2942      1.8170600979346105  
2943      1.8185354546953063  
2944      1.8193753710829894  
2945      1.819416255870924   
2946      1.8221077136772204  
2947      1.8227621160205993  
2948      1.823808568021828   
2949      1.8252761461166833  
2950      1.8267507403789425  
2951      1.8317864970826694  
2952      1.8318873956347965  
2953      1.8319971218506312  
2954      1.8322321527283207  
2955      1.83275003283693    
2956      1.8351064467838518  
2957      1.8351853100372537  
2958      1.8362285624468875  
2959      1.8426823901398055  
2960      1.8436927120690192  
2961      1.84405948489421    
2962      1.8488268032773774  
2963      1.8490634556524863  
2964      1.8513934107507128  
2965      1.8529985501864483  
2966      1.8530715838171263  
2967      1.8536186400124917  
2968      1.8541604295736946  
2969      1.854432874953644   
2970      1.8633696628175211  
2971      1.8639906134428064  
2972      1.8653497557165128  
2973      1.8663585644409235  
2974      1.8666551451768365  
2975      1.8678325356491394  
2976      1.8694143360748399  
2977      1.869493402216694   
2978      1.8728658347234248  
2979      1.8729220267605557  
2980      1.873548024157254   
2981      1.8738655557875648  
2982      1.8762004831742634  
2983      1.8762485026587583  
2984      1.8763076139438373  
2985      1.876893557620789   
2986      1.8769559996831937  
2987      1.8769852371907698  
2988      1.8784938041791739  
2989      1.8792384092341885  
2990      1.8843140488637296  
2991      1.8844538092010898  
2992      1.887802803691624   
2993      1.8878243316260455  
2994      1.889831290770343   
2995      1.8904412893879776  
2996      1.8941987190403387  
2997      1.8955143759272377  
2998      1.8955609291149682  
2999      1.8968117175148462  
3000      1.9000279567346139  
3001      1.9000347127364448  
3002      1.9089854311416001  
3003      1.9096910704063592  
3004      1.9114853000368701  
3005      1.9118147922289188  
3006      1.9118372584944685  
3007      1.9149045980168704  
3008      1.9165885702526746  
3009      1.917211416887372   
3010      1.9199065103566164  
3011      1.9200333298237398  
3012      1.9228796643403656  
3013      1.9243184909729334  
3014      1.9251919918352831  
3015      1.9260681315741008  
3016      1.9266327475980858  
3017      1.9320700213841355  
3018      1.9321877449817866  
3019      1.937186012386143   
3020      1.937505982044345   
3021      1.9384164865439464  
3022      1.9403601996864888  
3023      1.9403892870417565  
3024      1.945034328701744   
3025      1.945110556005054   
3026      1.9452062193241413  
3027      1.9456476622081025  
3028      1.9462079458378818  
3029      1.9466022862095944  
3030      1.9469146290106785  
3031      1.9515825472969013  
3032      1.9556905704695235  
3033      1.955725461535042   
3034      1.9571695796044013  
3035      1.9581393088288104  
3036      1.9583548214720785  
3037      1.9609315902503934  
3038      1.9626875764344116  
3039      1.9637000424234912  
3040      1.9670349178279822  
3041      1.9687275093423073  
3042      1.9689711275487451  
3043      1.9701398789365887  
3044      1.970604493820333   
3045      1.9720090198044637  
3046      1.9728257659435033  
3047      1.9735629253141296  
3048      1.9739290027725727  
3049      1.9746196394018927  
3050      1.9759635656915815  
3051      1.9800190783461191  
3052      1.9829444455554004  
3053      1.983639230700542   
3054      1.9854695830236009  
3055      1.9855453469639126  
3056      1.9892842270656952  
3057      1.9909628540985607  
3058      1.9946621303692684  
3059      1.9964596069017708  
3060      1.9990824708500514  
3061      1.9993428480018354  
3062      2.001825501651365   
3063      2.002639262751138   
3064      2.004775643242787   
3065      2.004881961142781   
3066      2.005299371502162   
3067      2.005747479939939   
3068      2.0079675393360987  
3069      2.0095151493154053  
3070      2.009825153814877   
3071      2.010073266476621   
3072      2.0134612546551343  
3073      2.0163633905973626  
3074      2.017529327588763   
3075      2.0176030803474845  
3076      2.0209428203450335  
3077      2.021466444948177   
3078      2.023193937330145   
3079      2.0261790649820997  
3080      2.0309741363525204  
3081      2.034182501010518   
3082      2.034636288136031   
3083      2.0355401819396763  
3084      2.0409592820609084  
3085      2.041347741410664   
3086      2.0418928967296703  
3087      2.0421517499443866  
3088      2.045750679724332   
3089      2.045766334547969   
3090      2.048895073234404   
3091      2.053282796091605   
3092      2.053313501486256   
3093      2.0545632331447634  
3094      2.056396357074775   
3095      2.0566573199039486  
3096      2.0571352595650683  
3097      2.0575296379156356  
3098      2.0591847875368936  
3099      2.0592446754472995  
3100      2.0601825392913438  
3101      2.0624271728055548  
3102      2.0624587019502147  
3103      2.065044451863463   
3104      2.066081317046704   
3105      2.066561012532395   
3106      2.0665810752976173  
3107      2.0709233528414095  
3108      2.0715158582205517  
3109      2.072132697043483   
3110      2.0725286525197326  
3111      2.0733715452303336  
3112      2.0757546871821937  
3113      2.076943542446144   
3114      2.0774326689743736  
3115      2.081128797434353   
3116      2.0861556982991956  
3117      2.086258646121238   
3118      2.08936813083882    
3119      2.0894727692771835  
3120      2.0949779817358123  
3121      2.096251848571188   
3122      2.0970666440725734  
3123      2.0982434833125527  
3124      2.1049200372831622  
3125      2.10522274119884    
3126      2.1058604795985874  
3127      2.1071854748259726  
3128      2.108880645943676   
3129      2.111884989111133   
3130      2.1139241226472065  
3131      2.1139966829713104  
3132      2.1164610616602646  
3133      2.117753724038039   
3134      2.117816077049818   
3135      2.1179943334606355  
3136      2.1180003824490563  
3137      2.1198268950143637  
3138      2.120085479011632   
3139      2.1200974167770097  
3140      2.126078526793677   
3141      2.1263300911887506  
3142      2.12706305504176    
3143      2.129846921709294   
3144      2.132871595877013   
3145      2.138210091938961   
3146      2.1384391076175207  
3147      2.1410360350525344  
3148      2.143918448442218   
3149      2.1455189950868103  
3150      2.146312507825955   
3151      2.1467242578211776  
3152      2.14967675169809    
3153      2.1504869436487715  
3154      2.1505961594273484  
3155      2.15247216325802    
3156      2.1548461068944325  
3157      2.1548518854442724  
3158      2.1555364402204122  
3159      2.160083319482182   
3160      2.1620736914874996  
3161      2.1621556625087597  
3162      2.1646206572964926  
3163      2.164720463077134   
3164      2.164912624722539   
3165      2.165396113039925   
3166      2.170344223444313   
3167      2.1728201580844266  
3168      2.174911364158928   
3169      2.1761040601093344  
3170      2.1763443367986706  
3171      2.1764136245552117  
3172      2.1778087717452386  
3173      2.1812730904994533  
3174      2.183753412427417   
3175      2.1845921176027647  
3176      2.1846130274969484  
3177      2.1849422029651024  
3178      2.1877127202399254  
3179      2.1879932166744958  
3180      2.1891287526702636  
3181      2.1898253346454917  
3182      2.1960583897955783  
3183      2.2002971698010545  
3184      2.2008017979696404  
3185      2.203346348287207   
3186      2.2057185417704557  
3187      2.2058771700679385  
3188      2.208856790563516   
3189      2.212489107709168   
3190      2.212502408943399   
3191      2.212611290816735   
3192      2.2126360640037017  
3193      2.2172014713629964  
3194      2.2194889248323837  
3195      2.2206466542545114  
3196      2.223530146210019   
3197      2.226285004691892   
3198      2.2292639834608505  
3199      2.2293014690140565  
3200      2.23015213909033    
3201      2.231217313308861   
3202      2.2318880325211863  
3203      2.233876520913131   
3204      2.2338819852326752  
3205      2.2353003687395043  
3206      2.2375021538223487  
3207      2.2380044383418434  
3208      2.2392088299697983  
3209      2.2399486519556233  
3210      2.242285885779597   
3211      2.2428052500040376  
3212      2.250100666728496   
3213      2.2503367915520247  
3214      2.2513085485656776  
3215      2.2543206816015613  
3216      2.2545070321261376  
3217      2.259434159213797   
3218      2.2596201378317957  
3219      2.2620601252706423  
3220      2.2629001033132035  
3221      2.263551252493499   
3222      2.266251609992984   
3223      2.2697534616424657  
3224      2.269982830592584   
3225      2.2739049564441483  
3226      2.2749866349208925  
3227      2.2752066158936843  
3228      2.276323864739388   
3229      2.2768060983120333  
3230      2.2778157957814096  
3231      2.279038314844891   
3232      2.2796920760749404  
3233      2.279703611117965   
3234      2.2890687662083757  
3235      2.2895737312427467  
3236      2.291005304205754   
3237      2.293476394443298   
3238      2.295107721659023   
3239      2.2961866512445743  
3240      2.298823399971857   
3241      2.29932402761164    
3242      2.300822394404805   
3243      2.300938474366406   
3244      2.3017441943050274  
3245      2.305169010158328   
3246      2.305170082639198   
3247      2.3112290406017384  
3248      2.311287756237104   
3249      2.311646818720718   
3250      2.3117397306790686  
3251      2.3135188229106256  
3252      2.3136379760419894  
3253      2.3153582653173017  
3254      2.317872572163604   
3255      2.3240110906509597  
3256      2.325199431291253   
3257      2.3268346980896695  
3258      2.3275615608429527  
3259      2.331975401344233   
3260      2.3384850747516066  
3261      2.3387125411507426  
3262      2.3387274213731843  
3263      2.33919681238793    
3264      2.3392428959291203  
3265      2.34525553301317    
3266      2.3455049358885525  
3267      2.3456054567057656  
3268      2.3467222451878738  
3269      2.3494149607969512  
3270      2.3498398761355577  
3271      2.3510311962841515  
3272      2.354425206595792   
3273      2.354847372870891   
3274      2.354924746593864   
3275      2.358212338972537   
3276      2.358644663946966   
3277      2.3649623835318696  
3278      2.3649762631440256  
3279      2.3668175011720947  
3280      2.368240800565452   
3281      2.3700071703675647  
3282      2.3704314704354457  
3283      2.3718693568149956  
3284      2.3725913763821196  
3285      2.3746655277546327  
3286      2.380432365334249   
3287      2.3822254864925765  
3288      2.382234197027134   
3289      2.3843639186838677  
3290      2.3853232945509917  
3291      2.385431130772469   
3292      2.3877322779617165  
3293      2.3904855527549858  
3294      2.3907782205799295  
3295      2.3908317324351387  
3296      2.39102642217413    
3297      2.3949887711226747  
3298      2.3969139962286365  
3299      2.4013632323924625  
3300      2.4022226151635286  
3301      2.407984513553946   
3302      2.4084590056139645  
3303      2.4088026569521874  
3304      2.408922491997104   
3305      2.4131429257517665  
3306      2.4160888773759637  
3307      2.4171075898854992  
3308      2.4172513738524697  
3309      2.4209388521089825  
3310      2.421214741255976   
3311      2.42160113354888    
3312      2.4219402305424302  
3313      2.4242794663586404  
3314      2.430513577038131   
3315      2.4313252354190054  
3316      2.435301048091854   
3317      2.4383127485494964  
3318      2.4411678744969203  
3319      2.4413297683382162  
3320      2.441816552850642   
3321      2.4430264224185754  
3322      2.443224761073321   
3323      2.4488119206472394  
3324      2.45283443667451    
3325      2.4529142955532492  
3326      2.4533010775616284  
3327      2.456021764675916   
3328      2.4561146124495172  
3329      2.4573132537571634  
3330      2.457407450175274   
3331      2.4601459223120252  
3332      2.4603527529792757  
3333      2.461706591435487   
3334      2.462156159849327   
3335      2.4622966705490614  
3336      2.4625502845929286  
3337      2.46487131805751    
3338      2.466196900858048   
3339      2.4692886310108944  
3340      2.469296029661159   
3341      2.4730391033015113  
3342      2.475486216546845   
3343      2.481076284201898   
3344      2.483124796879671   
3345      2.4892496264745754  
3346      2.4892961710484607  
3347      2.491167202499809   
3348      2.4949058191001874  
3349      2.4956691344910182  
3350      2.4957922807923834  
3351      2.497086902703306   
3352      2.499539310296335   
3353      2.5046662808202047  
3354      2.50485969752598    
3355      2.5057216217654235  
3356      2.50705496140912    
3357      2.508676649489324   
3358      2.5116719971127504  
3359      2.5134557260718697  
3360      2.513473268716527   
3361      2.5135138812984814  
3362      2.513573778100428   
3363      2.517471958560848   
3364      2.517812081436483   
3365      2.5178135554327215  
3366      2.5222216931637145  
3367      2.522385967407902   
3368      2.5296955414875493  
3369      2.531526509184517   
3370      2.532801467300089   
3371      2.538190039325239   
3372      2.538411905759784   
3373      2.540104699743208   
3374      2.5401067697512643  
3375      2.5409930907378846  
3376      2.545956992376246   
3377      2.5468555759692864  
3378      2.549443011235101   
3379      2.5496486675174848  
3380      2.550457277631705   
3381      2.550777237062478   
3382      2.5544663451724516  
3383      2.554485206643153   
3384      2.554891834457211   
3385      2.5575526371296915  
3386      2.5622814275679406  
3387      2.5623933112315083  
3388      2.5638859105150282  
3389      2.5639225571534046  
3390      2.570241475755964   
3391      2.5713584760408934  
3392      2.5727386651903674  
3393      2.573159439267382   
3394      2.5758699790464705  
3395      2.575882136264882   
3396      2.5760993273692834  
3397      2.5803329954848113  
3398      2.587535262144092   
3399      2.587594596766522   
3400      2.589171612742062   
3401      2.5897361373919248  
3402      2.593573825032674   
3403      2.5954136500940077  
3404      2.5961536975632837  
3405      2.602386142289579   
3406      2.6028126581324735  
3407      2.6029923024365282  
3408      2.604832610747123   
3409      2.6052954930870524  
3410      2.6089363250376008  
3411      2.6124002622025406  
3412      2.6124413435498477  
3413      2.6125192038524094  
3414      2.612608151096905   
3415      2.6171113454725825  
3416      2.6208763807253166  
3417      2.6208870988962567  
3418      2.6245998074389143  
3419      2.629245854620385   
3420      2.629271129233129   
3421      2.629897311607267   
3422      2.6299490189025985  
3423      2.630658956042919   
3424      2.631443846876396   
3425      2.632430529528831   
3426      2.6373137687508703  
3427      2.6380298654804073  
3428      2.638998383465759   
3429      2.639839464995804   
3430      2.6476243485409703  
3431      2.6494186276188425  
3432      2.6501449499040275  
3433      2.65015662914368    
3434      2.6554003184129207  
3435      2.657152935582715   
3436      2.6571572062404942  
3437      2.659302443630373   
3438      2.659487261950526   
3439      2.66204573154425    
3440      2.6634614456726062  
3441      2.6692305912808485  
3442      2.670824368944885   
3443      2.6708397098502066  
3444      2.675183507493713   
3445      2.6753989895368266  
3446      2.676420028826112   
3447      2.679601183400848   
3448      2.679614414288071   
3449      2.681389627872704   
3450      2.6822090301167787  
3451      2.691016534162778   
3452      2.6933001246084447  
3453      2.6943788219670664  
3454      2.6964869241326297  
3455      2.7007831735290293  
3456      2.7008900489356824  
3457      2.7014805345693396  
3458      2.7028525541407498  
3459      2.7028594643271378  
3460      2.705026063292213   
3461      2.7050273524195236  
3462      2.7070008216007073  
3463      2.7115225490221873  
3464      2.7120330415075533  
3465      2.712043366967189   
3466      2.7134965623504157  
3467      2.713698357546983   
3468      2.7179026628003     
3469      2.7226948034618657  
3470      2.7232127300590254  
3471      2.726769167071649   
3472      2.7275479090943415  
3473      2.7295457752596586  
3474      2.7381001351778873  
3475      2.739156931325534   
3476      2.739178683867842   
3477      2.739671597283557   
3478      2.7396733188275593  
3479      2.7442903469268694  
3480      2.7454280279160823  
3481      2.746672350476974   
3482      2.749078471874142   
3483      2.7495202230210363  
3484      2.7542867890176486  
3485      2.755037413559311   
3486      2.7551807975655795  
3487      2.7627765088869354  
3488      2.7649137103421246  
3489      2.764954037354737   
3490      2.7674352538416445  
3491      2.767439981108624   
3492      2.768254603456997   
3493      2.7777560976699096  
3494      2.780425213039121   
3495      2.7809654824410996  
3496      2.782183059335753   
3497      2.7821880573792086  
3498      2.7844286237499367  
3499      2.7860235283361243  
3500      2.787723692482391   
3501      2.7906613577374118  
3502      2.7908011883568244  
3503      2.7908088953626993  
3504      2.791020378748879   
3505      2.7933846265673115  
3506      2.807997973798583   
3507      2.808575995554372   
3508      2.8211896183787273  
3509      2.8211903581513513  
3510      2.821869252386675   
3511      2.824252103864726   
3512      2.830506038337757   
3513      2.8312985623722664  
3514      2.8383004741074123  
3515      2.8429842143976836  
3516      2.843029279460863   
3517      2.8532795454291353  
3518      2.8560891857110726  
3519      2.8561914640553394  
3520      2.860535029172978   
3521      2.8616796368459045  
3522      2.862528562243138   
3523      2.8692962703503313  
3524      2.8693002116365225  
3525      2.881055628117159   
3526      2.8831051122909614  
3527      2.891195348774023   
3528      2.8957274711834415  
3529      2.8957422038974783  
3530      2.8995316292306184  
3531      2.9057095168987983  
3532      2.907042963824574   
3533      2.91343351015047    
3534      2.9134338729275946  
3535      2.917474078103329   
3536      2.9222294246286307  
3537      2.922384181974989   
3538      2.931504855567043   
3539      2.932794681822641   
3540      2.940090674640059   
3541      2.940090801188322   
3542      2.9468307570554546  
3543      2.949453638087899   
3544      2.9575208792954895  
3545      2.9624023751018647  
3546      2.9624168753854074  
3547      2.9713467788110233  
3548      2.9731444438099466  
3549      2.9758244950282     
3550      2.9758658965825755  
3551      2.9760913262318613  
3552      2.98033256325237    
3553      2.993560721651241   
3554      2.9954262711047153  
3555      3.0028158679896872  
3556      3.0028186719312937  
3557      3.0048332991962563  
3558      3.0089689754231643  
3559      3.0208725057032906  
3560      3.0208725932270557  
3561      3.0245980738945857  
3562      3.0298949589018984  
3563      3.0299499549395152  
3564      3.0314357650254466  
3565      3.032426226875034   
3566      3.0476518183931867  
3567      3.0494779597695634  
3568      3.0553952054389946  
3569      3.057160018705091   
3570      3.0571625462251757  
3571      3.069229835042017   
3572      3.070824125167116   
3573      3.070836132584045   
3574      3.075393876422325   
3575      3.0813602720466697  
3576      3.0821945534594812  
3577      3.0933001638934794  
3578      3.0943810446841846  
3579      3.102853661898216   
3580      3.1028536800569837  
3581      3.107000592717607   
3582      3.112029313156812   
3583      3.112042962816233   
3584      3.1226941827691412  
3585      3.1232121861210747  
3586      3.129547537347696   
3587      3.1381003575803645  
3588      3.1396710314461718  
3589      3.1396727564416578  
3590      3.144290609885765   
3591      3.155037245891572   
3592      3.1551814834730814  
3593      3.1627774962687556  
3594      3.1674383713194345  
3595      3.167439890660892   
3596      3.177756469898012   
3597      3.1809662039642794  
3598      3.1860235223528424  
3599      3.193384616290969   
