x                        y         weight                        
-1.7320508075688772      -91       0.000000e+00                  
0.0000000000000000       -91       0.000000e+00                  
1.7320508075688772       -91       0.000000e+00                  
3.4641016151377548       -91       0.000000e+00                  
5.1961524227066320       -91       0.000000e+00                  
6.9282032302755088       -91       0.000000e+00                  
8.6602540378443873       -91       0.000000e+00                  
10.3923048454132640      -91       0.000000e+00                  
12.1243556529821408      -91       0.000000e+00                  
13.8564064605510175      -91       0.000000e+00                  
15.5884572681198943      -91       0.000000e+00                  
17.3205080756887710      -91       0.000000e+00                  
19.0525588832576496      -91       0.000000e+00                  
20.7846096908265245      -91       0.000000e+00                  
22.5166604983954031      -91       0.000000e+00                  
24.2487113059642780      -91       0.000000e+00                  
25.9807621135331566      -91       0.000000e+00                  
27.7128129211020351      -91       0.000000e+00                  
29.4448637286709101      -91       0.000000e+00                  
31.1769145362397886      -91       0.000000e+00                  
32.9089653438086671      -91       0.000000e+00                  
34.6410161513775492      -91       0.000000e+00                  
36.3730669589464242      -91       0.000000e+00                  
38.1051177665152991      -91       0.000000e+00                  
39.8371685740841812      -91       0.000000e+00                  
41.5692193816530562      -91       0.000000e+00                  
43.3012701892219312      -91       0.000000e+00                  
45.0333209967908061      -91       0.000000e+00                  
46.7653718043596882      -91       0.000000e+00                  
48.4974226119285632      -91       0.000000e+00                  
50.2294734194974382      -91       0.000000e+00                  
51.9615242270663202      -91       0.000000e+00                  
53.6935750346351952      -91       0.000000e+00                  
55.4256258422040702      -91       0.000000e+00                  
57.1576766497729523      -91       0.000000e+00                  
58.8897274573418272      -91       0.000000e+00                  
60.6217782649107022      -91       0.000000e+00                  
62.3538290724795772      -91       0.000000e+00                  
64.0858798800484522      -91       0.000000e+00                  
65.8179306876173342      -91       0.000000e+00                  
67.5499814951862021      -91       0.000000e+00                  
69.2820323027550842      -91       0.000000e+00                  
71.0140831103239663      -91       0.000000e+00                  
72.7461339178928341      -91       0.000000e+00                  
74.4781847254617162      -91       0.000000e+00                  
76.2102355330305983      -91       0.000000e+00                  
77.9422863405994661      -91       0.000000e+00                  
79.6743371481683482      -91       0.000000e+00                  
81.4063879557372303      -91       0.000000e+00                  
83.1384387633060982      -91       0.000000e+00                  
84.8704895708749802      -91       0.000000e+00                  
86.6025403784438481      -91       0.000000e+00                  
88.3345911860127302      -91       0.000000e+00                  
90.0666419935816123      -91       0.000000e+00                  
91.7986928011504801      -91       0.000000e+00                  
93.5307436087193622      -91       0.000000e+00                  
95.2627944162882443      -91       0.000000e+00                  
96.9948452238571122      -91       0.000000e+00                  
98.7268960314259942      -91       0.000000e+00                  
100.4589468389948763     -91       0.000000e+00                  
102.1909976465637442     -91       0.000000e+00                  
-1.7320508075688772      -89       0.000000e+00                  
0.0000000000000000       -89       0.000000e+00                  
1.7320508075688772       -89       0.000000e+00                  
3.4641016151377548       -89       0.000000e+00                  
5.1961524227066320       -89       0.000000e+00                  
6.9282032302755088       -89       0.000000e+00                  
8.6602540378443873       -89       0.000000e+00                  
10.3923048454132640      -89       0.000000e+00                  
12.1243556529821408      -89       0.000000e+00                  
13.8564064605510175      -89       0.000000e+00                  
15.5884572681198943      -89       0.000000e+00                  
17.3205080756887710      -89       0.000000e+00                  
19.0525588832576496      -89       0.000000e+00                  
20.7846096908265245      -89       0.000000e+00                  
22.5166604983954031      -89       0.000000e+00                  
24.2487113059642780      -89       0.000000e+00                  
25.9807621135331566      -89       0.000000e+00                  
27.7128129211020351      -89       0.000000e+00                  
29.4448637286709101      -89       0.000000e+00                  
31.1769145362397886      -89       0.000000e+00                  
32.9089653438086671      -89       0.000000e+00                  
34.6410161513775492      -89       0.000000e+00                  
36.3730669589464242      -89       0.000000e+00                  
38.1051177665152991      -89       0.000000e+00                  
39.8371685740841812      -89       0.000000e+00                  
41.5692193816530562      -89       0.000000e+00                  
43.3012701892219312      -89       0.000000e+00                  
45.0333209967908061      -89       0.000000e+00                  
46.7653718043596882      -89       0.000000e+00                  
48.4974226119285632      -89       0.000000e+00                  
50.2294734194974382      -89       0.000000e+00                  
51.9615242270663202      -89       0.000000e+00                  
53.6935750346351952      -89       0.000000e+00                  
55.4256258422040702      -89       0.000000e+00                  
57.1576766497729523      -89       0.000000e+00                  
58.8897274573418272      -89       0.000000e+00                  
60.6217782649107022      -89       0.000000e+00                  
62.3538290724795772      -89       0.000000e+00                  
64.0858798800484522      -89       0.000000e+00                  
65.8179306876173342      -89       0.000000e+00                  
67.5499814951862021      -89       0.000000e+00                  
69.2820323027550842      -89       0.000000e+00                  
71.0140831103239663      -89       0.000000e+00                  
72.7461339178928341      -89       0.000000e+00                  
74.4781847254617162      -89       0.000000e+00                  
76.2102355330305983      -89       0.000000e+00                  
77.9422863405994661      -89       0.000000e+00                  
79.6743371481683482      -89       0.000000e+00                  
81.4063879557372303      -89       0.000000e+00                  
83.1384387633060982      -89       0.000000e+00                  
84.8704895708749802      -89       0.000000e+00                  
86.6025403784438481      -89       0.000000e+00                  
88.3345911860127302      -89       0.000000e+00                  
90.0666419935816123      -89       0.000000e+00                  
91.7986928011504801      -89       0.000000e+00                  
93.5307436087193622      -89       0.000000e+00                  
95.2627944162882443      -89       0.000000e+00                  
96.9948452238571122      -89       0.000000e+00                  
98.7268960314259942      -89       0.000000e+00                  
100.4589468389948763     -89       0.000000e+00                  
102.1909976465637442     -89       0.000000e+00                  
-1.7320508075688772      -88       0.000000e+00                  
0.0000000000000000       -88       0.000000e+00                  
1.7320508075688772       -88       0.000000e+00                  
3.4641016151377548       -88       0.000000e+00                  
5.1961524227066320       -88       0.000000e+00                  
6.9282032302755088       -88       0.000000e+00                  
8.6602540378443873       -88       0.000000e+00                  
10.3923048454132640      -88       0.000000e+00                  
12.1243556529821408      -88       0.000000e+00                  
13.8564064605510175      -88       0.000000e+00                  
15.5884572681198943      -88       0.000000e+00                  
17.3205080756887710      -88       0.000000e+00                  
19.0525588832576496      -88       0.000000e+00                  
20.7846096908265245      -88       0.000000e+00                  
22.5166604983954031      -88       0.000000e+00                  
24.2487113059642780      -88       0.000000e+00                  
25.9807621135331566      -88       0.000000e+00                  
27.7128129211020351      -88       0.000000e+00                  
29.4448637286709101      -88       0.000000e+00                  
31.1769145362397886      -88       0.000000e+00                  
32.9089653438086671      -88       0.000000e+00                  
34.6410161513775492      -88       0.000000e+00                  
36.3730669589464242      -88       0.000000e+00                  
38.1051177665152991      -88       0.000000e+00                  
39.8371685740841812      -88       0.000000e+00                  
41.5692193816530562      -88       0.000000e+00                  
43.3012701892219312      -88       0.000000e+00                  
45.0333209967908061      -88       0.000000e+00                  
46.7653718043596882      -88       0.000000e+00                  
48.4974226119285632      -88       0.000000e+00                  
50.2294734194974382      -88       3.978665e-09                  
51.9615242270663202      -88       0.000000e+00                  
53.6935750346351952      -88       0.000000e+00                  
55.4256258422040702      -88       0.000000e+00                  
57.1576766497729523      -88       0.000000e+00                  
58.8897274573418272      -88       0.000000e+00                  
60.6217782649107022      -88       0.000000e+00                  
62.3538290724795772      -88       0.000000e+00                  
64.0858798800484522      -88       0.000000e+00                  
65.8179306876173342      -88       0.000000e+00                  
67.5499814951862021      -88       0.000000e+00                  
69.2820323027550842      -88       0.000000e+00                  
71.0140831103239663      -88       0.000000e+00                  
72.7461339178928341      -88       0.000000e+00                  
74.4781847254617162      -88       0.000000e+00                  
76.2102355330305983      -88       0.000000e+00                  
77.9422863405994661      -88       0.000000e+00                  
79.6743371481683482      -88       0.000000e+00                  
81.4063879557372303      -88       0.000000e+00                  
83.1384387633060982      -88       0.000000e+00                  
84.8704895708749802      -88       0.000000e+00                  
86.6025403784438481      -88       0.000000e+00                  
88.3345911860127302      -88       0.000000e+00                  
90.0666419935816123      -88       0.000000e+00                  
91.7986928011504801      -88       0.000000e+00                  
93.5307436087193622      -88       0.000000e+00                  
95.2627944162882443      -88       0.000000e+00                  
96.9948452238571122      -88       0.000000e+00                  
98.7268960314259942      -88       0.000000e+00                  
100.4589468389948763     -88       0.000000e+00                  
102.1909976465637442     -88       0.000000e+00                  
-1.7320508075688772      -86       0.000000e+00                  
0.0000000000000000       -86       0.000000e+00                  
1.7320508075688772       -86       0.000000e+00                  
3.4641016151377548       -86       0.000000e+00                  
5.1961524227066320       -86       0.000000e+00                  
6.9282032302755088       -86       0.000000e+00                  
8.6602540378443873       -86       0.000000e+00                  
10.3923048454132640      -86       0.000000e+00                  
12.1243556529821408      -86       0.000000e+00                  
13.8564064605510175      -86       0.000000e+00                  
15.5884572681198943      -86       0.000000e+00                  
17.3205080756887710      -86       0.000000e+00                  
19.0525588832576496      -86       0.000000e+00                  
20.7846096908265245      -86       0.000000e+00                  
22.5166604983954031      -86       0.000000e+00                  
24.2487113059642780      -86       0.000000e+00                  
25.9807621135331566      -86       0.000000e+00                  
27.7128129211020351      -86       0.000000e+00                  
29.4448637286709101      -86       0.000000e+00                  
31.1769145362397886      -86       0.000000e+00                  
32.9089653438086671      -86       0.000000e+00                  
34.6410161513775492      -86       0.000000e+00                  
36.3730669589464242      -86       0.000000e+00                  
38.1051177665152991      -86       0.000000e+00                  
39.8371685740841812      -86       0.000000e+00                  
41.5692193816530562      -86       0.000000e+00                  
43.3012701892219312      -86       0.000000e+00                  
45.0333209967908061      -86       0.000000e+00                  
46.7653718043596882      -86       0.000000e+00                  
48.4974226119285632      -86       0.000000e+00                  
50.2294734194974382      -86       2.567814e-11                  
51.9615242270663202      -86       0.000000e+00                  
53.6935750346351952      -86       0.000000e+00                  
55.4256258422040702      -86       0.000000e+00                  
57.1576766497729523      -86       0.000000e+00                  
58.8897274573418272      -86       0.000000e+00                  
60.6217782649107022      -86       0.000000e+00                  
62.3538290724795772      -86       0.000000e+00                  
64.0858798800484522      -86       0.000000e+00                  
65.8179306876173342      -86       0.000000e+00                  
67.5499814951862021      -86       0.000000e+00                  
69.2820323027550842      -86       0.000000e+00                  
71.0140831103239663      -86       0.000000e+00                  
72.7461339178928341      -86       0.000000e+00                  
74.4781847254617162      -86       0.000000e+00                  
76.2102355330305983      -86       0.000000e+00                  
77.9422863405994661      -86       0.000000e+00                  
79.6743371481683482      -86       0.000000e+00                  
81.4063879557372303      -86       0.000000e+00                  
83.1384387633060982      -86       0.000000e+00                  
84.8704895708749802      -86       0.000000e+00                  
86.6025403784438481      -86       0.000000e+00                  
88.3345911860127302      -86       0.000000e+00                  
90.0666419935816123      -86       0.000000e+00                  
91.7986928011504801      -86       0.000000e+00                  
93.5307436087193622      -86       0.000000e+00                  
95.2627944162882443      -86       0.000000e+00                  
96.9948452238571122      -86       0.000000e+00                  
98.7268960314259942      -86       0.000000e+00                  
100.4589468389948763     -86       0.000000e+00                  
102.1909976465637442     -86       0.000000e+00                  
-1.7320508075688772      -85       0.000000e+00                  
0.0000000000000000       -85       0.000000e+00                  
1.7320508075688772       -85       0.000000e+00                  
3.4641016151377548       -85       0.000000e+00                  
5.1961524227066320       -85       0.000000e+00                  
6.9282032302755088       -85       0.000000e+00                  
8.6602540378443873       -85       0.000000e+00                  
10.3923048454132640      -85       0.000000e+00                  
12.1243556529821408      -85       0.000000e+00                  
13.8564064605510175      -85       0.000000e+00                  
15.5884572681198943      -85       0.000000e+00                  
17.3205080756887710      -85       0.000000e+00                  
19.0525588832576496      -85       0.000000e+00                  
20.7846096908265245      -85       0.000000e+00                  
22.5166604983954031      -85       0.000000e+00                  
24.2487113059642780      -85       0.000000e+00                  
25.9807621135331566      -85       0.000000e+00                  
27.7128129211020351      -85       0.000000e+00                  
29.4448637286709101      -85       0.000000e+00                  
31.1769145362397886      -85       0.000000e+00                  
32.9089653438086671      -85       0.000000e+00                  
34.6410161513775492      -85       0.000000e+00                  
36.3730669589464242      -85       0.000000e+00                  
38.1051177665152991      -85       0.000000e+00                  
39.8371685740841812      -85       0.000000e+00                  
41.5692193816530562      -85       0.000000e+00                  
43.3012701892219312      -85       0.000000e+00                  
45.0333209967908061      -85       0.000000e+00                  
46.7653718043596882      -85       0.000000e+00                  
48.4974226119285632      -85       2.445257e-09                  
50.2294734194974382      -85       0.000000e+00                  
51.9615242270663202      -85       2.445259e-09                  
53.6935750346351952      -85       0.000000e+00                  
55.4256258422040702      -85       0.000000e+00                  
57.1576766497729523      -85       0.000000e+00                  
58.8897274573418272      -85       0.000000e+00                  
60.6217782649107022      -85       0.000000e+00                  
62.3538290724795772      -85       0.000000e+00                  
64.0858798800484522      -85       0.000000e+00                  
65.8179306876173342      -85       0.000000e+00                  
67.5499814951862021      -85       0.000000e+00                  
69.2820323027550842      -85       0.000000e+00                  
71.0140831103239663      -85       0.000000e+00                  
72.7461339178928341      -85       0.000000e+00                  
74.4781847254617162      -85       0.000000e+00                  
76.2102355330305983      -85       0.000000e+00                  
77.9422863405994661      -85       0.000000e+00                  
79.6743371481683482      -85       0.000000e+00                  
81.4063879557372303      -85       0.000000e+00                  
83.1384387633060982      -85       0.000000e+00                  
84.8704895708749802      -85       0.000000e+00                  
86.6025403784438481      -85       0.000000e+00                  
88.3345911860127302      -85       0.000000e+00                  
90.0666419935816123      -85       0.000000e+00                  
91.7986928011504801      -85       0.000000e+00                  
93.5307436087193622      -85       0.000000e+00                  
95.2627944162882443      -85       0.000000e+00                  
96.9948452238571122      -85       0.000000e+00                  
98.7268960314259942      -85       0.000000e+00                  
100.4589468389948763     -85       0.000000e+00                  
102.1909976465637442     -85       0.000000e+00                  
-1.7320508075688772      -83       0.000000e+00                  
0.0000000000000000       -83       0.000000e+00                  
1.7320508075688772       -83       0.000000e+00                  
3.4641016151377548       -83       0.000000e+00                  
5.1961524227066320       -83       0.000000e+00                  
6.9282032302755088       -83       0.000000e+00                  
8.6602540378443873       -83       0.000000e+00                  
10.3923048454132640      -83       0.000000e+00                  
12.1243556529821408      -83       0.000000e+00                  
13.8564064605510175      -83       0.000000e+00                  
15.5884572681198943      -83       0.000000e+00                  
17.3205080756887710      -83       0.000000e+00                  
19.0525588832576496      -83       0.000000e+00                  
20.7846096908265245      -83       0.000000e+00                  
22.5166604983954031      -83       0.000000e+00                  
24.2487113059642780      -83       0.000000e+00                  
25.9807621135331566      -83       0.000000e+00                  
27.7128129211020351      -83       0.000000e+00                  
29.4448637286709101      -83       0.000000e+00                  
31.1769145362397886      -83       0.000000e+00                  
32.9089653438086671      -83       0.000000e+00                  
34.6410161513775492      -83       0.000000e+00                  
36.3730669589464242      -83       0.000000e+00                  
38.1051177665152991      -83       0.000000e+00                  
39.8371685740841812      -83       0.000000e+00                  
41.5692193816530562      -83       0.000000e+00                  
43.3012701892219312      -83       0.000000e+00                  
45.0333209967908061      -83       0.000000e+00                  
46.7653718043596882      -83       0.000000e+00                  
48.4974226119285632      -83       1.009769e-10                  
50.2294734194974382      -83       0.000000e+00                  
51.9615242270663202      -83       1.009770e-10                  
53.6935750346351952      -83       0.000000e+00                  
55.4256258422040702      -83       0.000000e+00                  
57.1576766497729523      -83       0.000000e+00                  
58.8897274573418272      -83       0.000000e+00                  
60.6217782649107022      -83       0.000000e+00                  
62.3538290724795772      -83       0.000000e+00                  
64.0858798800484522      -83       0.000000e+00                  
65.8179306876173342      -83       0.000000e+00                  
67.5499814951862021      -83       0.000000e+00                  
69.2820323027550842      -83       0.000000e+00                  
71.0140831103239663      -83       0.000000e+00                  
72.7461339178928341      -83       0.000000e+00                  
74.4781847254617162      -83       0.000000e+00                  
76.2102355330305983      -83       0.000000e+00                  
77.9422863405994661      -83       0.000000e+00                  
79.6743371481683482      -83       0.000000e+00                  
81.4063879557372303      -83       0.000000e+00                  
83.1384387633060982      -83       0.000000e+00                  
84.8704895708749802      -83       0.000000e+00                  
86.6025403784438481      -83       0.000000e+00                  
88.3345911860127302      -83       0.000000e+00                  
90.0666419935816123      -83       0.000000e+00                  
91.7986928011504801      -83       0.000000e+00                  
93.5307436087193622      -83       0.000000e+00                  
95.2627944162882443      -83       0.000000e+00                  
96.9948452238571122      -83       0.000000e+00                  
98.7268960314259942      -83       0.000000e+00                  
100.4589468389948763     -83       0.000000e+00                  
102.1909976465637442     -83       0.000000e+00                  
-1.7320508075688772      -82       0.000000e+00                  
0.0000000000000000       -82       0.000000e+00                  
1.7320508075688772       -82       0.000000e+00                  
3.4641016151377548       -82       0.000000e+00                  
5.1961524227066320       -82       0.000000e+00                  
6.9282032302755088       -82       0.000000e+00                  
8.6602540378443873       -82       0.000000e+00                  
10.3923048454132640      -82       0.000000e+00                  
12.1243556529821408      -82       0.000000e+00                  
13.8564064605510175      -82       0.000000e+00                  
15.5884572681198943      -82       0.000000e+00                  
17.3205080756887710      -82       0.000000e+00                  
19.0525588832576496      -82       0.000000e+00                  
20.7846096908265245      -82       0.000000e+00                  
22.5166604983954031      -82       0.000000e+00                  
24.2487113059642780      -82       0.000000e+00                  
25.9807621135331566      -82       0.000000e+00                  
27.7128129211020351      -82       0.000000e+00                  
29.4448637286709101      -82       0.000000e+00                  
31.1769145362397886      -82       0.000000e+00                  
32.9089653438086671      -82       0.000000e+00                  
34.6410161513775492      -82       0.000000e+00                  
36.3730669589464242      -82       0.000000e+00                  
38.1051177665152991      -82       0.000000e+00                  
39.8371685740841812      -82       0.000000e+00                  
41.5692193816530562      -82       0.000000e+00                  
43.3012701892219312      -82       0.000000e+00                  
45.0333209967908061      -82       0.000000e+00                  
46.7653718043596882      -82       4.449144e-09                  
48.4974226119285632      -82       0.000000e+00                  
50.2294734194974382      -82       5.139594e-10                  
51.9615242270663202      -82       0.000000e+00                  
53.6935750346351952      -82       4.449147e-09                  
55.4256258422040702      -82       0.000000e+00                  
57.1576766497729523      -82       0.000000e+00                  
58.8897274573418272      -82       0.000000e+00                  
60.6217782649107022      -82       0.000000e+00                  
62.3538290724795772      -82       0.000000e+00                  
64.0858798800484522      -82       0.000000e+00                  
65.8179306876173342      -82       0.000000e+00                  
67.5499814951862021      -82       0.000000e+00                  
69.2820323027550842      -82       0.000000e+00                  
71.0140831103239663      -82       0.000000e+00                  
72.7461339178928341      -82       0.000000e+00                  
74.4781847254617162      -82       0.000000e+00                  
76.2102355330305983      -82       0.000000e+00                  
77.9422863405994661      -82       0.000000e+00                  
79.6743371481683482      -82       0.000000e+00                  
81.4063879557372303      -82       0.000000e+00                  
83.1384387633060982      -82       0.000000e+00                  
84.8704895708749802      -82       0.000000e+00                  
86.6025403784438481      -82       0.000000e+00                  
88.3345911860127302      -82       0.000000e+00                  
90.0666419935816123      -82       0.000000e+00                  
91.7986928011504801      -82       0.000000e+00                  
93.5307436087193622      -82       0.000000e+00                  
95.2627944162882443      -82       0.000000e+00                  
96.9948452238571122      -82       0.000000e+00                  
98.7268960314259942      -82       0.000000e+00                  
100.4589468389948763     -82       0.000000e+00                  
102.1909976465637442     -82       0.000000e+00                  
-1.7320508075688772      -80       0.000000e+00                  
0.0000000000000000       -80       0.000000e+00                  
1.7320508075688772       -80       0.000000e+00                  
3.4641016151377548       -80       0.000000e+00                  
5.1961524227066320       -80       0.000000e+00                  
6.9282032302755088       -80       0.000000e+00                  
8.6602540378443873       -80       0.000000e+00                  
10.3923048454132640      -80       0.000000e+00                  
12.1243556529821408      -80       0.000000e+00                  
13.8564064605510175      -80       0.000000e+00                  
15.5884572681198943      -80       0.000000e+00                  
17.3205080756887710      -80       0.000000e+00                  
19.0525588832576496      -80       0.000000e+00                  
20.7846096908265245      -80       0.000000e+00                  
22.5166604983954031      -80       0.000000e+00                  
24.2487113059642780      -80       0.000000e+00                  
25.9807621135331566      -80       0.000000e+00                  
27.7128129211020351      -80       0.000000e+00                  
29.4448637286709101      -80       0.000000e+00                  
31.1769145362397886      -80       0.000000e+00                  
32.9089653438086671      -80       0.000000e+00                  
34.6410161513775492      -80       0.000000e+00                  
36.3730669589464242      -80       0.000000e+00                  
38.1051177665152991      -80       0.000000e+00                  
39.8371685740841812      -80       0.000000e+00                  
41.5692193816530562      -80       0.000000e+00                  
43.3012701892219312      -80       0.000000e+00                  
45.0333209967908061      -80       0.000000e+00                  
46.7653718043596882      -80       2.046517e-10                  
48.4974226119285632      -80       0.000000e+00                  
50.2294734194974382      -80       3.827608e-11                  
51.9615242270663202      -80       0.000000e+00                  
53.6935750346351952      -80       2.046519e-10                  
55.4256258422040702      -80       0.000000e+00                  
57.1576766497729523      -80       0.000000e+00                  
58.8897274573418272      -80       0.000000e+00                  
60.6217782649107022      -80       0.000000e+00                  
62.3538290724795772      -80       0.000000e+00                  
64.0858798800484522      -80       0.000000e+00                  
65.8179306876173342      -80       0.000000e+00                  
67.5499814951862021      -80       0.000000e+00                  
69.2820323027550842      -80       0.000000e+00                  
71.0140831103239663      -80       0.000000e+00                  
72.7461339178928341      -80       0.000000e+00                  
74.4781847254617162      -80       0.000000e+00                  
76.2102355330305983      -80       0.000000e+00                  
77.9422863405994661      -80       0.000000e+00                  
79.6743371481683482      -80       0.000000e+00                  
81.4063879557372303      -80       0.000000e+00                  
83.1384387633060982      -80       0.000000e+00                  
84.8704895708749802      -80       0.000000e+00                  
86.6025403784438481      -80       0.000000e+00                  
88.3345911860127302      -80       0.000000e+00                  
90.0666419935816123      -80       0.000000e+00                  
91.7986928011504801      -80       0.000000e+00                  
93.5307436087193622      -80       0.000000e+00                  
95.2627944162882443      -80       0.000000e+00                  
96.9948452238571122      -80       0.000000e+00                  
98.7268960314259942      -80       0.000000e+00                  
100.4589468389948763     -80       0.000000e+00                  
102.1909976465637442     -80       0.000000e+00                  
-1.7320508075688772      -79       0.000000e+00                  
0.0000000000000000       -79       0.000000e+00                  
1.7320508075688772       -79       0.000000e+00                  
3.4641016151377548       -79       0.000000e+00                  
5.1961524227066320       -79       0.000000e+00                  
6.9282032302755088       -79       0.000000e+00                  
8.6602540378443873       -79       0.000000e+00                  
10.3923048454132640      -79       0.000000e+00                  
12.1243556529821408      -79       0.000000e+00                  
13.8564064605510175      -79       0.000000e+00                  
15.5884572681198943      -79       0.000000e+00                  
17.3205080756887710      -79       0.000000e+00                  
19.0525588832576496      -79       0.000000e+00                  
20.7846096908265245      -79       0.000000e+00                  
22.5166604983954031      -79       0.000000e+00                  
24.2487113059642780      -79       0.000000e+00                  
25.9807621135331566      -79       0.000000e+00                  
27.7128129211020351      -79       0.000000e+00                  
29.4448637286709101      -79       0.000000e+00                  
31.1769145362397886      -79       0.000000e+00                  
32.9089653438086671      -79       0.000000e+00                  
34.6410161513775492      -79       0.000000e+00                  
36.3730669589464242      -79       0.000000e+00                  
38.1051177665152991      -79       0.000000e+00                  
39.8371685740841812      -79       0.000000e+00                  
41.5692193816530562      -79       0.000000e+00                  
43.3012701892219312      -79       0.000000e+00                  
45.0333209967908061      -79       8.008797e-09                  
46.7653718043596882      -79       0.000000e+00                  
48.4974226119285632      -79       7.567817e-10                  
50.2294734194974382      -79       0.000000e+00                  
51.9615242270663202      -79       7.567821e-10                  
53.6935750346351952      -79       0.000000e+00                  
55.4256258422040702      -79       8.008805e-09                  
57.1576766497729523      -79       0.000000e+00                  
58.8897274573418272      -79       0.000000e+00                  
60.6217782649107022      -79       0.000000e+00                  
62.3538290724795772      -79       0.000000e+00                  
64.0858798800484522      -79       0.000000e+00                  
65.8179306876173342      -79       0.000000e+00                  
67.5499814951862021      -79       0.000000e+00                  
69.2820323027550842      -79       0.000000e+00                  
71.0140831103239663      -79       0.000000e+00                  
72.7461339178928341      -79       0.000000e+00                  
74.4781847254617162      -79       0.000000e+00                  
76.2102355330305983      -79       0.000000e+00                  
77.9422863405994661      -79       0.000000e+00                  
79.6743371481683482      -79       0.000000e+00                  
81.4063879557372303      -79       0.000000e+00                  
83.1384387633060982      -79       0.000000e+00                  
84.8704895708749802      -79       0.000000e+00                  
86.6025403784438481      -79       0.000000e+00                  
88.3345911860127302      -79       0.000000e+00                  
90.0666419935816123      -79       0.000000e+00                  
91.7986928011504801      -79       0.000000e+00                  
93.5307436087193622      -79       0.000000e+00                  
95.2627944162882443      -79       0.000000e+00                  
96.9948452238571122      -79       0.000000e+00                  
98.7268960314259942      -79       0.000000e+00                  
100.4589468389948763     -79       0.000000e+00                  
102.1909976465637442     -79       0.000000e+00                  
-1.7320508075688772      -77       0.000000e+00                  
0.0000000000000000       -77       0.000000e+00                  
1.7320508075688772       -77       0.000000e+00                  
3.4641016151377548       -77       0.000000e+00                  
5.1961524227066320       -77       0.000000e+00                  
6.9282032302755088       -77       0.000000e+00                  
8.6602540378443873       -77       0.000000e+00                  
10.3923048454132640      -77       0.000000e+00                  
12.1243556529821408      -77       0.000000e+00                  
13.8564064605510175      -77       0.000000e+00                  
15.5884572681198943      -77       0.000000e+00                  
17.3205080756887710      -77       0.000000e+00                  
19.0525588832576496      -77       0.000000e+00                  
20.7846096908265245      -77       0.000000e+00                  
22.5166604983954031      -77       0.000000e+00                  
24.2487113059642780      -77       0.000000e+00                  
25.9807621135331566      -77       0.000000e+00                  
27.7128129211020351      -77       0.000000e+00                  
29.4448637286709101      -77       0.000000e+00                  
31.1769145362397886      -77       0.000000e+00                  
32.9089653438086671      -77       0.000000e+00                  
34.6410161513775492      -77       0.000000e+00                  
36.3730669589464242      -77       0.000000e+00                  
38.1051177665152991      -77       0.000000e+00                  
39.8371685740841812      -77       0.000000e+00                  
41.5692193816530562      -77       0.000000e+00                  
43.3012701892219312      -77       0.000000e+00                  
45.0333209967908061      -77       4.145260e-10                  
46.7653718043596882      -77       0.000000e+00                  
48.4974226119285632      -77       3.868664e-11                  
50.2294734194974382      -77       0.000000e+00                  
51.9615242270663202      -77       3.868667e-11                  
53.6935750346351952      -77       0.000000e+00                  
55.4256258422040702      -77       4.145264e-10                  
57.1576766497729523      -77       0.000000e+00                  
58.8897274573418272      -77       0.000000e+00                  
60.6217782649107022      -77       0.000000e+00                  
62.3538290724795772      -77       0.000000e+00                  
64.0858798800484522      -77       0.000000e+00                  
65.8179306876173342      -77       0.000000e+00                  
67.5499814951862021      -77       0.000000e+00                  
69.2820323027550842      -77       0.000000e+00                  
71.0140831103239663      -77       0.000000e+00                  
72.7461339178928341      -77       0.000000e+00                  
74.4781847254617162      -77       0.000000e+00                  
76.2102355330305983      -77       0.000000e+00                  
77.9422863405994661      -77       0.000000e+00                  
79.6743371481683482      -77       0.000000e+00                  
81.4063879557372303      -77       0.000000e+00                  
83.1384387633060982      -77       0.000000e+00                  
84.8704895708749802      -77       0.000000e+00                  
86.6025403784438481      -77       0.000000e+00                  
88.3345911860127302      -77       0.000000e+00                  
90.0666419935816123      -77       0.000000e+00                  
91.7986928011504801      -77       0.000000e+00                  
93.5307436087193622      -77       0.000000e+00                  
95.2627944162882443      -77       0.000000e+00                  
96.9948452238571122      -77       0.000000e+00                  
98.7268960314259942      -77       0.000000e+00                  
100.4589468389948763     -77       0.000000e+00                  
102.1909976465637442     -77       0.000000e+00                  
-1.7320508075688772      -76       0.000000e+00                  
0.0000000000000000       -76       0.000000e+00                  
1.7320508075688772       -76       0.000000e+00                  
3.4641016151377548       -76       0.000000e+00                  
5.1961524227066320       -76       0.000000e+00                  
6.9282032302755088       -76       0.000000e+00                  
8.6602540378443873       -76       0.000000e+00                  
10.3923048454132640      -76       0.000000e+00                  
12.1243556529821408      -76       0.000000e+00                  
13.8564064605510175      -76       0.000000e+00                  
15.5884572681198943      -76       0.000000e+00                  
17.3205080756887710      -76       0.000000e+00                  
19.0525588832576496      -76       0.000000e+00                  
20.7846096908265245      -76       0.000000e+00                  
22.5166604983954031      -76       0.000000e+00                  
24.2487113059642780      -76       0.000000e+00                  
25.9807621135331566      -76       0.000000e+00                  
27.7128129211020351      -76       0.000000e+00                  
29.4448637286709101      -76       0.000000e+00                  
31.1769145362397886      -76       0.000000e+00                  
32.9089653438086671      -76       0.000000e+00                  
34.6410161513775492      -76       0.000000e+00                  
36.3730669589464242      -76       0.000000e+00                  
38.1051177665152991      -76       0.000000e+00                  
39.8371685740841812      -76       0.000000e+00                  
41.5692193816530562      -76       0.000000e+00                  
43.3012701892219312      -76       1.534650e-08                  
45.0333209967908061      -76       0.000000e+00                  
46.7653718043596882      -76       1.274817e-09                  
48.4974226119285632      -76       0.000000e+00                  
50.2294734194974382      -76       4.162636e-10                  
51.9615242270663202      -76       0.000000e+00                  
53.6935750346351952      -76       1.274818e-09                  
55.4256258422040702      -76       0.000000e+00                  
57.1576766497729523      -76       1.534652e-08                  
58.8897274573418272      -76       0.000000e+00                  
60.6217782649107022      -76       0.000000e+00                  
62.3538290724795772      -76       0.000000e+00                  
64.0858798800484522      -76       0.000000e+00                  
65.8179306876173342      -76       0.000000e+00                  
67.5499814951862021      -76       0.000000e+00                  
69.2820323027550842      -76       0.000000e+00                  
71.0140831103239663      -76       0.000000e+00                  
72.7461339178928341      -76       0.000000e+00                  
74.4781847254617162      -76       0.000000e+00                  
76.2102355330305983      -76       0.000000e+00                  
77.9422863405994661      -76       0.000000e+00                  
79.6743371481683482      -76       0.000000e+00                  
81.4063879557372303      -76       0.000000e+00                  
83.1384387633060982      -76       0.000000e+00                  
84.8704895708749802      -76       0.000000e+00                  
86.6025403784438481      -76       0.000000e+00                  
88.3345911860127302      -76       0.000000e+00                  
90.0666419935816123      -76       0.000000e+00                  
91.7986928011504801      -76       0.000000e+00                  
93.5307436087193622      -76       0.000000e+00                  
95.2627944162882443      -76       0.000000e+00                  
96.9948452238571122      -76       0.000000e+00                  
98.7268960314259942      -76       0.000000e+00                  
100.4589468389948763     -76       0.000000e+00                  
102.1909976465637442     -76       0.000000e+00                  
-1.7320508075688772      -74       0.000000e+00                  
0.0000000000000000       -74       0.000000e+00                  
1.7320508075688772       -74       0.000000e+00                  
3.4641016151377548       -74       0.000000e+00                  
5.1961524227066320       -74       0.000000e+00                  
6.9282032302755088       -74       0.000000e+00                  
8.6602540378443873       -74       0.000000e+00                  
10.3923048454132640      -74       0.000000e+00                  
12.1243556529821408      -74       0.000000e+00                  
13.8564064605510175      -74       0.000000e+00                  
15.5884572681198943      -74       0.000000e+00                  
17.3205080756887710      -74       0.000000e+00                  
19.0525588832576496      -74       0.000000e+00                  
20.7846096908265245      -74       0.000000e+00                  
22.5166604983954031      -74       0.000000e+00                  
24.2487113059642780      -74       0.000000e+00                  
25.9807621135331566      -74       0.000000e+00                  
27.7128129211020351      -74       0.000000e+00                  
29.4448637286709101      -74       0.000000e+00                  
31.1769145362397886      -74       0.000000e+00                  
32.9089653438086671      -74       0.000000e+00                  
34.6410161513775492      -74       0.000000e+00                  
36.3730669589464242      -74       0.000000e+00                  
38.1051177665152991      -74       0.000000e+00                  
39.8371685740841812      -74       0.000000e+00                  
41.5692193816530562      -74       0.000000e+00                  
43.3012701892219312      -74       8.033839e-10                  
45.0333209967908061      -74       0.000000e+00                  
46.7653718043596882      -74       6.945989e-11                  
48.4974226119285632      -74       0.000000e+00                  
50.2294734194974382      -74       1.759948e-11                  
51.9615242270663202      -74       0.000000e+00                  
53.6935750346351952      -74       6.945996e-11                  
55.4256258422040702      -74       0.000000e+00                  
57.1576766497729523      -74       8.033847e-10                  
58.8897274573418272      -74       0.000000e+00                  
60.6217782649107022      -74       0.000000e+00                  
62.3538290724795772      -74       0.000000e+00                  
64.0858798800484522      -74       0.000000e+00                  
65.8179306876173342      -74       0.000000e+00                  
67.5499814951862021      -74       0.000000e+00                  
69.2820323027550842      -74       0.000000e+00                  
71.0140831103239663      -74       0.000000e+00                  
72.7461339178928341      -74       0.000000e+00                  
74.4781847254617162      -74       0.000000e+00                  
76.2102355330305983      -74       0.000000e+00                  
77.9422863405994661      -74       0.000000e+00                  
79.6743371481683482      -74       0.000000e+00                  
81.4063879557372303      -74       0.000000e+00                  
83.1384387633060982      -74       0.000000e+00                  
84.8704895708749802      -74       0.000000e+00                  
86.6025403784438481      -74       0.000000e+00                  
88.3345911860127302      -74       0.000000e+00                  
90.0666419935816123      -74       0.000000e+00                  
91.7986928011504801      -74       0.000000e+00                  
93.5307436087193622      -74       0.000000e+00                  
95.2627944162882443      -74       0.000000e+00                  
96.9948452238571122      -74       0.000000e+00                  
98.7268960314259942      -74       0.000000e+00                  
100.4589468389948763     -74       0.000000e+00                  
102.1909976465637442     -74       0.000000e+00                  
-1.7320508075688772      -73       0.000000e+00                  
0.0000000000000000       -73       0.000000e+00                  
1.7320508075688772       -73       0.000000e+00                  
3.4641016151377548       -73       0.000000e+00                  
5.1961524227066320       -73       0.000000e+00                  
6.9282032302755088       -73       0.000000e+00                  
8.6602540378443873       -73       0.000000e+00                  
10.3923048454132640      -73       0.000000e+00                  
12.1243556529821408      -73       0.000000e+00                  
13.8564064605510175      -73       0.000000e+00                  
15.5884572681198943      -73       0.000000e+00                  
17.3205080756887710      -73       0.000000e+00                  
19.0525588832576496      -73       0.000000e+00                  
20.7846096908265245      -73       0.000000e+00                  
22.5166604983954031      -73       0.000000e+00                  
24.2487113059642780      -73       0.000000e+00                  
25.9807621135331566      -73       0.000000e+00                  
27.7128129211020351      -73       0.000000e+00                  
29.4448637286709101      -73       0.000000e+00                  
31.1769145362397886      -73       0.000000e+00                  
32.9089653438086671      -73       0.000000e+00                  
34.6410161513775492      -73       0.000000e+00                  
36.3730669589464242      -73       0.000000e+00                  
38.1051177665152991      -73       0.000000e+00                  
39.8371685740841812      -73       0.000000e+00                  
41.5692193816530562      -73       2.944642e-08                  
43.3012701892219312      -73       0.000000e+00                  
45.0333209967908061      -73       2.474312e-09                  
46.7653718043596882      -73       0.000000e+00                  
48.4974226119285632      -73       4.141856e-10                  
50.2294734194974382      -73       0.000000e+00                  
51.9615242270663202      -73       4.141859e-10                  
53.6935750346351952      -73       0.000000e+00                  
55.4256258422040702      -73       2.474314e-09                  
57.1576766497729523      -73       0.000000e+00                  
58.8897274573418272      -73       2.944645e-08                  
60.6217782649107022      -73       0.000000e+00                  
62.3538290724795772      -73       0.000000e+00                  
64.0858798800484522      -73       0.000000e+00                  
65.8179306876173342      -73       0.000000e+00                  
67.5499814951862021      -73       0.000000e+00                  
69.2820323027550842      -73       0.000000e+00                  
71.0140831103239663      -73       0.000000e+00                  
72.7461339178928341      -73       0.000000e+00                  
74.4781847254617162      -73       0.000000e+00                  
76.2102355330305983      -73       0.000000e+00                  
77.9422863405994661      -73       0.000000e+00                  
79.6743371481683482      -73       0.000000e+00                  
81.4063879557372303      -73       0.000000e+00                  
83.1384387633060982      -73       0.000000e+00                  
84.8704895708749802      -73       0.000000e+00                  
86.6025403784438481      -73       0.000000e+00                  
88.3345911860127302      -73       0.000000e+00                  
90.0666419935816123      -73       0.000000e+00                  
91.7986928011504801      -73       0.000000e+00                  
93.5307436087193622      -73       0.000000e+00                  
95.2627944162882443      -73       0.000000e+00                  
96.9948452238571122      -73       0.000000e+00                  
98.7268960314259942      -73       0.000000e+00                  
100.4589468389948763     -73       0.000000e+00                  
102.1909976465637442     -73       0.000000e+00                  
-1.7320508075688772      -71       0.000000e+00                  
0.0000000000000000       -71       0.000000e+00                  
1.7320508075688772       -71       0.000000e+00                  
3.4641016151377548       -71       0.000000e+00                  
5.1961524227066320       -71       0.000000e+00                  
6.9282032302755088       -71       0.000000e+00                  
8.6602540378443873       -71       0.000000e+00                  
10.3923048454132640      -71       0.000000e+00                  
12.1243556529821408      -71       0.000000e+00                  
13.8564064605510175      -71       0.000000e+00                  
15.5884572681198943      -71       0.000000e+00                  
17.3205080756887710      -71       0.000000e+00                  
19.0525588832576496      -71       0.000000e+00                  
20.7846096908265245      -71       0.000000e+00                  
22.5166604983954031      -71       0.000000e+00                  
24.2487113059642780      -71       0.000000e+00                  
25.9807621135331566      -71       0.000000e+00                  
27.7128129211020351      -71       0.000000e+00                  
29.4448637286709101      -71       0.000000e+00                  
31.1769145362397886      -71       0.000000e+00                  
32.9089653438086671      -71       0.000000e+00                  
34.6410161513775492      -71       0.000000e+00                  
36.3730669589464242      -71       0.000000e+00                  
38.1051177665152991      -71       0.000000e+00                  
39.8371685740841812      -71       0.000000e+00                  
41.5692193816530562      -71       1.550978e-09                  
43.3012701892219312      -71       0.000000e+00                  
45.0333209967908061      -71       1.304984e-10                  
46.7653718043596882      -71       0.000000e+00                  
48.4974226119285632      -71       2.136627e-11                  
50.2294734194974382      -71       0.000000e+00                  
51.9615242270663202      -71       2.136628e-11                  
53.6935750346351952      -71       0.000000e+00                  
55.4256258422040702      -71       1.304985e-10                  
57.1576766497729523      -71       0.000000e+00                  
58.8897274573418272      -71       1.550980e-09                  
60.6217782649107022      -71       0.000000e+00                  
62.3538290724795772      -71       0.000000e+00                  
64.0858798800484522      -71       0.000000e+00                  
65.8179306876173342      -71       0.000000e+00                  
67.5499814951862021      -71       0.000000e+00                  
69.2820323027550842      -71       0.000000e+00                  
71.0140831103239663      -71       0.000000e+00                  
72.7461339178928341      -71       0.000000e+00                  
74.4781847254617162      -71       0.000000e+00                  
76.2102355330305983      -71       0.000000e+00                  
77.9422863405994661      -71       0.000000e+00                  
79.6743371481683482      -71       0.000000e+00                  
81.4063879557372303      -71       0.000000e+00                  
83.1384387633060982      -71       0.000000e+00                  
84.8704895708749802      -71       0.000000e+00                  
86.6025403784438481      -71       0.000000e+00                  
88.3345911860127302      -71       0.000000e+00                  
90.0666419935816123      -71       0.000000e+00                  
91.7986928011504801      -71       0.000000e+00                  
93.5307436087193622      -71       0.000000e+00                  
95.2627944162882443      -71       0.000000e+00                  
96.9948452238571122      -71       0.000000e+00                  
98.7268960314259942      -71       0.000000e+00                  
100.4589468389948763     -71       0.000000e+00                  
102.1909976465637442     -71       0.000000e+00                  
-1.7320508075688772      -70       0.000000e+00                  
0.0000000000000000       -70       0.000000e+00                  
1.7320508075688772       -70       0.000000e+00                  
3.4641016151377548       -70       0.000000e+00                  
5.1961524227066320       -70       0.000000e+00                  
6.9282032302755088       -70       0.000000e+00                  
8.6602540378443873       -70       0.000000e+00                  
10.3923048454132640      -70       0.000000e+00                  
12.1243556529821408      -70       0.000000e+00                  
13.8564064605510175      -70       0.000000e+00                  
15.5884572681198943      -70       0.000000e+00                  
17.3205080756887710      -70       0.000000e+00                  
19.0525588832576496      -70       0.000000e+00                  
20.7846096908265245      -70       0.000000e+00                  
22.5166604983954031      -70       0.000000e+00                  
24.2487113059642780      -70       0.000000e+00                  
25.9807621135331566      -70       0.000000e+00                  
27.7128129211020351      -70       0.000000e+00                  
29.4448637286709101      -70       0.000000e+00                  
31.1769145362397886      -70       0.000000e+00                  
32.9089653438086671      -70       0.000000e+00                  
34.6410161513775492      -70       0.000000e+00                  
36.3730669589464242      -70       0.000000e+00                  
38.1051177665152991      -70       0.000000e+00                  
39.8371685740841812      -70       5.666110e-08                  
41.5692193816530562      -70       0.000000e+00                  
43.3012701892219312      -70       4.754622e-09                  
45.0333209967908061      -70       0.000000e+00                  
46.7653718043596882      -70       7.220436e-10                  
48.4974226119285632      -70       0.000000e+00                  
50.2294734194974382      -70       1.764256e-10                  
51.9615242270663202      -70       0.000000e+00                  
53.6935750346351952      -70       7.220442e-10                  
55.4256258422040702      -70       0.000000e+00                  
57.1576766497729523      -70       4.754626e-09                  
58.8897274573418272      -70       0.000000e+00                  
60.6217782649107022      -70       5.666115e-08                  
62.3538290724795772      -70       0.000000e+00                  
64.0858798800484522      -70       0.000000e+00                  
65.8179306876173342      -70       0.000000e+00                  
67.5499814951862021      -70       0.000000e+00                  
69.2820323027550842      -70       0.000000e+00                  
71.0140831103239663      -70       0.000000e+00                  
72.7461339178928341      -70       0.000000e+00                  
74.4781847254617162      -70       0.000000e+00                  
76.2102355330305983      -70       0.000000e+00                  
77.9422863405994661      -70       0.000000e+00                  
79.6743371481683482      -70       0.000000e+00                  
81.4063879557372303      -70       0.000000e+00                  
83.1384387633060982      -70       0.000000e+00                  
84.8704895708749802      -70       0.000000e+00                  
86.6025403784438481      -70       0.000000e+00                  
88.3345911860127302      -70       0.000000e+00                  
90.0666419935816123      -70       0.000000e+00                  
91.7986928011504801      -70       0.000000e+00                  
93.5307436087193622      -70       0.000000e+00                  
95.2627944162882443      -70       0.000000e+00                  
96.9948452238571122      -70       0.000000e+00                  
98.7268960314259942      -70       0.000000e+00                  
100.4589468389948763     -70       0.000000e+00                  
102.1909976465637442     -70       0.000000e+00                  
-1.7320508075688772      -68       0.000000e+00                  
0.0000000000000000       -68       0.000000e+00                  
1.7320508075688772       -68       0.000000e+00                  
3.4641016151377548       -68       0.000000e+00                  
5.1961524227066320       -68       0.000000e+00                  
6.9282032302755088       -68       0.000000e+00                  
8.6602540378443873       -68       0.000000e+00                  
10.3923048454132640      -68       0.000000e+00                  
12.1243556529821408      -68       0.000000e+00                  
13.8564064605510175      -68       0.000000e+00                  
15.5884572681198943      -68       0.000000e+00                  
17.3205080756887710      -68       0.000000e+00                  
19.0525588832576496      -68       0.000000e+00                  
20.7846096908265245      -68       0.000000e+00                  
22.5166604983954031      -68       0.000000e+00                  
24.2487113059642780      -68       0.000000e+00                  
25.9807621135331566      -68       0.000000e+00                  
27.7128129211020351      -68       0.000000e+00                  
29.4448637286709101      -68       0.000000e+00                  
31.1769145362397886      -68       0.000000e+00                  
32.9089653438086671      -68       0.000000e+00                  
34.6410161513775492      -68       0.000000e+00                  
36.3730669589464242      -68       0.000000e+00                  
38.1051177665152991      -68       0.000000e+00                  
39.8371685740841812      -68       2.987205e-09                  
41.5692193816530562      -68       0.000000e+00                  
43.3012701892219312      -68       2.511354e-10                  
45.0333209967908061      -68       0.000000e+00                  
46.7653718043596882      -68       3.732936e-11                  
48.4974226119285632      -68       0.000000e+00                  
50.2294734194974382      -68       9.868480e-12                  
51.9615242270663202      -68       0.000000e+00                  
53.6935750346351952      -68       3.732939e-11                  
55.4256258422040702      -68       0.000000e+00                  
57.1576766497729523      -68       2.511356e-10                  
58.8897274573418272      -68       0.000000e+00                  
60.6217782649107022      -68       2.987208e-09                  
62.3538290724795772      -68       0.000000e+00                  
64.0858798800484522      -68       0.000000e+00                  
65.8179306876173342      -68       0.000000e+00                  
67.5499814951862021      -68       0.000000e+00                  
69.2820323027550842      -68       0.000000e+00                  
71.0140831103239663      -68       0.000000e+00                  
72.7461339178928341      -68       0.000000e+00                  
74.4781847254617162      -68       0.000000e+00                  
76.2102355330305983      -68       0.000000e+00                  
77.9422863405994661      -68       0.000000e+00                  
79.6743371481683482      -68       0.000000e+00                  
81.4063879557372303      -68       0.000000e+00                  
83.1384387633060982      -68       0.000000e+00                  
84.8704895708749802      -68       0.000000e+00                  
86.6025403784438481      -68       0.000000e+00                  
88.3345911860127302      -68       0.000000e+00                  
90.0666419935816123      -68       0.000000e+00                  
91.7986928011504801      -68       0.000000e+00                  
93.5307436087193622      -68       0.000000e+00                  
95.2627944162882443      -68       0.000000e+00                  
96.9948452238571122      -68       0.000000e+00                  
98.7268960314259942      -68       0.000000e+00                  
100.4589468389948763     -68       0.000000e+00                  
102.1909976465637442     -68       0.000000e+00                  
-1.7320508075688772      -67       0.000000e+00                  
0.0000000000000000       -67       0.000000e+00                  
1.7320508075688772       -67       0.000000e+00                  
3.4641016151377548       -67       0.000000e+00                  
5.1961524227066320       -67       0.000000e+00                  
6.9282032302755088       -67       0.000000e+00                  
8.6602540378443873       -67       0.000000e+00                  
10.3923048454132640      -67       0.000000e+00                  
12.1243556529821408      -67       0.000000e+00                  
13.8564064605510175      -67       0.000000e+00                  
15.5884572681198943      -67       0.000000e+00                  
17.3205080756887710      -67       0.000000e+00                  
19.0525588832576496      -67       0.000000e+00                  
20.7846096908265245      -67       0.000000e+00                  
22.5166604983954031      -67       0.000000e+00                  
24.2487113059642780      -67       0.000000e+00                  
25.9807621135331566      -67       0.000000e+00                  
27.7128129211020351      -67       0.000000e+00                  
29.4448637286709101      -67       0.000000e+00                  
31.1769145362397886      -67       0.000000e+00                  
32.9089653438086671      -67       0.000000e+00                  
34.6410161513775492      -67       0.000000e+00                  
36.3730669589464242      -67       0.000000e+00                  
38.1051177665152991      -67       1.090496e-07                  
39.8371685740841812      -67       0.000000e+00                  
41.5692193816530562      -67       9.160284e-09                  
43.3012701892219312      -67       0.000000e+00                  
45.0333209967908061      -67       1.357573e-09                  
46.7653718043596882      -67       0.000000e+00                  
48.4974226119285632      -67       1.998358e-10                  
50.2294734194974382      -67       0.000000e+00                  
51.9615242270663202      -67       1.998360e-10                  
53.6935750346351952      -67       0.000000e+00                  
55.4256258422040702      -67       1.357574e-09                  
57.1576766497729523      -67       0.000000e+00                  
58.8897274573418272      -67       9.160293e-09                  
60.6217782649107022      -67       0.000000e+00                  
62.3538290724795772      -67       1.090497e-07                  
64.0858798800484522      -67       0.000000e+00                  
65.8179306876173342      -67       0.000000e+00                  
67.5499814951862021      -67       0.000000e+00                  
69.2820323027550842      -67       0.000000e+00                  
71.0140831103239663      -67       0.000000e+00                  
72.7461339178928341      -67       0.000000e+00                  
74.4781847254617162      -67       0.000000e+00                  
76.2102355330305983      -67       0.000000e+00                  
77.9422863405994661      -67       0.000000e+00                  
79.6743371481683482      -67       0.000000e+00                  
81.4063879557372303      -67       0.000000e+00                  
83.1384387633060982      -67       0.000000e+00                  
84.8704895708749802      -67       0.000000e+00                  
86.6025403784438481      -67       0.000000e+00                  
88.3345911860127302      -67       0.000000e+00                  
90.0666419935816123      -67       0.000000e+00                  
91.7986928011504801      -67       0.000000e+00                  
93.5307436087193622      -67       0.000000e+00                  
95.2627944162882443      -67       0.000000e+00                  
96.9948452238571122      -67       0.000000e+00                  
98.7268960314259942      -67       0.000000e+00                  
100.4589468389948763     -67       0.000000e+00                  
102.1909976465637442     -67       0.000000e+00                  
-1.7320508075688772      -65       0.000000e+00                  
0.0000000000000000       -65       0.000000e+00                  
1.7320508075688772       -65       0.000000e+00                  
3.4641016151377548       -65       0.000000e+00                  
5.1961524227066320       -65       0.000000e+00                  
6.9282032302755088       -65       0.000000e+00                  
8.6602540378443873       -65       0.000000e+00                  
10.3923048454132640      -65       0.000000e+00                  
12.1243556529821408      -65       0.000000e+00                  
13.8564064605510175      -65       0.000000e+00                  
15.5884572681198943      -65       0.000000e+00                  
17.3205080756887710      -65       0.000000e+00                  
19.0525588832576496      -65       0.000000e+00                  
20.7846096908265245      -65       0.000000e+00                  
22.5166604983954031      -65       0.000000e+00                  
24.2487113059642780      -65       0.000000e+00                  
25.9807621135331566      -65       0.000000e+00                  
27.7128129211020351      -65       0.000000e+00                  
29.4448637286709101      -65       0.000000e+00                  
31.1769145362397886      -65       0.000000e+00                  
32.9089653438086671      -65       0.000000e+00                  
34.6410161513775492      -65       0.000000e+00                  
36.3730669589464242      -65       0.000000e+00                  
38.1051177665152991      -65       5.751351e-09                  
39.8371685740841812      -65       0.000000e+00                  
41.5692193816530562      -65       4.832070e-10                  
43.3012701892219312      -65       0.000000e+00                  
45.0333209967908061      -65       7.146997e-11                  
46.7653718043596882      -65       0.000000e+00                  
48.4974226119285632      -65       1.053627e-11                  
50.2294734194974382      -65       0.000000e+00                  
51.9615242270663202      -65       1.053628e-11                  
53.6935750346351952      -65       0.000000e+00                  
55.4256258422040702      -65       7.147004e-11                  
57.1576766497729523      -65       0.000000e+00                  
58.8897274573418272      -65       4.832075e-10                  
60.6217782649107022      -65       0.000000e+00                  
62.3538290724795772      -65       5.751357e-09                  
64.0858798800484522      -65       0.000000e+00                  
65.8179306876173342      -65       0.000000e+00                  
67.5499814951862021      -65       0.000000e+00                  
69.2820323027550842      -65       0.000000e+00                  
71.0140831103239663      -65       0.000000e+00                  
72.7461339178928341      -65       0.000000e+00                  
74.4781847254617162      -65       0.000000e+00                  
76.2102355330305983      -65       0.000000e+00                  
77.9422863405994661      -65       0.000000e+00                  
79.6743371481683482      -65       0.000000e+00                  
81.4063879557372303      -65       0.000000e+00                  
83.1384387633060982      -65       0.000000e+00                  
84.8704895708749802      -65       0.000000e+00                  
86.6025403784438481      -65       0.000000e+00                  
88.3345911860127302      -65       0.000000e+00                  
90.0666419935816123      -65       0.000000e+00                  
91.7986928011504801      -65       0.000000e+00                  
93.5307436087193622      -65       0.000000e+00                  
95.2627944162882443      -65       0.000000e+00                  
96.9948452238571122      -65       0.000000e+00                  
98.7268960314259942      -65       0.000000e+00                  
100.4589468389948763     -65       0.000000e+00                  
102.1909976465637442     -65       0.000000e+00                  
-1.7320508075688772      -64       0.000000e+00                  
0.0000000000000000       -64       0.000000e+00                  
1.7320508075688772       -64       0.000000e+00                  
3.4641016151377548       -64       0.000000e+00                  
5.1961524227066320       -64       0.000000e+00                  
6.9282032302755088       -64       0.000000e+00                  
8.6602540378443873       -64       0.000000e+00                  
10.3923048454132640      -64       0.000000e+00                  
12.1243556529821408      -64       0.000000e+00                  
13.8564064605510175      -64       0.000000e+00                  
15.5884572681198943      -64       0.000000e+00                  
17.3205080756887710      -64       0.000000e+00                  
19.0525588832576496      -64       0.000000e+00                  
20.7846096908265245      -64       0.000000e+00                  
22.5166604983954031      -64       0.000000e+00                  
24.2487113059642780      -64       0.000000e+00                  
25.9807621135331566      -64       0.000000e+00                  
27.7128129211020351      -64       0.000000e+00                  
29.4448637286709101      -64       0.000000e+00                  
31.1769145362397886      -64       0.000000e+00                  
32.9089653438086671      -64       0.000000e+00                  
34.6410161513775492      -64       0.000000e+00                  
36.3730669589464242      -64       2.099076e-07                  
38.1051177665152991      -64       0.000000e+00                  
39.8371685740841812      -64       1.763410e-08                  
41.5692193816530562      -64       0.000000e+00                  
43.3012701892219312      -64       2.607796e-09                  
45.0333209967908061      -64       0.000000e+00                  
46.7653718043596882      -64       3.446928e-10                  
48.4974226119285632      -64       0.000000e+00                  
50.2294734194974382      -64       9.219825e-11                  
51.9615242270663202      -64       0.000000e+00                  
53.6935750346351952      -64       3.446931e-10                  
55.4256258422040702      -64       0.000000e+00                  
57.1576766497729523      -64       2.607798e-09                  
58.8897274573418272      -64       0.000000e+00                  
60.6217782649107022      -64       1.763411e-08                  
62.3538290724795772      -64       0.000000e+00                  
64.0858798800484522      -64       2.099078e-07                  
65.8179306876173342      -64       0.000000e+00                  
67.5499814951862021      -64       0.000000e+00                  
69.2820323027550842      -64       0.000000e+00                  
71.0140831103239663      -64       0.000000e+00                  
72.7461339178928341      -64       0.000000e+00                  
74.4781847254617162      -64       0.000000e+00                  
76.2102355330305983      -64       0.000000e+00                  
77.9422863405994661      -64       0.000000e+00                  
79.6743371481683482      -64       0.000000e+00                  
81.4063879557372303      -64       0.000000e+00                  
83.1384387633060982      -64       0.000000e+00                  
84.8704895708749802      -64       0.000000e+00                  
86.6025403784438481      -64       0.000000e+00                  
88.3345911860127302      -64       0.000000e+00                  
90.0666419935816123      -64       0.000000e+00                  
91.7986928011504801      -64       0.000000e+00                  
93.5307436087193622      -64       0.000000e+00                  
95.2627944162882443      -64       0.000000e+00                  
96.9948452238571122      -64       0.000000e+00                  
98.7268960314259942      -64       0.000000e+00                  
100.4589468389948763     -64       0.000000e+00                  
102.1909976465637442     -64       0.000000e+00                  
-1.7320508075688772      -62       0.000000e+00                  
0.0000000000000000       -62       0.000000e+00                  
1.7320508075688772       -62       0.000000e+00                  
3.4641016151377548       -62       0.000000e+00                  
5.1961524227066320       -62       0.000000e+00                  
6.9282032302755088       -62       0.000000e+00                  
8.6602540378443873       -62       0.000000e+00                  
10.3923048454132640      -62       0.000000e+00                  
12.1243556529821408      -62       0.000000e+00                  
13.8564064605510175      -62       0.000000e+00                  
15.5884572681198943      -62       0.000000e+00                  
17.3205080756887710      -62       0.000000e+00                  
19.0525588832576496      -62       0.000000e+00                  
20.7846096908265245      -62       0.000000e+00                  
22.5166604983954031      -62       0.000000e+00                  
24.2487113059642780      -62       0.000000e+00                  
25.9807621135331566      -62       0.000000e+00                  
27.7128129211020351      -62       0.000000e+00                  
29.4448637286709101      -62       0.000000e+00                  
31.1769145362397886      -62       0.000000e+00                  
32.9089653438086671      -62       0.000000e+00                  
34.6410161513775492      -62       0.000000e+00                  
36.3730669589464242      -62       1.107150e-08                  
38.1051177665152991      -62       0.000000e+00                  
39.8371685740841812      -62       9.301769e-10                  
41.5692193816530562      -62       0.000000e+00                  
43.3012701892219312      -62       1.374066e-10                  
45.0333209967908061      -62       0.000000e+00                  
46.7653718043596882      -62       1.828120e-11                  
48.4974226119285632      -62       0.000000e+00                  
50.2294734194974382      -62       4.727422e-12                  
51.9615242270663202      -62       0.000000e+00                  
53.6935750346351952      -62       1.828122e-11                  
55.4256258422040702      -62       0.000000e+00                  
57.1576766497729523      -62       1.374068e-10                  
58.8897274573418272      -62       0.000000e+00                  
60.6217782649107022      -62       9.301778e-10                  
62.3538290724795772      -62       0.000000e+00                  
64.0858798800484522      -62       1.107152e-08                  
65.8179306876173342      -62       0.000000e+00                  
67.5499814951862021      -62       0.000000e+00                  
69.2820323027550842      -62       0.000000e+00                  
71.0140831103239663      -62       0.000000e+00                  
72.7461339178928341      -62       0.000000e+00                  
74.4781847254617162      -62       0.000000e+00                  
76.2102355330305983      -62       0.000000e+00                  
77.9422863405994661      -62       0.000000e+00                  
79.6743371481683482      -62       0.000000e+00                  
81.4063879557372303      -62       0.000000e+00                  
83.1384387633060982      -62       0.000000e+00                  
84.8704895708749802      -62       0.000000e+00                  
86.6025403784438481      -62       0.000000e+00                  
88.3345911860127302      -62       0.000000e+00                  
90.0666419935816123      -62       0.000000e+00                  
91.7986928011504801      -62       0.000000e+00                  
93.5307436087193622      -62       0.000000e+00                  
95.2627944162882443      -62       0.000000e+00                  
96.9948452238571122      -62       0.000000e+00                  
98.7268960314259942      -62       0.000000e+00                  
100.4589468389948763     -62       0.000000e+00                  
102.1909976465637442     -62       0.000000e+00                  
-1.7320508075688772      -61       0.000000e+00                  
0.0000000000000000       -61       0.000000e+00                  
1.7320508075688772       -61       0.000000e+00                  
3.4641016151377548       -61       0.000000e+00                  
5.1961524227066320       -61       0.000000e+00                  
6.9282032302755088       -61       0.000000e+00                  
8.6602540378443873       -61       0.000000e+00                  
10.3923048454132640      -61       0.000000e+00                  
12.1243556529821408      -61       0.000000e+00                  
13.8564064605510175      -61       0.000000e+00                  
15.5884572681198943      -61       0.000000e+00                  
17.3205080756887710      -61       0.000000e+00                  
19.0525588832576496      -61       0.000000e+00                  
20.7846096908265245      -61       0.000000e+00                  
22.5166604983954031      -61       0.000000e+00                  
24.2487113059642780      -61       0.000000e+00                  
25.9807621135331566      -61       0.000000e+00                  
27.7128129211020351      -61       0.000000e+00                  
29.4448637286709101      -61       0.000000e+00                  
31.1769145362397886      -61       0.000000e+00                  
32.9089653438086671      -61       0.000000e+00                  
34.6410161513775492      -61       4.040585e-07                  
36.3730669589464242      -61       0.000000e+00                  
38.1051177665152991      -61       3.394753e-08                  
39.8371685740841812      -61       0.000000e+00                  
41.5692193816530562      -61       5.016733e-09                  
43.3012701892219312      -61       0.000000e+00                  
45.0333209967908061      -61       6.556636e-10                  
46.7653718043596882      -61       0.000000e+00                  
48.4974226119285632      -61       9.918409e-11                  
50.2294734194974382      -61       0.000000e+00                  
51.9615242270663202      -61       9.918417e-11                  
53.6935750346351952      -61       0.000000e+00                  
55.4256258422040702      -61       6.556643e-10                  
57.1576766497729523      -61       0.000000e+00                  
58.8897274573418272      -61       5.016738e-09                  
60.6217782649107022      -61       0.000000e+00                  
62.3538290724795772      -61       3.394756e-08                  
64.0858798800484522      -61       0.000000e+00                  
65.8179306876173342      -61       4.040588e-07                  
67.5499814951862021      -61       0.000000e+00                  
69.2820323027550842      -61       0.000000e+00                  
71.0140831103239663      -61       0.000000e+00                  
72.7461339178928341      -61       0.000000e+00                  
74.4781847254617162      -61       0.000000e+00                  
76.2102355330305983      -61       0.000000e+00                  
77.9422863405994661      -61       0.000000e+00                  
79.6743371481683482      -61       0.000000e+00                  
81.4063879557372303      -61       0.000000e+00                  
83.1384387633060982      -61       0.000000e+00                  
84.8704895708749802      -61       0.000000e+00                  
86.6025403784438481      -61       0.000000e+00                  
88.3345911860127302      -61       0.000000e+00                  
90.0666419935816123      -61       0.000000e+00                  
91.7986928011504801      -61       0.000000e+00                  
93.5307436087193622      -61       0.000000e+00                  
95.2627944162882443      -61       0.000000e+00                  
96.9948452238571122      -61       0.000000e+00                  
98.7268960314259942      -61       0.000000e+00                  
100.4589468389948763     -61       0.000000e+00                  
102.1909976465637442     -61       0.000000e+00                  
-1.7320508075688772      -59       0.000000e+00                  
0.0000000000000000       -59       0.000000e+00                  
1.7320508075688772       -59       0.000000e+00                  
3.4641016151377548       -59       0.000000e+00                  
5.1961524227066320       -59       0.000000e+00                  
6.9282032302755088       -59       0.000000e+00                  
8.6602540378443873       -59       0.000000e+00                  
10.3923048454132640      -59       0.000000e+00                  
12.1243556529821408      -59       0.000000e+00                  
13.8564064605510175      -59       0.000000e+00                  
15.5884572681198943      -59       0.000000e+00                  
17.3205080756887710      -59       0.000000e+00                  
19.0525588832576496      -59       0.000000e+00                  
20.7846096908265245      -59       0.000000e+00                  
22.5166604983954031      -59       0.000000e+00                  
24.2487113059642780      -59       0.000000e+00                  
25.9807621135331566      -59       0.000000e+00                  
27.7128129211020351      -59       0.000000e+00                  
29.4448637286709101      -59       0.000000e+00                  
31.1769145362397886      -59       0.000000e+00                  
32.9089653438086671      -59       0.000000e+00                  
34.6410161513775492      -59       2.131217e-08                  
36.3730669589464242      -59       0.000000e+00                  
38.1051177665152991      -59       1.790536e-09                  
39.8371685740841812      -59       0.000000e+00                  
41.5692193816530562      -59       2.645851e-10                  
43.3012701892219312      -59       0.000000e+00                  
45.0333209967908061      -59       3.460480e-11                  
46.7653718043596882      -59       0.000000e+00                  
48.4974226119285632      -59       5.225354e-12                  
50.2294734194974382      -59       0.000000e+00                  
51.9615242270663202      -59       5.225357e-12                  
53.6935750346351952      -59       0.000000e+00                  
55.4256258422040702      -59       3.460484e-11                  
57.1576766497729523      -59       0.000000e+00                  
58.8897274573418272      -59       2.645854e-10                  
60.6217782649107022      -59       0.000000e+00                  
62.3538290724795772      -59       1.790538e-09                  
64.0858798800484522      -59       0.000000e+00                  
65.8179306876173342      -59       2.131219e-08                  
67.5499814951862021      -59       0.000000e+00                  
69.2820323027550842      -59       0.000000e+00                  
71.0140831103239663      -59       0.000000e+00                  
72.7461339178928341      -59       0.000000e+00                  
74.4781847254617162      -59       0.000000e+00                  
76.2102355330305983      -59       0.000000e+00                  
77.9422863405994661      -59       0.000000e+00                  
79.6743371481683482      -59       0.000000e+00                  
81.4063879557372303      -59       0.000000e+00                  
83.1384387633060982      -59       0.000000e+00                  
84.8704895708749802      -59       0.000000e+00                  
86.6025403784438481      -59       0.000000e+00                  
88.3345911860127302      -59       0.000000e+00                  
90.0666419935816123      -59       0.000000e+00                  
91.7986928011504801      -59       0.000000e+00                  
93.5307436087193622      -59       0.000000e+00                  
95.2627944162882443      -59       0.000000e+00                  
96.9948452238571122      -59       0.000000e+00                  
98.7268960314259942      -59       0.000000e+00                  
100.4589468389948763     -59       0.000000e+00                  
102.1909976465637442     -59       0.000000e+00                  
-1.7320508075688772      -58       0.000000e+00                  
0.0000000000000000       -58       0.000000e+00                  
1.7320508075688772       -58       0.000000e+00                  
3.4641016151377548       -58       0.000000e+00                  
5.1961524227066320       -58       0.000000e+00                  
6.9282032302755088       -58       0.000000e+00                  
8.6602540378443873       -58       0.000000e+00                  
10.3923048454132640      -58       0.000000e+00                  
12.1243556529821408      -58       0.000000e+00                  
13.8564064605510175      -58       0.000000e+00                  
15.5884572681198943      -58       0.000000e+00                  
17.3205080756887710      -58       0.000000e+00                  
19.0525588832576496      -58       0.000000e+00                  
20.7846096908265245      -58       0.000000e+00                  
22.5166604983954031      -58       0.000000e+00                  
24.2487113059642780      -58       0.000000e+00                  
25.9807621135331566      -58       0.000000e+00                  
27.7128129211020351      -58       0.000000e+00                  
29.4448637286709101      -58       0.000000e+00                  
31.1769145362397886      -58       0.000000e+00                  
32.9089653438086671      -58       7.777968e-07                  
34.6410161513775492      -58       0.000000e+00                  
36.3730669589464242      -58       6.534885e-08                  
38.1051177665152991      -58       0.000000e+00                  
39.8371685740841812      -58       9.656095e-09                  
41.5692193816530562      -58       0.000000e+00                  
43.3012701892219312      -58       1.259389e-09                  
45.0333209967908061      -58       0.000000e+00                  
46.7653718043596882      -58       1.715824e-10                  
48.4974226119285632      -58       0.000000e+00                  
50.2294734194974382      -58       4.454845e-11                  
51.9615242270663202      -58       0.000000e+00                  
53.6935750346351952      -58       1.715825e-10                  
55.4256258422040702      -58       0.000000e+00                  
57.1576766497729523      -58       1.259391e-09                  
58.8897274573418272      -58       0.000000e+00                  
60.6217782649107022      -58       9.656104e-09                  
62.3538290724795772      -58       0.000000e+00                  
64.0858798800484522      -58       6.534891e-08                  
65.8179306876173342      -58       0.000000e+00                  
67.5499814951862021      -58       7.777975e-07                  
69.2820323027550842      -58       0.000000e+00                  
71.0140831103239663      -58       0.000000e+00                  
72.7461339178928341      -58       0.000000e+00                  
74.4781847254617162      -58       0.000000e+00                  
76.2102355330305983      -58       0.000000e+00                  
77.9422863405994661      -58       0.000000e+00                  
79.6743371481683482      -58       0.000000e+00                  
81.4063879557372303      -58       0.000000e+00                  
83.1384387633060982      -58       0.000000e+00                  
84.8704895708749802      -58       0.000000e+00                  
86.6025403784438481      -58       0.000000e+00                  
88.3345911860127302      -58       0.000000e+00                  
90.0666419935816123      -58       0.000000e+00                  
91.7986928011504801      -58       0.000000e+00                  
93.5307436087193622      -58       0.000000e+00                  
95.2627944162882443      -58       0.000000e+00                  
96.9948452238571122      -58       0.000000e+00                  
98.7268960314259942      -58       0.000000e+00                  
100.4589468389948763     -58       0.000000e+00                  
102.1909976465637442     -58       0.000000e+00                  
-1.7320508075688772      -56       0.000000e+00                  
0.0000000000000000       -56       0.000000e+00                  
1.7320508075688772       -56       0.000000e+00                  
3.4641016151377548       -56       0.000000e+00                  
5.1961524227066320       -56       0.000000e+00                  
6.9282032302755088       -56       0.000000e+00                  
8.6602540378443873       -56       0.000000e+00                  
10.3923048454132640      -56       0.000000e+00                  
12.1243556529821408      -56       0.000000e+00                  
13.8564064605510175      -56       0.000000e+00                  
15.5884572681198943      -56       0.000000e+00                  
17.3205080756887710      -56       0.000000e+00                  
19.0525588832576496      -56       0.000000e+00                  
20.7846096908265245      -56       0.000000e+00                  
22.5166604983954031      -56       0.000000e+00                  
24.2487113059642780      -56       0.000000e+00                  
25.9807621135331566      -56       0.000000e+00                  
27.7128129211020351      -56       0.000000e+00                  
29.4448637286709101      -56       0.000000e+00                  
31.1769145362397886      -56       0.000000e+00                  
32.9089653438086671      -56       4.102528e-08                  
34.6410161513775492      -56       0.000000e+00                  
36.3730669589464242      -56       3.447104e-09                  
38.1051177665152991      -56       0.000000e+00                  
39.8371685740841812      -56       5.094605e-10                  
41.5692193816530562      -56       0.000000e+00                  
43.3012701892219312      -56       6.648618e-11                  
45.0333209967908061      -56       0.000000e+00                  
46.7653718043596882      -56       9.025512e-12                  
48.4974226119285632      -56       0.000000e+00                  
50.2294734194974382      -56       2.364247e-12                  
51.9615242270663202      -56       0.000000e+00                  
53.6935750346351952      -56       9.025520e-12                  
55.4256258422040702      -56       0.000000e+00                  
57.1576766497729523      -56       6.648624e-11                  
58.8897274573418272      -56       0.000000e+00                  
60.6217782649107022      -56       5.094610e-10                  
62.3538290724795772      -56       0.000000e+00                  
64.0858798800484522      -56       3.447107e-09                  
65.8179306876173342      -56       0.000000e+00                  
67.5499814951862021      -56       4.102532e-08                  
69.2820323027550842      -56       0.000000e+00                  
71.0140831103239663      -56       0.000000e+00                  
72.7461339178928341      -56       0.000000e+00                  
74.4781847254617162      -56       0.000000e+00                  
76.2102355330305983      -56       0.000000e+00                  
77.9422863405994661      -56       0.000000e+00                  
79.6743371481683482      -56       0.000000e+00                  
81.4063879557372303      -56       0.000000e+00                  
83.1384387633060982      -56       0.000000e+00                  
84.8704895708749802      -56       0.000000e+00                  
86.6025403784438481      -56       0.000000e+00                  
88.3345911860127302      -56       0.000000e+00                  
90.0666419935816123      -56       0.000000e+00                  
91.7986928011504801      -56       0.000000e+00                  
93.5307436087193622      -56       0.000000e+00                  
95.2627944162882443      -56       0.000000e+00                  
96.9948452238571122      -56       0.000000e+00                  
98.7268960314259942      -56       0.000000e+00                  
100.4589468389948763     -56       0.000000e+00                  
102.1909976465637442     -56       0.000000e+00                  
-1.7320508075688772      -55       0.000000e+00                  
0.0000000000000000       -55       0.000000e+00                  
1.7320508075688772       -55       0.000000e+00                  
3.4641016151377548       -55       0.000000e+00                  
5.1961524227066320       -55       0.000000e+00                  
6.9282032302755088       -55       0.000000e+00                  
8.6602540378443873       -55       0.000000e+00                  
10.3923048454132640      -55       0.000000e+00                  
12.1243556529821408      -55       0.000000e+00                  
13.8564064605510175      -55       0.000000e+00                  
15.5884572681198943      -55       0.000000e+00                  
17.3205080756887710      -55       0.000000e+00                  
19.0525588832576496      -55       0.000000e+00                  
20.7846096908265245      -55       0.000000e+00                  
22.5166604983954031      -55       0.000000e+00                  
24.2487113059642780      -55       0.000000e+00                  
25.9807621135331566      -55       0.000000e+00                  
27.7128129211020351      -55       0.000000e+00                  
29.4448637286709101      -55       0.000000e+00                  
31.1769145362397886      -55       1.497215e-06                  
32.9089653438086671      -55       0.000000e+00                  
34.6410161513775492      -55       1.257893e-07                  
36.3730669589464242      -55       0.000000e+00                  
38.1051177665152991      -55       1.858478e-08                  
39.8371685740841812      -55       0.000000e+00                  
41.5692193816530562      -55       2.423483e-09                  
43.3012701892219312      -55       0.000000e+00                  
45.0333209967908061      -55       3.249197e-10                  
46.7653718043596882      -55       0.000000e+00                  
48.4974226119285632      -55       4.890968e-11                  
50.2294734194974382      -55       0.000000e+00                  
51.9615242270663202      -55       4.890971e-11                  
53.6935750346351952      -55       0.000000e+00                  
55.4256258422040702      -55       3.249201e-10                  
57.1576766497729523      -55       0.000000e+00                  
58.8897274573418272      -55       2.423486e-09                  
60.6217782649107022      -55       0.000000e+00                  
62.3538290724795772      -55       1.858480e-08                  
64.0858798800484522      -55       0.000000e+00                  
65.8179306876173342      -55       1.257894e-07                  
67.5499814951862021      -55       0.000000e+00                  
69.2820323027550842      -55       1.497217e-06                  
71.0140831103239663      -55       0.000000e+00                  
72.7461339178928341      -55       0.000000e+00                  
74.4781847254617162      -55       0.000000e+00                  
76.2102355330305983      -55       0.000000e+00                  
77.9422863405994661      -55       0.000000e+00                  
79.6743371481683482      -55       0.000000e+00                  
81.4063879557372303      -55       0.000000e+00                  
83.1384387633060982      -55       0.000000e+00                  
84.8704895708749802      -55       0.000000e+00                  
86.6025403784438481      -55       0.000000e+00                  
88.3345911860127302      -55       0.000000e+00                  
90.0666419935816123      -55       0.000000e+00                  
91.7986928011504801      -55       0.000000e+00                  
93.5307436087193622      -55       0.000000e+00                  
95.2627944162882443      -55       0.000000e+00                  
96.9948452238571122      -55       0.000000e+00                  
98.7268960314259942      -55       0.000000e+00                  
100.4589468389948763     -55       0.000000e+00                  
102.1909976465637442     -55       0.000000e+00                  
-1.7320508075688772      -53       0.000000e+00                  
0.0000000000000000       -53       0.000000e+00                  
1.7320508075688772       -53       0.000000e+00                  
3.4641016151377548       -53       0.000000e+00                  
5.1961524227066320       -53       0.000000e+00                  
6.9282032302755088       -53       0.000000e+00                  
8.6602540378443873       -53       0.000000e+00                  
10.3923048454132640      -53       0.000000e+00                  
12.1243556529821408      -53       0.000000e+00                  
13.8564064605510175      -53       0.000000e+00                  
15.5884572681198943      -53       0.000000e+00                  
17.3205080756887710      -53       0.000000e+00                  
19.0525588832576496      -53       0.000000e+00                  
20.7846096908265245      -53       0.000000e+00                  
22.5166604983954031      -53       0.000000e+00                  
24.2487113059642780      -53       0.000000e+00                  
25.9807621135331566      -53       0.000000e+00                  
27.7128129211020351      -53       0.000000e+00                  
29.4448637286709101      -53       0.000000e+00                  
31.1769145362397886      -53       7.897457e-08                  
32.9089653438086671      -53       0.000000e+00                  
34.6410161513775492      -53       6.636298e-09                  
36.3730669589464242      -53       0.000000e+00                  
38.1051177665152991      -53       9.805677e-10                  
39.8371685740841812      -53       0.000000e+00                  
41.5692193816530562      -53       1.277823e-10                  
43.3012701892219312      -53       0.000000e+00                  
45.0333209967908061      -53       1.708870e-11                  
46.7653718043596882      -53       0.000000e+00                  
48.4974226119285632      -53       2.566871e-12                  
50.2294734194974382      -53       0.000000e+00                  
51.9615242270663202      -53       2.566873e-12                  
53.6935750346351952      -53       0.000000e+00                  
55.4256258422040702      -53       1.708872e-11                  
57.1576766497729523      -53       0.000000e+00                  
58.8897274573418272      -53       1.277824e-10                  
60.6217782649107022      -53       0.000000e+00                  
62.3538290724795772      -53       9.805687e-10                  
64.0858798800484522      -53       0.000000e+00                  
65.8179306876173342      -53       6.636304e-09                  
67.5499814951862021      -53       0.000000e+00                  
69.2820323027550842      -53       7.897464e-08                  
71.0140831103239663      -53       0.000000e+00                  
72.7461339178928341      -53       0.000000e+00                  
74.4781847254617162      -53       0.000000e+00                  
76.2102355330305983      -53       0.000000e+00                  
77.9422863405994661      -53       0.000000e+00                  
79.6743371481683482      -53       0.000000e+00                  
81.4063879557372303      -53       0.000000e+00                  
83.1384387633060982      -53       0.000000e+00                  
84.8704895708749802      -53       0.000000e+00                  
86.6025403784438481      -53       0.000000e+00                  
88.3345911860127302      -53       0.000000e+00                  
90.0666419935816123      -53       0.000000e+00                  
91.7986928011504801      -53       0.000000e+00                  
93.5307436087193622      -53       0.000000e+00                  
95.2627944162882443      -53       0.000000e+00                  
96.9948452238571122      -53       0.000000e+00                  
98.7268960314259942      -53       0.000000e+00                  
100.4589468389948763     -53       0.000000e+00                  
102.1909976465637442     -53       0.000000e+00                  
-1.7320508075688772      -52       0.000000e+00                  
0.0000000000000000       -52       0.000000e+00                  
1.7320508075688772       -52       0.000000e+00                  
3.4641016151377548       -52       0.000000e+00                  
5.1961524227066320       -52       0.000000e+00                  
6.9282032302755088       -52       0.000000e+00                  
8.6602540378443873       -52       0.000000e+00                  
10.3923048454132640      -52       0.000000e+00                  
12.1243556529821408      -52       0.000000e+00                  
13.8564064605510175      -52       0.000000e+00                  
15.5884572681198943      -52       0.000000e+00                  
17.3205080756887710      -52       0.000000e+00                  
19.0525588832576496      -52       0.000000e+00                  
20.7846096908265245      -52       0.000000e+00                  
22.5166604983954031      -52       0.000000e+00                  
24.2487113059642780      -52       0.000000e+00                  
25.9807621135331566      -52       0.000000e+00                  
27.7128129211020351      -52       0.000000e+00                  
29.4448637286709101      -52       2.881998e-06                  
31.1769145362397886      -52       0.000000e+00                  
32.9089653438086671      -52       2.421216e-07                  
34.6410161513775492      -52       0.000000e+00                  
36.3730669589464242      -52       3.577246e-08                  
38.1051177665152991      -52       0.000000e+00                  
39.8371685740841812      -52       4.665888e-09                  
41.5692193816530562      -52       0.000000e+00                  
43.3012701892219312      -52       6.247572e-10                  
45.0333209967908061      -52       0.000000e+00                  
46.7653718043596882      -52       8.466632e-11                  
48.4974226119285632      -52       0.000000e+00                  
50.2294734194974382      -52       2.225175e-11                  
51.9615242270663202      -52       0.000000e+00                  
53.6935750346351952      -52       8.466640e-11                  
55.4256258422040702      -52       0.000000e+00                  
57.1576766497729523      -52       6.247578e-10                  
58.8897274573418272      -52       0.000000e+00                  
60.6217782649107022      -52       4.665892e-09                  
62.3538290724795772      -52       0.000000e+00                  
64.0858798800484522      -52       3.577249e-08                  
65.8179306876173342      -52       0.000000e+00                  
67.5499814951862021      -52       2.421218e-07                  
69.2820323027550842      -52       0.000000e+00                  
71.0140831103239663      -52       2.882000e-06                  
72.7461339178928341      -52       0.000000e+00                  
74.4781847254617162      -52       0.000000e+00                  
76.2102355330305983      -52       0.000000e+00                  
77.9422863405994661      -52       0.000000e+00                  
79.6743371481683482      -52       0.000000e+00                  
81.4063879557372303      -52       0.000000e+00                  
83.1384387633060982      -52       0.000000e+00                  
84.8704895708749802      -52       0.000000e+00                  
86.6025403784438481      -52       0.000000e+00                  
88.3345911860127302      -52       0.000000e+00                  
90.0666419935816123      -52       0.000000e+00                  
91.7986928011504801      -52       0.000000e+00                  
93.5307436087193622      -52       0.000000e+00                  
95.2627944162882443      -52       0.000000e+00                  
96.9948452238571122      -52       0.000000e+00                  
98.7268960314259942      -52       0.000000e+00                  
100.4589468389948763     -52       0.000000e+00                  
102.1909976465637442     -52       0.000000e+00                  
-1.7320508075688772      -50       0.000000e+00                  
0.0000000000000000       -50       0.000000e+00                  
1.7320508075688772       -50       0.000000e+00                  
3.4641016151377548       -50       0.000000e+00                  
5.1961524227066320       -50       0.000000e+00                  
6.9282032302755088       -50       0.000000e+00                  
8.6602540378443873       -50       0.000000e+00                  
10.3923048454132640      -50       0.000000e+00                  
12.1243556529821408      -50       0.000000e+00                  
13.8564064605510175      -50       0.000000e+00                  
15.5884572681198943      -50       0.000000e+00                  
17.3205080756887710      -50       0.000000e+00                  
19.0525588832576496      -50       0.000000e+00                  
20.7846096908265245      -50       0.000000e+00                  
22.5166604983954031      -50       0.000000e+00                  
24.2487113059642780      -50       0.000000e+00                  
25.9807621135331566      -50       0.000000e+00                  
27.7128129211020351      -50       0.000000e+00                  
29.4448637286709101      -50       1.520254e-07                  
31.1769145362397886      -50       0.000000e+00                  
32.9089653438086671      -50       1.277240e-08                  
34.6410161513775492      -50       0.000000e+00                  
36.3730669589464242      -50       1.885953e-09                  
38.1051177665152991      -50       0.000000e+00                  
39.8371685740841812      -50       2.456083e-10                  
41.5692193816530562      -50       0.000000e+00                  
43.3012701892219312      -50       3.284947e-11                  
45.0333209967908061      -50       0.000000e+00                  
46.7653718043596882      -50       4.479469e-12                  
48.4974226119285632      -50       0.000000e+00                  
50.2294734194974382      -50       1.190006e-12                  
51.9615242270663202      -50       0.000000e+00                  
53.6935750346351952      -50       4.479473e-12                  
55.4256258422040702      -50       0.000000e+00                  
57.1576766497729523      -50       3.284950e-11                  
58.8897274573418272      -50       0.000000e+00                  
60.6217782649107022      -50       2.456085e-10                  
62.3538290724795772      -50       0.000000e+00                  
64.0858798800484522      -50       1.885955e-09                  
65.8179306876173342      -50       0.000000e+00                  
67.5499814951862021      -50       1.277241e-08                  
69.2820323027550842      -50       0.000000e+00                  
71.0140831103239663      -50       1.520255e-07                  
72.7461339178928341      -50       0.000000e+00                  
74.4781847254617162      -50       0.000000e+00                  
76.2102355330305983      -50       0.000000e+00                  
77.9422863405994661      -50       0.000000e+00                  
79.6743371481683482      -50       0.000000e+00                  
81.4063879557372303      -50       0.000000e+00                  
83.1384387633060982      -50       0.000000e+00                  
84.8704895708749802      -50       0.000000e+00                  
86.6025403784438481      -50       0.000000e+00                  
88.3345911860127302      -50       0.000000e+00                  
90.0666419935816123      -50       0.000000e+00                  
91.7986928011504801      -50       0.000000e+00                  
93.5307436087193622      -50       0.000000e+00                  
95.2627944162882443      -50       0.000000e+00                  
96.9948452238571122      -50       0.000000e+00                  
98.7268960314259942      -50       0.000000e+00                  
100.4589468389948763     -50       0.000000e+00                  
102.1909976465637442     -50       0.000000e+00                  
-1.7320508075688772      -49       0.000000e+00                  
0.0000000000000000       -49       0.000000e+00                  
1.7320508075688772       -49       0.000000e+00                  
3.4641016151377548       -49       0.000000e+00                  
5.1961524227066320       -49       0.000000e+00                  
6.9282032302755088       -49       0.000000e+00                  
8.6602540378443873       -49       0.000000e+00                  
10.3923048454132640      -49       0.000000e+00                  
12.1243556529821408      -49       0.000000e+00                  
13.8564064605510175      -49       0.000000e+00                  
15.5884572681198943      -49       0.000000e+00                  
17.3205080756887710      -49       0.000000e+00                  
19.0525588832576496      -49       0.000000e+00                  
20.7846096908265245      -49       0.000000e+00                  
22.5166604983954031      -49       0.000000e+00                  
24.2487113059642780      -49       0.000000e+00                  
25.9807621135331566      -49       0.000000e+00                  
27.7128129211020351      -49       5.547603e-06                  
29.4448637286709101      -49       0.000000e+00                  
31.1769145362397886      -49       4.660811e-07                  
32.9089653438086671      -49       0.000000e+00                  
34.6410161513775492      -49       6.887605e-08                  
36.3730669589464242      -49       0.000000e+00                  
38.1051177665152991      -49       8.987881e-09                  
39.8371685740841812      -49       0.000000e+00                  
41.5692193816530562      -49       1.203368e-09                  
43.3012701892219312      -49       0.000000e+00                  
45.0333209967908061      -49       1.604920e-10                  
46.7653718043596882      -49       0.000000e+00                  
48.4974226119285632      -49       2.404596e-11                  
50.2294734194974382      -49       0.000000e+00                  
51.9615242270663202      -49       2.404598e-11                  
53.6935750346351952      -49       0.000000e+00                  
55.4256258422040702      -49       1.604922e-10                  
57.1576766497729523      -49       0.000000e+00                  
58.8897274573418272      -49       1.203369e-09                  
60.6217782649107022      -49       0.000000e+00                  
62.3538290724795772      -49       8.987890e-09                  
64.0858798800484522      -49       0.000000e+00                  
65.8179306876173342      -49       6.887612e-08                  
67.5499814951862021      -49       0.000000e+00                  
69.2820323027550842      -49       4.660816e-07                  
71.0140831103239663      -49       0.000000e+00                  
72.7461339178928341      -49       5.547608e-06                  
74.4781847254617162      -49       0.000000e+00                  
76.2102355330305983      -49       0.000000e+00                  
77.9422863405994661      -49       0.000000e+00                  
79.6743371481683482      -49       0.000000e+00                  
81.4063879557372303      -49       0.000000e+00                  
83.1384387633060982      -49       0.000000e+00                  
84.8704895708749802      -49       0.000000e+00                  
86.6025403784438481      -49       0.000000e+00                  
88.3345911860127302      -49       0.000000e+00                  
90.0666419935816123      -49       0.000000e+00                  
91.7986928011504801      -49       0.000000e+00                  
93.5307436087193622      -49       0.000000e+00                  
95.2627944162882443      -49       0.000000e+00                  
96.9948452238571122      -49       0.000000e+00                  
98.7268960314259942      -49       0.000000e+00                  
100.4589468389948763     -49       0.000000e+00                  
102.1909976465637442     -49       0.000000e+00                  
-1.7320508075688772      -47       0.000000e+00                  
0.0000000000000000       -47       0.000000e+00                  
1.7320508075688772       -47       0.000000e+00                  
3.4641016151377548       -47       0.000000e+00                  
5.1961524227066320       -47       0.000000e+00                  
6.9282032302755088       -47       0.000000e+00                  
8.6602540378443873       -47       0.000000e+00                  
10.3923048454132640      -47       0.000000e+00                  
12.1243556529821408      -47       0.000000e+00                  
13.8564064605510175      -47       0.000000e+00                  
15.5884572681198943      -47       0.000000e+00                  
17.3205080756887710      -47       0.000000e+00                  
19.0525588832576496      -47       0.000000e+00                  
20.7846096908265245      -47       0.000000e+00                  
22.5166604983954031      -47       0.000000e+00                  
24.2487113059642780      -47       0.000000e+00                  
25.9807621135331566      -47       0.000000e+00                  
27.7128129211020351      -47       2.926212e-07                  
29.4448637286709101      -47       0.000000e+00                  
31.1769145362397886      -47       2.457442e-08                  
32.9089653438086671      -47       0.000000e+00                  
34.6410161513775492      -47       3.628368e-09                  
36.3730669589464242      -47       0.000000e+00                  
38.1051177665152991      -47       4.735091e-10                  
39.8371685740841812      -47       0.000000e+00                  
41.5692193816530562      -47       6.369528e-11                  
43.3012701892219312      -47       0.000000e+00                  
45.0333209967908061      -47       8.595219e-12                  
46.7653718043596882      -47       0.000000e+00                  
48.4974226119285632      -47       1.298772e-12                  
50.2294734194974382      -47       0.000000e+00                  
51.9615242270663202      -47       1.298773e-12                  
53.6935750346351952      -47       0.000000e+00                  
55.4256258422040702      -47       8.595227e-12                  
57.1576766497729523      -47       0.000000e+00                  
58.8897274573418272      -47       6.369534e-11                  
60.6217782649107022      -47       0.000000e+00                  
62.3538290724795772      -47       4.735096e-10                  
64.0858798800484522      -47       0.000000e+00                  
65.8179306876173342      -47       3.628372e-09                  
67.5499814951862021      -47       0.000000e+00                  
69.2820323027550842      -47       2.457445e-08                  
71.0140831103239663      -47       0.000000e+00                  
72.7461339178928341      -47       2.926215e-07                  
74.4781847254617162      -47       0.000000e+00                  
76.2102355330305983      -47       0.000000e+00                  
77.9422863405994661      -47       0.000000e+00                  
79.6743371481683482      -47       0.000000e+00                  
81.4063879557372303      -47       0.000000e+00                  
83.1384387633060982      -47       0.000000e+00                  
84.8704895708749802      -47       0.000000e+00                  
86.6025403784438481      -47       0.000000e+00                  
88.3345911860127302      -47       0.000000e+00                  
90.0666419935816123      -47       0.000000e+00                  
91.7986928011504801      -47       0.000000e+00                  
93.5307436087193622      -47       0.000000e+00                  
95.2627944162882443      -47       0.000000e+00                  
96.9948452238571122      -47       0.000000e+00                  
98.7268960314259942      -47       0.000000e+00                  
100.4589468389948763     -47       0.000000e+00                  
102.1909976465637442     -47       0.000000e+00                  
-1.7320508075688772      -46       0.000000e+00                  
0.0000000000000000       -46       0.000000e+00                  
1.7320508075688772       -46       0.000000e+00                  
3.4641016151377548       -46       0.000000e+00                  
5.1961524227066320       -46       0.000000e+00                  
6.9282032302755088       -46       0.000000e+00                  
8.6602540378443873       -46       0.000000e+00                  
10.3923048454132640      -46       0.000000e+00                  
12.1243556529821408      -46       0.000000e+00                  
13.8564064605510175      -46       0.000000e+00                  
15.5884572681198943      -46       0.000000e+00                  
17.3205080756887710      -46       0.000000e+00                  
19.0525588832576496      -46       0.000000e+00                  
20.7846096908265245      -46       0.000000e+00                  
22.5166604983954031      -46       0.000000e+00                  
24.2487113059642780      -46       0.000000e+00                  
25.9807621135331566      -46       1.067929e-05                  
27.7128129211020351      -46       0.000000e+00                  
29.4448637286709101      -46       8.973593e-07                  
31.1769145362397886      -46       0.000000e+00                  
32.9089653438086671      -46       1.326358e-07                  
34.6410161513775492      -46       0.000000e+00                  
36.3730669589464242      -46       1.730548e-08                  
38.1051177665152991      -46       0.000000e+00                  
39.8371685740841812      -46       2.313190e-09                  
41.5692193816530562      -46       0.000000e+00                  
43.3012701892219312      -46       3.067136e-10                  
45.0333209967908061      -46       0.000000e+00                  
46.7653718043596882      -46       4.125512e-11                  
48.4974226119285632      -46       0.000000e+00                  
50.2294734194974382      -46       1.072127e-11                  
51.9615242270663202      -46       0.000000e+00                  
53.6935750346351952      -46       4.125516e-11                  
55.4256258422040702      -46       0.000000e+00                  
57.1576766497729523      -46       3.067139e-10                  
58.8897274573418272      -46       0.000000e+00                  
60.6217782649107022      -46       2.313193e-09                  
62.3538290724795772      -46       0.000000e+00                  
64.0858798800484522      -46       1.730550e-08                  
65.8179306876173342      -46       0.000000e+00                  
67.5499814951862021      -46       1.326359e-07                  
69.2820323027550842      -46       0.000000e+00                  
71.0140831103239663      -46       8.973601e-07                  
72.7461339178928341      -46       0.000000e+00                  
74.4781847254617162      -46       1.067930e-05                  
76.2102355330305983      -46       0.000000e+00                  
77.9422863405994661      -46       0.000000e+00                  
79.6743371481683482      -46       0.000000e+00                  
81.4063879557372303      -46       0.000000e+00                  
83.1384387633060982      -46       0.000000e+00                  
84.8704895708749802      -46       0.000000e+00                  
86.6025403784438481      -46       0.000000e+00                  
88.3345911860127302      -46       0.000000e+00                  
90.0666419935816123      -46       0.000000e+00                  
91.7986928011504801      -46       0.000000e+00                  
93.5307436087193622      -46       0.000000e+00                  
95.2627944162882443      -46       0.000000e+00                  
96.9948452238571122      -46       0.000000e+00                  
98.7268960314259942      -46       0.000000e+00                  
100.4589468389948763     -46       0.000000e+00                  
102.1909976465637442     -46       0.000000e+00                  
-1.7320508075688772      -44       0.000000e+00                  
0.0000000000000000       -44       0.000000e+00                  
1.7320508075688772       -44       0.000000e+00                  
3.4641016151377548       -44       0.000000e+00                  
5.1961524227066320       -44       0.000000e+00                  
6.9282032302755088       -44       0.000000e+00                  
8.6602540378443873       -44       0.000000e+00                  
10.3923048454132640      -44       0.000000e+00                  
12.1243556529821408      -44       0.000000e+00                  
13.8564064605510175      -44       0.000000e+00                  
15.5884572681198943      -44       0.000000e+00                  
17.3205080756887710      -44       0.000000e+00                  
19.0525588832576496      -44       0.000000e+00                  
20.7846096908265245      -44       0.000000e+00                  
22.5166604983954031      -44       0.000000e+00                  
24.2487113059642780      -44       0.000000e+00                  
25.9807621135331566      -44       5.632101e-07                  
27.7128129211020351      -44       0.000000e+00                  
29.4448637286709101      -44       4.730060e-08                  
31.1769145362397886      -44       0.000000e+00                  
32.9089653438086671      -44       6.995254e-09                  
34.6410161513775492      -44       0.000000e+00                  
36.3730669589464242      -44       9.163180e-10                  
38.1051177665152991      -44       0.000000e+00                  
39.8371685740841812      -44       1.234085e-10                  
41.5692193816530562      -44       0.000000e+00                  
43.3012701892219312      -44       1.639155e-11                  
45.0333209967908061      -44       0.000000e+00                  
46.7653718043596882      -44       2.136632e-12                  
48.4974226119285632      -44       0.000000e+00                  
50.2294734194974382      -44       5.133682e-13                  
51.9615242270663202      -44       0.000000e+00                  
53.6935750346351952      -44       2.136634e-12                  
55.4256258422040702      -44       0.000000e+00                  
57.1576766497729523      -44       1.639156e-11                  
58.8897274573418272      -44       0.000000e+00                  
60.6217782649107022      -44       1.234086e-10                  
62.3538290724795772      -44       0.000000e+00                  
64.0858798800484522      -44       9.163189e-10                  
65.8179306876173342      -44       0.000000e+00                  
67.5499814951862021      -44       6.995260e-09                  
69.2820323027550842      -44       0.000000e+00                  
71.0140831103239663      -44       4.730065e-08                  
72.7461339178928341      -44       0.000000e+00                  
74.4781847254617162      -44       5.632107e-07                  
76.2102355330305983      -44       0.000000e+00                  
77.9422863405994661      -44       0.000000e+00                  
79.6743371481683482      -44       0.000000e+00                  
81.4063879557372303      -44       0.000000e+00                  
83.1384387633060982      -44       0.000000e+00                  
84.8704895708749802      -44       0.000000e+00                  
86.6025403784438481      -44       0.000000e+00                  
88.3345911860127302      -44       0.000000e+00                  
90.0666419935816123      -44       0.000000e+00                  
91.7986928011504801      -44       0.000000e+00                  
93.5307436087193622      -44       0.000000e+00                  
95.2627944162882443      -44       0.000000e+00                  
96.9948452238571122      -44       0.000000e+00                  
98.7268960314259942      -44       0.000000e+00                  
100.4589468389948763     -44       0.000000e+00                  
102.1909976465637442     -44       0.000000e+00                  
-1.7320508075688772      -43       0.000000e+00                  
0.0000000000000000       -43       0.000000e+00                  
1.7320508075688772       -43       0.000000e+00                  
3.4641016151377548       -43       0.000000e+00                  
5.1961524227066320       -43       0.000000e+00                  
6.9282032302755088       -43       0.000000e+00                  
8.6602540378443873       -43       0.000000e+00                  
10.3923048454132640      -43       0.000000e+00                  
12.1243556529821408      -43       0.000000e+00                  
13.8564064605510175      -43       0.000000e+00                  
15.5884572681198943      -43       0.000000e+00                  
17.3205080756887710      -43       0.000000e+00                  
19.0525588832576496      -43       0.000000e+00                  
20.7846096908265245      -43       0.000000e+00                  
22.5166604983954031      -43       0.000000e+00                  
24.2487113059642780      -43       2.055893e-05                  
25.9807621135331566      -43       0.000000e+00                  
27.7128129211020351      -43       1.727649e-06                  
29.4448637286709101      -43       0.000000e+00                  
31.1769145362397886      -43       2.552757e-07                  
32.9089653438086671      -43       0.000000e+00                  
34.6410161513775492      -43       3.326235e-08                  
36.3730669589464242      -43       0.000000e+00                  
38.1051177665152991      -43       4.435577e-09                  
39.8371685740841812      -43       0.000000e+00                  
41.5692193816530562      -43       5.876338e-10                  
43.3012701892219312      -43       0.000000e+00                  
45.0333209967908061      -43       7.856425e-11                  
46.7653718043596882      -43       0.000000e+00                  
48.4974226119285632      -43       1.216030e-11                  
50.2294734194974382      -43       0.000000e+00                  
51.9615242270663202      -43       1.216031e-11                  
53.6935750346351952      -43       0.000000e+00                  
55.4256258422040702      -43       7.856433e-11                  
57.1576766497729523      -43       0.000000e+00                  
58.8897274573418272      -43       5.876344e-10                  
60.6217782649107022      -43       0.000000e+00                  
62.3538290724795772      -43       4.435581e-09                  
64.0858798800484522      -43       0.000000e+00                  
65.8179306876173342      -43       3.326238e-08                  
67.5499814951862021      -43       0.000000e+00                  
69.2820323027550842      -43       2.552759e-07                  
71.0140831103239663      -43       0.000000e+00                  
72.7461339178928341      -43       1.727651e-06                  
74.4781847254617162      -43       0.000000e+00                  
76.2102355330305983      -43       2.055895e-05                  
77.9422863405994661      -43       0.000000e+00                  
79.6743371481683482      -43       0.000000e+00                  
81.4063879557372303      -43       0.000000e+00                  
83.1384387633060982      -43       0.000000e+00                  
84.8704895708749802      -43       0.000000e+00                  
86.6025403784438481      -43       0.000000e+00                  
88.3345911860127302      -43       0.000000e+00                  
90.0666419935816123      -43       0.000000e+00                  
91.7986928011504801      -43       0.000000e+00                  
93.5307436087193622      -43       0.000000e+00                  
95.2627944162882443      -43       0.000000e+00                  
96.9948452238571122      -43       0.000000e+00                  
98.7268960314259942      -43       0.000000e+00                  
100.4589468389948763     -43       0.000000e+00                  
102.1909976465637442     -43       0.000000e+00                  
-1.7320508075688772      -41       0.000000e+00                  
0.0000000000000000       -41       0.000000e+00                  
1.7320508075688772       -41       0.000000e+00                  
3.4641016151377548       -41       0.000000e+00                  
5.1961524227066320       -41       0.000000e+00                  
6.9282032302755088       -41       0.000000e+00                  
8.6602540378443873       -41       0.000000e+00                  
10.3923048454132640      -41       0.000000e+00                  
12.1243556529821408      -41       0.000000e+00                  
13.8564064605510175      -41       0.000000e+00                  
15.5884572681198943      -41       0.000000e+00                  
17.3205080756887710      -41       0.000000e+00                  
19.0525588832576496      -41       0.000000e+00                  
20.7846096908265245      -41       0.000000e+00                  
22.5166604983954031      -41       0.000000e+00                  
24.2487113059642780      -41       1.084198e-06                  
25.9807621135331566      -41       0.000000e+00                  
27.7128129211020351      -41       9.115541e-08                  
29.4448637286709101      -41       0.000000e+00                  
31.1769145362397886      -41       1.350670e-08                  
32.9089653438086671      -41       0.000000e+00                  
34.6410161513775492      -41       1.767067e-09                  
36.3730669589464242      -41       0.000000e+00                  
38.1051177665152991      -41       2.347865e-10                  
39.8371685740841812      -41       0.000000e+00                  
41.5692193816530562      -41       3.025055e-11                  
43.3012701892219312      -41       0.000000e+00                  
45.0333209967908061      -41       3.817454e-12                  
46.7653718043596882      -41       0.000000e+00                  
48.4974226119285632      -41       5.748942e-13                  
50.2294734194974382      -41       0.000000e+00                  
51.9615242270663202      -41       5.748946e-13                  
53.6935750346351952      -41       0.000000e+00                  
55.4256258422040702      -41       3.817458e-12                  
57.1576766497729523      -41       0.000000e+00                  
58.8897274573418272      -41       3.025058e-11                  
60.6217782649107022      -41       0.000000e+00                  
62.3538290724795772      -41       2.347867e-10                  
64.0858798800484522      -41       0.000000e+00                  
65.8179306876173342      -41       1.767069e-09                  
67.5499814951862021      -41       0.000000e+00                  
69.2820323027550842      -41       1.350672e-08                  
71.0140831103239663      -41       0.000000e+00                  
72.7461339178928341      -41       9.115549e-08                  
74.4781847254617162      -41       0.000000e+00                  
76.2102355330305983      -41       1.084199e-06                  
77.9422863405994661      -41       0.000000e+00                  
79.6743371481683482      -41       0.000000e+00                  
81.4063879557372303      -41       0.000000e+00                  
83.1384387633060982      -41       0.000000e+00                  
84.8704895708749802      -41       0.000000e+00                  
86.6025403784438481      -41       0.000000e+00                  
88.3345911860127302      -41       0.000000e+00                  
90.0666419935816123      -41       0.000000e+00                  
91.7986928011504801      -41       0.000000e+00                  
93.5307436087193622      -41       0.000000e+00                  
95.2627944162882443      -41       0.000000e+00                  
96.9948452238571122      -41       0.000000e+00                  
98.7268960314259942      -41       0.000000e+00                  
100.4589468389948763     -41       0.000000e+00                  
102.1909976465637442     -41       0.000000e+00                  
-1.7320508075688772      -40       0.000000e+00                  
0.0000000000000000       -40       0.000000e+00                  
1.7320508075688772       -40       0.000000e+00                  
3.4641016151377548       -40       0.000000e+00                  
5.1961524227066320       -40       0.000000e+00                  
6.9282032302755088       -40       0.000000e+00                  
8.6602540378443873       -40       0.000000e+00                  
10.3923048454132640      -40       0.000000e+00                  
12.1243556529821408      -40       0.000000e+00                  
13.8564064605510175      -40       0.000000e+00                  
15.5884572681198943      -40       0.000000e+00                  
17.3205080756887710      -40       0.000000e+00                  
19.0525588832576496      -40       0.000000e+00                  
20.7846096908265245      -40       0.000000e+00                  
22.5166604983954031      -40       3.957455e-05                  
24.2487113059642780      -40       0.000000e+00                  
25.9807621135331566      -40       3.324525e-06                  
27.7128129211020351      -40       0.000000e+00                  
29.4448637286709101      -40       4.908009e-07                  
31.1769145362397886      -40       0.000000e+00                  
32.9089653438086671      -40       6.388284e-08                  
34.6410161513775492      -40       0.000000e+00                  
36.3730669589464242      -40       8.531333e-09                  
38.1051177665152991      -40       0.000000e+00                  
39.8371685740841812      -40       1.140696e-09                  
41.5692193816530562      -40       0.000000e+00                  
43.3012701892219312      -40       1.551824e-10                  
45.0333209967908061      -40       0.000000e+00                  
46.7653718043596882      -40       2.183522e-11                  
48.4974226119285632      -40       0.000000e+00                  
50.2294734194974382      -40       5.870592e-12                  
51.9615242270663202      -40       0.000000e+00                  
53.6935750346351952      -40       2.183524e-11                  
55.4256258422040702      -40       0.000000e+00                  
57.1576766497729523      -40       1.551825e-10                  
58.8897274573418272      -40       0.000000e+00                  
60.6217782649107022      -40       1.140697e-09                  
62.3538290724795772      -40       0.000000e+00                  
64.0858798800484522      -40       8.531341e-09                  
65.8179306876173342      -40       0.000000e+00                  
67.5499814951862021      -40       6.388290e-08                  
69.2820323027550842      -40       0.000000e+00                  
71.0140831103239663      -40       4.908014e-07                  
72.7461339178928341      -40       0.000000e+00                  
74.4781847254617162      -40       3.324528e-06                  
76.2102355330305983      -40       0.000000e+00                  
77.9422863405994661      -40       3.957458e-05                  
79.6743371481683482      -40       0.000000e+00                  
81.4063879557372303      -40       0.000000e+00                  
83.1384387633060982      -40       0.000000e+00                  
84.8704895708749802      -40       0.000000e+00                  
86.6025403784438481      -40       0.000000e+00                  
88.3345911860127302      -40       0.000000e+00                  
90.0666419935816123      -40       0.000000e+00                  
91.7986928011504801      -40       0.000000e+00                  
93.5307436087193622      -40       0.000000e+00                  
95.2627944162882443      -40       0.000000e+00                  
96.9948452238571122      -40       0.000000e+00                  
98.7268960314259942      -40       0.000000e+00                  
100.4589468389948763     -40       0.000000e+00                  
102.1909976465637442     -40       0.000000e+00                  
-1.7320508075688772      -38       0.000000e+00                  
0.0000000000000000       -38       0.000000e+00                  
1.7320508075688772       -38       0.000000e+00                  
3.4641016151377548       -38       0.000000e+00                  
5.1961524227066320       -38       0.000000e+00                  
6.9282032302755088       -38       0.000000e+00                  
8.6602540378443873       -38       0.000000e+00                  
10.3923048454132640      -38       0.000000e+00                  
12.1243556529821408      -38       0.000000e+00                  
13.8564064605510175      -38       0.000000e+00                  
15.5884572681198943      -38       0.000000e+00                  
17.3205080756887710      -38       0.000000e+00                  
19.0525588832576496      -38       0.000000e+00                  
20.7846096908265245      -38       0.000000e+00                  
22.5166604983954031      -38       2.087816e-06                  
24.2487113059642780      -38       0.000000e+00                  
25.9807621135331566      -38       1.757228e-07                  
27.7128129211020351      -38       0.000000e+00                  
29.4448637286709101      -38       2.598189e-08                  
31.1769145362397886      -38       0.000000e+00                  
32.9089653438086671      -38       3.362504e-09                  
34.6410161513775492      -38       0.000000e+00                  
36.3730669589464242      -38       4.387525e-10                  
38.1051177665152991      -38       0.000000e+00                  
39.8371685740841812      -38       5.662248e-11                  
41.5692193816530562      -38       0.000000e+00                  
43.3012701892219312      -38       7.745701e-12                  
45.0333209967908061      -38       0.000000e+00                  
46.7653718043596882      -38       1.280335e-12                  
48.4974226119285632      -38       0.000000e+00                  
50.2294734194974382      -38       4.665944e-13                  
51.9615242270663202      -38       0.000000e+00                  
53.6935750346351952      -38       1.280336e-12                  
55.4256258422040702      -38       0.000000e+00                  
57.1576766497729523      -38       7.745708e-12                  
58.8897274573418272      -38       0.000000e+00                  
60.6217782649107022      -38       5.662254e-11                  
62.3538290724795772      -38       0.000000e+00                  
64.0858798800484522      -38       4.387529e-10                  
65.8179306876173342      -38       0.000000e+00                  
67.5499814951862021      -38       3.362508e-09                  
69.2820323027550842      -38       0.000000e+00                  
71.0140831103239663      -38       2.598192e-08                  
72.7461339178928341      -38       0.000000e+00                  
74.4781847254617162      -38       1.757230e-07                  
76.2102355330305983      -38       0.000000e+00                  
77.9422863405994661      -38       2.087818e-06                  
79.6743371481683482      -38       0.000000e+00                  
81.4063879557372303      -38       0.000000e+00                  
83.1384387633060982      -38       0.000000e+00                  
84.8704895708749802      -38       0.000000e+00                  
86.6025403784438481      -38       0.000000e+00                  
88.3345911860127302      -38       0.000000e+00                  
90.0666419935816123      -38       0.000000e+00                  
91.7986928011504801      -38       0.000000e+00                  
93.5307436087193622      -38       0.000000e+00                  
95.2627944162882443      -38       0.000000e+00                  
96.9948452238571122      -38       0.000000e+00                  
98.7268960314259942      -38       0.000000e+00                  
100.4589468389948763     -38       0.000000e+00                  
102.1909976465637442     -38       0.000000e+00                  
-1.7320508075688772      -37       0.000000e+00                  
0.0000000000000000       -37       0.000000e+00                  
1.7320508075688772       -37       0.000000e+00                  
3.4641016151377548       -37       0.000000e+00                  
5.1961524227066320       -37       0.000000e+00                  
6.9282032302755088       -37       0.000000e+00                  
8.6602540378443873       -37       0.000000e+00                  
10.3923048454132640      -37       0.000000e+00                  
12.1243556529821408      -37       0.000000e+00                  
13.8564064605510175      -37       0.000000e+00                  
15.5884572681198943      -37       0.000000e+00                  
17.3205080756887710      -37       0.000000e+00                  
19.0525588832576496      -37       0.000000e+00                  
20.7846096908265245      -37       7.616049e-05                  
22.5166604983954031      -37       0.000000e+00                  
24.2487113059642780      -37       6.394514e-06                  
25.9807621135331566      -37       0.000000e+00                  
27.7128129211020351      -37       9.439184e-07                  
29.4448637286709101      -37       0.000000e+00                  
31.1769145362397886      -37       1.231402e-07                  
32.9089653438086671      -37       0.000000e+00                  
34.6410161513775492      -37       1.657208e-08                  
36.3730669589464242      -37       0.000000e+00                  
38.1051177665152991      -37       2.242233e-09                  
39.8371685740841812      -37       0.000000e+00                  
41.5692193816530562      -37       3.051421e-10                  
43.3012701892219312      -37       0.000000e+00                  
45.0333209967908061      -37       4.036356e-11                  
46.7653718043596882      -37       0.000000e+00                  
48.4974226119285632      -37       5.278635e-12                  
50.2294734194974382      -37       0.000000e+00                  
51.9615242270663202      -37       5.278639e-12                  
53.6935750346351952      -37       0.000000e+00                  
55.4256258422040702      -37       4.036360e-11                  
57.1576766497729523      -37       0.000000e+00                  
58.8897274573418272      -37       3.051424e-10                  
60.6217782649107022      -37       0.000000e+00                  
62.3538290724795772      -37       2.242236e-09                  
64.0858798800484522      -37       0.000000e+00                  
65.8179306876173342      -37       1.657210e-08                  
67.5499814951862021      -37       0.000000e+00                  
69.2820323027550842      -37       1.231403e-07                  
71.0140831103239663      -37       0.000000e+00                  
72.7461339178928341      -37       9.439193e-07                  
74.4781847254617162      -37       0.000000e+00                  
76.2102355330305983      -37       6.394520e-06                  
77.9422863405994661      -37       0.000000e+00                  
79.6743371481683482      -37       7.616056e-05                  
81.4063879557372303      -37       0.000000e+00                  
83.1384387633060982      -37       0.000000e+00                  
84.8704895708749802      -37       0.000000e+00                  
86.6025403784438481      -37       0.000000e+00                  
88.3345911860127302      -37       0.000000e+00                  
90.0666419935816123      -37       0.000000e+00                  
91.7986928011504801      -37       0.000000e+00                  
93.5307436087193622      -37       0.000000e+00                  
95.2627944162882443      -37       0.000000e+00                  
96.9948452238571122      -37       0.000000e+00                  
98.7268960314259942      -37       0.000000e+00                  
100.4589468389948763     -37       0.000000e+00                  
102.1909976465637442     -37       0.000000e+00                  
-1.7320508075688772      -35       0.000000e+00                  
0.0000000000000000       -35       0.000000e+00                  
1.7320508075688772       -35       0.000000e+00                  
3.4641016151377548       -35       0.000000e+00                  
5.1961524227066320       -35       0.000000e+00                  
6.9282032302755088       -35       0.000000e+00                  
8.6602540378443873       -35       0.000000e+00                  
10.3923048454132640      -35       0.000000e+00                  
12.1243556529821408      -35       0.000000e+00                  
13.8564064605510175      -35       0.000000e+00                  
15.5884572681198943      -35       0.000000e+00                  
17.3205080756887710      -35       0.000000e+00                  
19.0525588832576496      -35       0.000000e+00                  
20.7846096908265245      -35       4.020134e-06                  
22.5166604983954031      -35       0.000000e+00                  
24.2487113059642780      -35       3.377698e-07                  
25.9807621135331566      -35       0.000000e+00                  
27.7128129211020351      -35       4.957910e-08                  
29.4448637286709101      -35       0.000000e+00                  
31.1769145362397886      -35       6.360354e-09                  
32.9089653438086671      -35       0.000000e+00                  
34.6410161513775492      -35       8.423109e-10                  
36.3730669589464242      -35       0.000000e+00                  
38.1051177665152991      -35       1.175824e-10                  
39.8371685740841812      -35       0.000000e+00                  
41.5692193816530562      -35       1.841533e-11                  
43.3012701892219312      -35       0.000000e+00                  
45.0333209967908061      -35       3.081524e-12                  
46.7653718043596882      -35       0.000000e+00                  
48.4974226119285632      -35       4.556845e-13                  
50.2294734194974382      -35       0.000000e+00                  
51.9615242270663202      -35       4.556849e-13                  
53.6935750346351952      -35       0.000000e+00                  
55.4256258422040702      -35       3.081527e-12                  
57.1576766497729523      -35       0.000000e+00                  
58.8897274573418272      -35       1.841535e-11                  
60.6217782649107022      -35       0.000000e+00                  
62.3538290724795772      -35       1.175825e-10                  
64.0858798800484522      -35       0.000000e+00                  
65.8179306876173342      -35       8.423117e-10                  
67.5499814951862021      -35       0.000000e+00                  
69.2820323027550842      -35       6.360360e-09                  
71.0140831103239663      -35       0.000000e+00                  
72.7461339178928341      -35       4.957915e-08                  
74.4781847254617162      -35       0.000000e+00                  
76.2102355330305983      -35       3.377701e-07                  
77.9422863405994661      -35       0.000000e+00                  
79.6743371481683482      -35       4.020138e-06                  
81.4063879557372303      -35       0.000000e+00                  
83.1384387633060982      -35       0.000000e+00                  
84.8704895708749802      -35       0.000000e+00                  
86.6025403784438481      -35       0.000000e+00                  
88.3345911860127302      -35       0.000000e+00                  
90.0666419935816123      -35       0.000000e+00                  
91.7986928011504801      -35       0.000000e+00                  
93.5307436087193622      -35       0.000000e+00                  
95.2627944162882443      -35       0.000000e+00                  
96.9948452238571122      -35       0.000000e+00                  
98.7268960314259942      -35       0.000000e+00                  
100.4589468389948763     -35       0.000000e+00                  
102.1909976465637442     -35       0.000000e+00                  
-1.7320508075688772      -34       0.000000e+00                  
0.0000000000000000       -34       0.000000e+00                  
1.7320508075688772       -34       0.000000e+00                  
3.4641016151377548       -34       0.000000e+00                  
5.1961524227066320       -34       0.000000e+00                  
6.9282032302755088       -34       0.000000e+00                  
8.6602540378443873       -34       0.000000e+00                  
10.3923048454132640      -34       0.000000e+00                  
12.1243556529821408      -34       0.000000e+00                  
13.8564064605510175      -34       0.000000e+00                  
15.5884572681198943      -34       0.000000e+00                  
17.3205080756887710      -34       0.000000e+00                  
19.0525588832576496      -34       1.465699e-04                  
20.7846096908265245      -34       0.000000e+00                  
22.5166604983954031      -34       1.230948e-05                  
24.2487113059642780      -34       0.000000e+00                  
25.9807621135331566      -34       1.821008e-06                  
27.7128129211020351      -34       0.000000e+00                  
29.4448637286709101      -34       2.388363e-07                  
31.1769145362397886      -34       0.000000e+00                  
32.9089653438086671      -34       3.230117e-08                  
34.6410161513775492      -34       0.000000e+00                  
36.3730669589464242      -34       4.327552e-09                  
38.1051177665152991      -34       0.000000e+00                  
39.8371685740841812      -34       5.604336e-10                  
41.5692193816530562      -34       0.000000e+00                  
43.3012701892219312      -34       6.668511e-11                  
45.0333209967908061      -34       0.000000e+00                  
46.7653718043596882      -34       7.221782e-12                  
48.4974226119285632      -34       0.000000e+00                  
50.2294734194974382      -34       1.554393e-12                  
51.9615242270663202      -34       0.000000e+00                  
53.6935750346351952      -34       7.221789e-12                  
55.4256258422040702      -34       0.000000e+00                  
57.1576766497729523      -34       6.668517e-11                  
58.8897274573418272      -34       0.000000e+00                  
60.6217782649107022      -34       5.604341e-10                  
62.3538290724795772      -34       0.000000e+00                  
64.0858798800484522      -34       4.327557e-09                  
65.8179306876173342      -34       0.000000e+00                  
67.5499814951862021      -34       3.230120e-08                  
69.2820323027550842      -34       0.000000e+00                  
71.0140831103239663      -34       2.388366e-07                  
72.7461339178928341      -34       0.000000e+00                  
74.4781847254617162      -34       1.821010e-06                  
76.2102355330305983      -34       0.000000e+00                  
77.9422863405994661      -34       1.230949e-05                  
79.6743371481683482      -34       0.000000e+00                  
81.4063879557372303      -34       1.465700e-04                  
83.1384387633060982      -34       0.000000e+00                  
84.8704895708749802      -34       0.000000e+00                  
86.6025403784438481      -34       0.000000e+00                  
88.3345911860127302      -34       0.000000e+00                  
90.0666419935816123      -34       0.000000e+00                  
91.7986928011504801      -34       0.000000e+00                  
93.5307436087193622      -34       0.000000e+00                  
95.2627944162882443      -34       0.000000e+00                  
96.9948452238571122      -34       0.000000e+00                  
98.7268960314259942      -34       0.000000e+00                  
100.4589468389948763     -34       0.000000e+00                  
102.1909976465637442     -34       0.000000e+00                  
-1.7320508075688772      -32       0.000000e+00                  
0.0000000000000000       -32       0.000000e+00                  
1.7320508075688772       -32       0.000000e+00                  
3.4641016151377548       -32       0.000000e+00                  
5.1961524227066320       -32       0.000000e+00                  
6.9282032302755088       -32       0.000000e+00                  
8.6602540378443873       -32       0.000000e+00                  
10.3923048454132640      -32       0.000000e+00                  
12.1243556529821408      -32       0.000000e+00                  
13.8564064605510175      -32       0.000000e+00                  
15.5884572681198943      -32       0.000000e+00                  
17.3205080756887710      -32       0.000000e+00                  
19.0525588832576496      -32       7.733161e-06                  
20.7846096908265245      -32       0.000000e+00                  
22.5166604983954031      -32       6.466497e-07                  
24.2487113059642780      -32       0.000000e+00                  
25.9807621135331566      -32       9.469071e-08                  
27.7128129211020351      -32       0.000000e+00                  
29.4448637286709101      -32       1.237811e-08                  
31.1769145362397886      -32       0.000000e+00                  
32.9089653438086671      -32       1.744361e-09                  
34.6410161513775492      -32       0.000000e+00                  
36.3730669589464242      -32       2.626894e-10                  
38.1051177665152991      -32       0.000000e+00                  
39.8371685740841812      -32       3.935016e-11                  
41.5692193816530562      -32       0.000000e+00                  
43.3012701892219312      -32       4.533204e-12                  
45.0333209967908061      -32       0.000000e+00                  
46.7653718043596882      -32       2.090581e-13                  
48.4974226119285632      -32       0.000000e+00                  
50.2294734194974382      -32       1.752193e-14                  
51.9615242270663202      -32       0.000000e+00                  
53.6935750346351952      -32       2.090583e-13                  
55.4256258422040702      -32       0.000000e+00                  
57.1576766497729523      -32       4.533209e-12                  
58.8897274573418272      -32       0.000000e+00                  
60.6217782649107022      -32       3.935020e-11                  
62.3538290724795772      -32       0.000000e+00                  
64.0858798800484522      -32       2.626897e-10                  
65.8179306876173342      -32       0.000000e+00                  
67.5499814951862021      -32       1.744363e-09                  
69.2820323027550842      -32       0.000000e+00                  
71.0140831103239663      -32       1.237812e-08                  
72.7461339178928341      -32       0.000000e+00                  
74.4781847254617162      -32       9.469080e-08                  
76.2102355330305983      -32       0.000000e+00                  
77.9422863405994661      -32       6.466504e-07                  
79.6743371481683482      -32       0.000000e+00                  
81.4063879557372303      -32       7.733168e-06                  
83.1384387633060982      -32       0.000000e+00                  
84.8704895708749802      -32       0.000000e+00                  
86.6025403784438481      -32       0.000000e+00                  
88.3345911860127302      -32       0.000000e+00                  
90.0666419935816123      -32       0.000000e+00                  
91.7986928011504801      -32       0.000000e+00                  
93.5307436087193622      -32       0.000000e+00                  
95.2627944162882443      -32       0.000000e+00                  
96.9948452238571122      -32       0.000000e+00                  
98.7268960314259942      -32       0.000000e+00                  
100.4589468389948763     -32       0.000000e+00                  
102.1909976465637442     -32       0.000000e+00                  
-1.7320508075688772      -31       0.000000e+00                  
0.0000000000000000       -31       0.000000e+00                  
1.7320508075688772       -31       0.000000e+00                  
3.4641016151377548       -31       0.000000e+00                  
5.1961524227066320       -31       0.000000e+00                  
6.9282032302755088       -31       0.000000e+00                  
8.6602540378443873       -31       0.000000e+00                  
10.3923048454132640      -31       0.000000e+00                  
12.1243556529821408      -31       0.000000e+00                  
13.8564064605510175      -31       0.000000e+00                  
15.5884572681198943      -31       0.000000e+00                  
17.3205080756887710      -31       2.822524e-04                  
19.0525588832576496      -31       0.000000e+00                  
20.7846096908265245      -31       2.374672e-05                  
22.5166604983954031      -31       0.000000e+00                  
24.2487113059642780      -31       3.522664e-06                  
25.9807621135331566      -31       0.000000e+00                  
27.7128129211020351      -31       4.620506e-07                  
29.4448637286709101      -31       0.000000e+00                  
31.1769145362397886      -31       6.159183e-08                  
32.9089653438086671      -31       0.000000e+00                  
34.6410161513775492      -31       7.902637e-09                  
36.3730669589464242      -31       0.000000e+00                  
38.1051177665152991      -31       9.574417e-10                  
39.8371685740841812      -31       0.000000e+00                  
41.5692193816530562      -31       1.122815e-10                  
43.3012701892219312      -31       0.000000e+00                  
45.0333209967908061      -31       1.570748e-11                  
46.7653718043596882      -31       0.000000e+00                  
48.4974226119285632      -31       4.499123e-12                  
50.2294734194974382      -31       0.000000e+00                  
51.9615242270663202      -31       4.499126e-12                  
53.6935750346351952      -31       0.000000e+00                  
55.4256258422040702      -31       1.570750e-11                  
57.1576766497729523      -31       0.000000e+00                  
58.8897274573418272      -31       1.122816e-10                  
60.6217782649107022      -31       0.000000e+00                  
62.3538290724795772      -31       9.574426e-10                  
64.0858798800484522      -31       0.000000e+00                  
65.8179306876173342      -31       7.902644e-09                  
67.5499814951862021      -31       0.000000e+00                  
69.2820323027550842      -31       6.159189e-08                  
71.0140831103239663      -31       0.000000e+00                  
72.7461339178928341      -31       4.620511e-07                  
74.4781847254617162      -31       0.000000e+00                  
76.2102355330305983      -31       3.522668e-06                  
77.9422863405994661      -31       0.000000e+00                  
79.6743371481683482      -31       2.374674e-05                  
81.4063879557372303      -31       0.000000e+00                  
83.1384387633060982      -31       2.822527e-04                  
84.8704895708749802      -31       0.000000e+00                  
86.6025403784438481      -31       0.000000e+00                  
88.3345911860127302      -31       0.000000e+00                  
90.0666419935816123      -31       0.000000e+00                  
91.7986928011504801      -31       0.000000e+00                  
93.5307436087193622      -31       0.000000e+00                  
95.2627944162882443      -31       0.000000e+00                  
96.9948452238571122      -31       0.000000e+00                  
98.7268960314259942      -31       0.000000e+00                  
100.4589468389948763     -31       0.000000e+00                  
102.1909976465637442     -31       0.000000e+00                  
-1.7320508075688772      -29       0.000000e+00                  
0.0000000000000000       -29       0.000000e+00                  
1.7320508075688772       -29       0.000000e+00                  
3.4641016151377548       -29       0.000000e+00                  
5.1961524227066320       -29       0.000000e+00                  
6.9282032302755088       -29       0.000000e+00                  
8.6602540378443873       -29       0.000000e+00                  
10.3923048454132640      -29       0.000000e+00                  
12.1243556529821408      -29       0.000000e+00                  
13.8564064605510175      -29       0.000000e+00                  
15.5884572681198943      -29       0.000000e+00                  
17.3205080756887710      -29       1.486209e-05                  
19.0525588832576496      -29       0.000000e+00                  
20.7846096908265245      -29       1.242108e-06                  
22.5166604983954031      -29       0.000000e+00                  
24.2487113059642780      -29       1.849973e-07                  
25.9807621135331566      -29       0.000000e+00                  
27.7128129211020351      -29       2.525357e-08                  
29.4448637286709101      -29       0.000000e+00                  
31.1769145362397886      -29       3.665220e-09                  
32.9089653438086671      -29       0.000000e+00                  
34.6410161513775492      -29       5.001357e-10                  
36.3730669589464242      -29       0.000000e+00                  
38.1051177665152991      -29       5.060130e-11                  
39.8371685740841812      -29       0.000000e+00                  
41.5692193816530562      -29       2.073090e-12                  
43.3012701892219312      -29       0.000000e+00                  
45.0333209967908061      -29       1.186314e-13                  
46.7653718043596882      -29       0.000000e+00                  
48.4974226119285632      -29       4.687888e-14                  
50.2294734194974382      -29       0.000000e+00                  
51.9615242270663202      -29       4.687886e-14                  
53.6935750346351952      -29       0.000000e+00                  
55.4256258422040702      -29       1.186313e-13                  
57.1576766497729523      -29       0.000000e+00                  
58.8897274573418272      -29       2.073092e-12                  
60.6217782649107022      -29       0.000000e+00                  
62.3538290724795772      -29       5.060135e-11                  
64.0858798800484522      -29       0.000000e+00                  
65.8179306876173342      -29       5.001362e-10                  
67.5499814951862021      -29       0.000000e+00                  
69.2820323027550842      -29       3.665224e-09                  
71.0140831103239663      -29       0.000000e+00                  
72.7461339178928341      -29       2.525360e-08                  
74.4781847254617162      -29       0.000000e+00                  
76.2102355330305983      -29       1.849974e-07                  
77.9422863405994661      -29       0.000000e+00                  
79.6743371481683482      -29       1.242109e-06                  
81.4063879557372303      -29       0.000000e+00                  
83.1384387633060982      -29       1.486210e-05                  
84.8704895708749802      -29       0.000000e+00                  
86.6025403784438481      -29       0.000000e+00                  
88.3345911860127302      -29       0.000000e+00                  
90.0666419935816123      -29       0.000000e+00                  
91.7986928011504801      -29       0.000000e+00                  
93.5307436087193622      -29       0.000000e+00                  
95.2627944162882443      -29       0.000000e+00                  
96.9948452238571122      -29       0.000000e+00                  
98.7268960314259942      -29       0.000000e+00                  
100.4589468389948763     -29       0.000000e+00                  
102.1909976465637442     -29       0.000000e+00                  
-1.7320508075688772      -28       0.000000e+00                  
0.0000000000000000       -28       0.000000e+00                  
1.7320508075688772       -28       0.000000e+00                  
3.4641016151377548       -28       0.000000e+00                  
5.1961524227066320       -28       0.000000e+00                  
6.9282032302755088       -28       0.000000e+00                  
8.6602540378443873       -28       0.000000e+00                  
10.3923048454132640      -28       0.000000e+00                  
12.1243556529821408      -28       0.000000e+00                  
13.8564064605510175      -28       0.000000e+00                  
15.5884572681198943      -28       5.439323e-04                  
17.3205080756887710      -28       0.000000e+00                  
19.0525588832576496      -28       4.582082e-05                  
20.7846096908265245      -28       0.000000e+00                  
22.5166604983954031      -28       6.778215e-06                  
24.2487113059642780      -28       0.000000e+00                  
25.9807621135331566      -28       8.762928e-07                  
27.7128129211020351      -28       0.000000e+00                  
29.4448637286709101      -28       1.132209e-07                  
31.1769145362397886      -28       0.000000e+00                  
32.9089653438086671      -28       1.411974e-08                  
34.6410161513775492      -28       0.000000e+00                  
36.3730669589464242      -28       1.805817e-09                  
38.1051177665152991      -28       0.000000e+00                  
39.8371685740841812      -28       2.784226e-10                  
41.5692193816530562      -28       0.000000e+00                  
43.3012701892219312      -28       6.060122e-11                  
45.0333209967908061      -28       0.000000e+00                  
46.7653718043596882      -28       1.672333e-11                  
48.4974226119285632      -28       0.000000e+00                  
50.2294734194974382      -28       7.400580e-12                  
51.9615242270663202      -28       0.000000e+00                  
53.6935750346351952      -28       1.672335e-11                  
55.4256258422040702      -28       0.000000e+00                  
57.1576766497729523      -28       6.060128e-11                  
58.8897274573418272      -28       0.000000e+00                  
60.6217782649107022      -28       2.784228e-10                  
62.3538290724795772      -28       0.000000e+00                  
64.0858798800484522      -28       1.805819e-09                  
65.8179306876173342      -28       0.000000e+00                  
67.5499814951862021      -28       1.411975e-08                  
69.2820323027550842      -28       0.000000e+00                  
71.0140831103239663      -28       1.132210e-07                  
72.7461339178928341      -28       0.000000e+00                  
74.4781847254617162      -28       8.762936e-07                  
76.2102355330305983      -28       0.000000e+00                  
77.9422863405994661      -28       6.778221e-06                  
79.6743371481683482      -28       0.000000e+00                  
81.4063879557372303      -28       4.582087e-05                  
83.1384387633060982      -28       0.000000e+00                  
84.8704895708749802      -28       5.439328e-04                  
86.6025403784438481      -28       0.000000e+00                  
88.3345911860127302      -28       0.000000e+00                  
90.0666419935816123      -28       0.000000e+00                  
91.7986928011504801      -28       0.000000e+00                  
93.5307436087193622      -28       0.000000e+00                  
95.2627944162882443      -28       0.000000e+00                  
96.9948452238571122      -28       0.000000e+00                  
98.7268960314259942      -28       0.000000e+00                  
100.4589468389948763     -28       0.000000e+00                  
102.1909976465637442     -28       0.000000e+00                  
-1.7320508075688772      -26       0.000000e+00                  
0.0000000000000000       -26       0.000000e+00                  
1.7320508075688772       -26       0.000000e+00                  
3.4641016151377548       -26       0.000000e+00                  
5.1961524227066320       -26       0.000000e+00                  
6.9282032302755088       -26       0.000000e+00                  
8.6602540378443873       -26       0.000000e+00                  
10.3923048454132640      -26       0.000000e+00                  
12.1243556529821408      -26       0.000000e+00                  
13.8564064605510175      -26       0.000000e+00                  
15.5884572681198943      -26       2.861345e-05                  
17.3205080756887710      -26       0.000000e+00                  
19.0525588832576496      -26       2.421954e-06                  
20.7846096908265245      -26       0.000000e+00                  
22.5166604983954031      -26       3.699426e-07                  
24.2487113059642780      -26       0.000000e+00                  
25.9807621135331566      -26       5.046226e-08                  
27.7128129211020351      -26       0.000000e+00                  
29.4448637286709101      -26       6.484481e-09                  
31.1769145362397886      -26       0.000000e+00                  
32.9089653438086671      -26       6.212998e-10                  
34.6410161513775492      -26       0.000000e+00                  
36.3730669589464242      -26       3.092953e-11                  
38.1051177665152991      -26       0.000000e+00                  
39.8371685740841812      -26       6.034708e-13                  
41.5692193816530562      -26       0.000000e+00                  
43.3012701892219312      -26       6.820619e-13                  
45.0333209967908061      -26       0.000000e+00                  
46.7653718043596882      -26       2.504250e-12                  
48.4974226119285632      -26       0.000000e+00                  
50.2294734194974382      -26       3.498308e-12                  
51.9615242270663202      -26       0.000000e+00                  
53.6935750346351952      -26       2.504251e-12                  
55.4256258422040702      -26       0.000000e+00                  
57.1576766497729523      -26       6.820624e-13                  
58.8897274573418272      -26       0.000000e+00                  
60.6217782649107022      -26       6.034714e-13                  
62.3538290724795772      -26       0.000000e+00                  
64.0858798800484522      -26       3.092956e-11                  
65.8179306876173342      -26       0.000000e+00                  
67.5499814951862021      -26       6.213004e-10                  
69.2820323027550842      -26       0.000000e+00                  
71.0140831103239663      -26       6.484487e-09                  
72.7461339178928341      -26       0.000000e+00                  
74.4781847254617162      -26       5.046231e-08                  
76.2102355330305983      -26       0.000000e+00                  
77.9422863405994661      -26       3.699429e-07                  
79.6743371481683482      -26       0.000000e+00                  
81.4063879557372303      -26       2.421956e-06                  
83.1384387633060982      -26       0.000000e+00                  
84.8704895708749802      -26       2.861348e-05                  
86.6025403784438481      -26       0.000000e+00                  
88.3345911860127302      -26       0.000000e+00                  
90.0666419935816123      -26       0.000000e+00                  
91.7986928011504801      -26       0.000000e+00                  
93.5307436087193622      -26       0.000000e+00                  
95.2627944162882443      -26       0.000000e+00                  
96.9948452238571122      -26       0.000000e+00                  
98.7268960314259942      -26       0.000000e+00                  
100.4589468389948763     -26       0.000000e+00                  
102.1909976465637442     -26       0.000000e+00                  
-1.7320508075688772      -25       0.000000e+00                  
0.0000000000000000       -25       0.000000e+00                  
1.7320508075688772       -25       0.000000e+00                  
3.4641016151377548       -25       0.000000e+00                  
5.1961524227066320       -25       0.000000e+00                  
6.9282032302755088       -25       0.000000e+00                  
8.6602540378443873       -25       0.000000e+00                  
10.3923048454132640      -25       0.000000e+00                  
12.1243556529821408      -25       0.000000e+00                  
13.8564064605510175      -25       1.047190e-03                  
15.5884572681198943      -25       0.000000e+00                  
17.3205080756887710      -25       8.790002e-05                  
19.0525588832576496      -25       0.000000e+00                  
20.7846096908265245      -25       1.285927e-05                  
22.5166604983954031      -25       0.000000e+00                  
24.2487113059642780      -25       1.632795e-06                  
25.9807621135331566      -25       0.000000e+00                  
27.7128129211020351      -25       2.112910e-07                  
29.4448637286709101      -25       0.000000e+00                  
31.1769145362397886      -25       2.873429e-08                  
32.9089653438086671      -25       0.000000e+00                  
34.6410161513775492      -25       4.647714e-09                  
36.3730669589464242      -25       0.000000e+00                  
38.1051177665152991      -25       9.414938e-10                  
39.8371685740841812      -25       0.000000e+00                  
41.5692193816530562      -25       2.020156e-10                  
43.3012701892219312      -25       0.000000e+00                  
45.0333209967908061      -25       3.195131e-11                  
46.7653718043596882      -25       0.000000e+00                  
48.4974226119285632      -25       1.802936e-12                  
50.2294734194974382      -25       0.000000e+00                  
51.9615242270663202      -25       1.802936e-12                  
53.6935750346351952      -25       0.000000e+00                  
55.4256258422040702      -25       3.195134e-11                  
57.1576766497729523      -25       0.000000e+00                  
58.8897274573418272      -25       2.020158e-10                  
60.6217782649107022      -25       0.000000e+00                  
62.3538290724795772      -25       9.414947e-10                  
64.0858798800484522      -25       0.000000e+00                  
65.8179306876173342      -25       4.647719e-09                  
67.5499814951862021      -25       0.000000e+00                  
69.2820323027550842      -25       2.873431e-08                  
71.0140831103239663      -25       0.000000e+00                  
72.7461339178928341      -25       2.112912e-07                  
74.4781847254617162      -25       0.000000e+00                  
76.2102355330305983      -25       1.632797e-06                  
77.9422863405994661      -25       0.000000e+00                  
79.6743371481683482      -25       1.285929e-05                  
81.4063879557372303      -25       0.000000e+00                  
83.1384387633060982      -25       8.790011e-05                  
84.8704895708749802      -25       0.000000e+00                  
86.6025403784438481      -25       1.047191e-03                  
88.3345911860127302      -25       0.000000e+00                  
90.0666419935816123      -25       0.000000e+00                  
91.7986928011504801      -25       0.000000e+00                  
93.5307436087193622      -25       0.000000e+00                  
95.2627944162882443      -25       0.000000e+00                  
96.9948452238571122      -25       0.000000e+00                  
98.7268960314259942      -25       0.000000e+00                  
100.4589468389948763     -25       0.000000e+00                  
102.1909976465637442     -25       0.000000e+00                  
-1.7320508075688772      -23       0.000000e+00                  
0.0000000000000000       -23       0.000000e+00                  
1.7320508075688772       -23       0.000000e+00                  
3.4641016151377548       -23       0.000000e+00                  
5.1961524227066320       -23       0.000000e+00                  
6.9282032302755088       -23       0.000000e+00                  
8.6602540378443873       -23       0.000000e+00                  
10.3923048454132640      -23       0.000000e+00                  
12.1243556529821408      -23       0.000000e+00                  
13.8564064605510175      -23       5.535079e-05                  
15.5884572681198943      -23       0.000000e+00                  
17.3205080756887710      -23       4.760822e-06                  
19.0525588832576496      -23       0.000000e+00                  
20.7846096908265245      -23       7.144608e-07                  
22.5166604983954031      -23       0.000000e+00                  
24.2487113059642780      -23       8.653879e-08                  
25.9807621135331566      -23       0.000000e+00                  
27.7128129211020351      -23       8.505793e-09                  
29.4448637286709101      -23       0.000000e+00                  
31.1769145362397886      -23       6.092319e-10                  
32.9089653438086671      -23       0.000000e+00                  
34.6410161513775492      -23       6.650384e-11                  
36.3730669589464242      -23       0.000000e+00                  
38.1051177665152991      -23       4.343753e-11                  
39.8371685740841812      -23       0.000000e+00                  
41.5692193816530562      -23       4.159491e-11                  
43.3012701892219312      -23       0.000000e+00                  
45.0333209967908061      -23       2.267129e-11                  
46.7653718043596882      -23       0.000000e+00                  
48.4974226119285632      -23       5.997831e-12                  
50.2294734194974382      -23       0.000000e+00                  
51.9615242270663202      -23       5.997836e-12                  
53.6935750346351952      -23       0.000000e+00                  
55.4256258422040702      -23       2.267131e-11                  
57.1576766497729523      -23       0.000000e+00                  
58.8897274573418272      -23       4.159495e-11                  
60.6217782649107022      -23       0.000000e+00                  
62.3538290724795772      -23       4.343757e-11                  
64.0858798800484522      -23       0.000000e+00                  
65.8179306876173342      -23       6.650390e-11                  
67.5499814951862021      -23       0.000000e+00                  
69.2820323027550842      -23       6.092325e-10                  
71.0140831103239663      -23       0.000000e+00                  
72.7461339178928341      -23       8.505801e-09                  
74.4781847254617162      -23       0.000000e+00                  
76.2102355330305983      -23       8.653887e-08                  
77.9422863405994661      -23       0.000000e+00                  
79.6743371481683482      -23       7.144615e-07                  
81.4063879557372303      -23       0.000000e+00                  
83.1384387633060982      -23       4.760826e-06                  
84.8704895708749802      -23       0.000000e+00                  
86.6025403784438481      -23       5.535084e-05                  
88.3345911860127302      -23       0.000000e+00                  
90.0666419935816123      -23       0.000000e+00                  
91.7986928011504801      -23       0.000000e+00                  
93.5307436087193622      -23       0.000000e+00                  
95.2627944162882443      -23       0.000000e+00                  
96.9948452238571122      -23       0.000000e+00                  
98.7268960314259942      -23       0.000000e+00                  
100.4589468389948763     -23       0.000000e+00                  
102.1909976465637442     -23       0.000000e+00                  
-1.7320508075688772      -22       0.000000e+00                  
0.0000000000000000       -22       0.000000e+00                  
1.7320508075688772       -22       0.000000e+00                  
3.4641016151377548       -22       0.000000e+00                  
5.1961524227066320       -22       0.000000e+00                  
6.9282032302755088       -22       0.000000e+00                  
8.6602540378443873       -22       0.000000e+00                  
10.3923048454132640      -22       0.000000e+00                  
12.1243556529821408      -22       2.009384e-03                  
13.8564064605510175      -22       0.000000e+00                  
15.5884572681198943      -22       1.673079e-04                  
17.3205080756887710      -22       0.000000e+00                  
19.0525588832576496      -22       2.434260e-05                  
20.7846096908265245      -22       0.000000e+00                  
22.5166604983954031      -22       3.152506e-06                  
24.2487113059642780      -22       0.000000e+00                  
25.9807621135331566      -22       4.466981e-07                  
27.7128129211020351      -22       0.000000e+00                  
29.4448637286709101      -22       7.207704e-08                  
31.1769145362397886      -22       0.000000e+00                  
32.9089653438086671      -22       1.311463e-08                  
34.6410161513775492      -22       0.000000e+00                  
36.3730669589464242      -22       2.189146e-09                  
38.1051177665152991      -22       0.000000e+00                  
39.8371685740841812      -22       1.990799e-10                  
41.5692193816530562      -22       0.000000e+00                  
43.3012701892219312      -22       1.155029e-12                  
45.0333209967908061      -22       0.000000e+00                  
46.7653718043596882      -22       3.262193e-11                  
48.4974226119285632      -22       0.000000e+00                  
50.2294734194974382      -22       4.257692e-11                  
51.9615242270663202      -22       0.000000e+00                  
53.6935750346351952      -22       3.262195e-11                  
55.4256258422040702      -22       0.000000e+00                  
57.1576766497729523      -22       1.155028e-12                  
58.8897274573418272      -22       0.000000e+00                  
60.6217782649107022      -22       1.990801e-10                  
62.3538290724795772      -22       0.000000e+00                  
64.0858798800484522      -22       2.189148e-09                  
65.8179306876173342      -22       0.000000e+00                  
67.5499814951862021      -22       1.311464e-08                  
69.2820323027550842      -22       0.000000e+00                  
71.0140831103239663      -22       7.207711e-08                  
72.7461339178928341      -22       0.000000e+00                  
74.4781847254617162      -22       4.466986e-07                  
76.2102355330305983      -22       0.000000e+00                  
77.9422863405994661      -22       3.152509e-06                  
79.6743371481683482      -22       0.000000e+00                  
81.4063879557372303      -22       2.434263e-05                  
83.1384387633060982      -22       0.000000e+00                  
84.8704895708749802      -22       1.673080e-04                  
86.6025403784438481      -22       0.000000e+00                  
88.3345911860127302      -22       2.009386e-03                  
90.0666419935816123      -22       0.000000e+00                  
91.7986928011504801      -22       0.000000e+00                  
93.5307436087193622      -22       0.000000e+00                  
95.2627944162882443      -22       0.000000e+00                  
96.9948452238571122      -22       0.000000e+00                  
98.7268960314259942      -22       0.000000e+00                  
100.4589468389948763     -22       0.000000e+00                  
102.1909976465637442     -22       0.000000e+00                  
-1.7320508075688772      -20       0.000000e+00                  
0.0000000000000000       -20       0.000000e+00                  
1.7320508075688772       -20       0.000000e+00                  
3.4641016151377548       -20       0.000000e+00                  
5.1961524227066320       -20       0.000000e+00                  
6.9282032302755088       -20       0.000000e+00                  
8.6602540378443873       -20       0.000000e+00                  
10.3923048454132640      -20       0.000000e+00                  
12.1243556529821408      -20       1.071245e-04                  
13.8564064605510175      -20       0.000000e+00                  
15.5884572681198943      -20       9.045856e-06                  
17.3205080756887710      -20       0.000000e+00                  
19.0525588832576496      -20       1.233225e-06                  
20.7846096908265245      -20       0.000000e+00                  
22.5166604983954031      -20       1.262745e-07                  
24.2487113059642780      -20       0.000000e+00                  
25.9807621135331566      -20       1.266970e-08                  
27.7128129211020351      -20       0.000000e+00                  
29.4448637286709101      -20       2.375813e-09                  
31.1769145362397886      -20       0.000000e+00                  
32.9089653438086671      -20       1.194254e-09                  
34.6410161513775492      -20       0.000000e+00                  
36.3730669589464242      -20       6.714372e-10                  
38.1051177665152991      -20       0.000000e+00                  
39.8371685740841812      -20       2.335097e-10                  
41.5692193816530562      -20       0.000000e+00                  
43.3012701892219312      -20       3.382521e-11                  
45.0333209967908061      -20       0.000000e+00                  
46.7653718043596882      -20       3.803823e-12                  
48.4974226119285632      -20       0.000000e+00                  
50.2294734194974382      -20       9.146942e-12                  
51.9615242270663202      -20       0.000000e+00                  
53.6935750346351952      -20       3.803819e-12                  
55.4256258422040702      -20       0.000000e+00                  
57.1576766497729523      -20       3.382524e-11                  
58.8897274573418272      -20       0.000000e+00                  
60.6217782649107022      -20       2.335099e-10                  
62.3538290724795772      -20       0.000000e+00                  
64.0858798800484522      -20       6.714379e-10                  
65.8179306876173342      -20       0.000000e+00                  
67.5499814951862021      -20       1.194255e-09                  
69.2820323027550842      -20       0.000000e+00                  
71.0140831103239663      -20       2.375815e-09                  
72.7461339178928341      -20       0.000000e+00                  
74.4781847254617162      -20       1.266971e-08                  
76.2102355330305983      -20       0.000000e+00                  
77.9422863405994661      -20       1.262746e-07                  
79.6743371481683482      -20       0.000000e+00                  
81.4063879557372303      -20       1.233226e-06                  
83.1384387633060982      -20       0.000000e+00                  
84.8704895708749802      -20       9.045865e-06                  
86.6025403784438481      -20       0.000000e+00                  
88.3345911860127302      -20       1.071246e-04                  
90.0666419935816123      -20       0.000000e+00                  
91.7986928011504801      -20       0.000000e+00                  
93.5307436087193622      -20       0.000000e+00                  
95.2627944162882443      -20       0.000000e+00                  
96.9948452238571122      -20       0.000000e+00                  
98.7268960314259942      -20       0.000000e+00                  
100.4589468389948763     -20       0.000000e+00                  
102.1909976465637442     -20       0.000000e+00                  
-1.7320508075688772      -19       0.000000e+00                  
0.0000000000000000       -19       0.000000e+00                  
1.7320508075688772       -19       0.000000e+00                  
3.4641016151377548       -19       0.000000e+00                  
5.1961524227066320       -19       0.000000e+00                  
6.9282032302755088       -19       0.000000e+00                  
8.6602540378443873       -19       0.000000e+00                  
10.3923048454132640      -19       3.851302e-03                  
12.1243556529821408      -19       0.000000e+00                  
13.8564064605510175      -19       3.209890e-04                  
15.5884572681198943      -19       0.000000e+00                  
17.3205080756887710      -19       4.797443e-05                  
19.0525588832576496      -19       0.000000e+00                  
20.7846096908265245      -19       6.709134e-06                  
22.5166604983954031      -19       0.000000e+00                  
24.2487113059642780      -19       1.052217e-06                  
25.9807621135331566      -19       0.000000e+00                  
27.7128129211020351      -19       1.684180e-07                  
29.4448637286709101      -19       0.000000e+00                  
31.1769145362397886      -19       2.152199e-08                  
32.9089653438086671      -19       0.000000e+00                  
34.6410161513775492      -19       9.511283e-10                  
36.3730669589464242      -19       0.000000e+00                  
38.1051177665152991      -19       1.658384e-10                  
39.8371685740841812      -19       0.000000e+00                  
41.5692193816530562      -19       4.443370e-10                  
43.3012701892219312      -19       0.000000e+00                  
45.0333209967908061      -19       2.322311e-10                  
46.7653718043596882      -19       0.000000e+00                  
48.4974226119285632      -19       5.404578e-11                  
50.2294734194974382      -19       0.000000e+00                  
51.9615242270663202      -19       5.404582e-11                  
53.6935750346351952      -19       0.000000e+00                  
55.4256258422040702      -19       2.322314e-10                  
57.1576766497729523      -19       0.000000e+00                  
58.8897274573418272      -19       4.443375e-10                  
60.6217782649107022      -19       0.000000e+00                  
62.3538290724795772      -19       1.658386e-10                  
64.0858798800484522      -19       0.000000e+00                  
65.8179306876173342      -19       9.511292e-10                  
67.5499814951862021      -19       0.000000e+00                  
69.2820323027550842      -19       2.152201e-08                  
71.0140831103239663      -19       0.000000e+00                  
72.7461339178928341      -19       1.684182e-07                  
74.4781847254617162      -19       0.000000e+00                  
76.2102355330305983      -19       1.052218e-06                  
77.9422863405994661      -19       0.000000e+00                  
79.6743371481683482      -19       6.709141e-06                  
81.4063879557372303      -19       0.000000e+00                  
83.1384387633060982      -19       4.797448e-05                  
84.8704895708749802      -19       0.000000e+00                  
86.6025403784438481      -19       3.209893e-04                  
88.3345911860127302      -19       0.000000e+00                  
90.0666419935816123      -19       3.851306e-03                  
91.7986928011504801      -19       0.000000e+00                  
93.5307436087193622      -19       0.000000e+00                  
95.2627944162882443      -19       0.000000e+00                  
96.9948452238571122      -19       0.000000e+00                  
98.7268960314259942      -19       0.000000e+00                  
100.4589468389948763     -19       0.000000e+00                  
102.1909976465637442     -19       0.000000e+00                  
-1.7320508075688772      -17       0.000000e+00                  
0.0000000000000000       -17       0.000000e+00                  
1.7320508075688772       -17       0.000000e+00                  
3.4641016151377548       -17       0.000000e+00                  
5.1961524227066320       -17       0.000000e+00                  
6.9282032302755088       -17       0.000000e+00                  
8.6602540378443873       -17       0.000000e+00                  
10.3923048454132640      -17       2.043517e-04                  
12.1243556529821408      -17       0.000000e+00                  
13.8564064605510175      -17       1.602101e-05                  
15.5884572681198943      -17       0.000000e+00                  
17.3205080756887710      -17       2.029209e-06                  
19.0525588832576496      -17       0.000000e+00                  
20.7846096908265245      -17       2.493375e-07                  
22.5166604983954031      -17       0.000000e+00                  
24.2487113059642780      -17       5.649165e-08                  
25.9807621135331566      -17       0.000000e+00                  
27.7128129211020351      -17       2.273739e-08                  
29.4448637286709101      -17       0.000000e+00                  
31.1769145362397886      -17       8.785161e-09                  
32.9089653438086671      -17       0.000000e+00                  
34.6410161513775492      -17       1.981475e-09                  
36.3730669589464242      -17       0.000000e+00                  
38.1051177665152991      -17       1.082045e-10                  
39.8371685740841812      -17       0.000000e+00                  
41.5692193816530562      -17       3.418229e-11                  
43.3012701892219312      -17       0.000000e+00                  
45.0333209967908061      -17       7.990397e-11                  
46.7653718043596882      -17       0.000000e+00                  
48.4974226119285632      -17       4.347054e-11                  
50.2294734194974382      -17       0.000000e+00                  
51.9615242270663202      -17       4.347057e-11                  
53.6935750346351952      -17       0.000000e+00                  
55.4256258422040702      -17       7.990404e-11                  
57.1576766497729523      -17       0.000000e+00                  
58.8897274573418272      -17       3.418232e-11                  
60.6217782649107022      -17       0.000000e+00                  
62.3538290724795772      -17       1.082046e-10                  
64.0858798800484522      -17       0.000000e+00                  
65.8179306876173342      -17       1.981477e-09                  
67.5499814951862021      -17       0.000000e+00                  
69.2820323027550842      -17       8.785169e-09                  
71.0140831103239663      -17       0.000000e+00                  
72.7461339178928341      -17       2.273741e-08                  
74.4781847254617162      -17       0.000000e+00                  
76.2102355330305983      -17       5.649171e-08                  
77.9422863405994661      -17       0.000000e+00                  
79.6743371481683482      -17       2.493377e-07                  
81.4063879557372303      -17       0.000000e+00                  
83.1384387633060982      -17       2.029211e-06                  
84.8704895708749802      -17       0.000000e+00                  
86.6025403784438481      -17       1.602103e-05                  
88.3345911860127302      -17       0.000000e+00                  
90.0666419935816123      -17       2.043519e-04                  
91.7986928011504801      -17       0.000000e+00                  
93.5307436087193622      -17       0.000000e+00                  
95.2627944162882443      -17       0.000000e+00                  
96.9948452238571122      -17       0.000000e+00                  
98.7268960314259942      -17       0.000000e+00                  
100.4589468389948763     -17       0.000000e+00                  
102.1909976465637442     -17       0.000000e+00                  
-1.7320508075688772      -16       0.000000e+00                  
0.0000000000000000       -16       0.000000e+00                  
1.7320508075688772       -16       0.000000e+00                  
3.4641016151377548       -16       0.000000e+00                  
5.1961524227066320       -16       0.000000e+00                  
6.9282032302755088       -16       0.000000e+00                  
8.6602540378443873       -16       7.450559e-03                  
10.3923048454132640      -16       0.000000e+00                  
12.1243556529821408      -16       6.380880e-04                  
13.8564064605510175      -16       0.000000e+00                  
15.5884572681198943      -16       1.002895e-04                  
17.3205080756887710      -16       0.000000e+00                  
19.0525588832576496      -16       1.456568e-05                  
20.7846096908265245      -16       0.000000e+00                  
22.5166604983954031      -16       2.041774e-06                  
24.2487113059642780      -16       0.000000e+00                  
25.9807621135331566      -16       1.950377e-07                  
27.7128129211020351      -16       0.000000e+00                  
29.4448637286709101      -16       2.398646e-09                  
31.1769145362397886      -16       0.000000e+00                  
32.9089653438086671      -16       5.208161e-09                  
34.6410161513775492      -16       0.000000e+00                  
36.3730669589464242      -16       5.909574e-09                  
38.1051177665152991      -16       0.000000e+00                  
39.8371685740841812      -16       2.137019e-09                  
41.5692193816530562      -16       0.000000e+00                  
43.3012701892219312      -16       3.070953e-10                  
45.0333209967908061      -16       0.000000e+00                  
46.7653718043596882      -16       1.675861e-11                  
48.4974226119285632      -16       0.000000e+00                  
50.2294734194974382      -16       3.502402e-11                  
51.9615242270663202      -16       0.000000e+00                  
53.6935750346351952      -16       1.675859e-11                  
55.4256258422040702      -16       0.000000e+00                  
57.1576766497729523      -16       3.070955e-10                  
58.8897274573418272      -16       0.000000e+00                  
60.6217782649107022      -16       2.137022e-09                  
62.3538290724795772      -16       0.000000e+00                  
64.0858798800484522      -16       5.909580e-09                  
65.8179306876173342      -16       0.000000e+00                  
67.5499814951862021      -16       5.208166e-09                  
69.2820323027550842      -16       0.000000e+00                  
71.0140831103239663      -16       2.398649e-09                  
72.7461339178928341      -16       0.000000e+00                  
74.4781847254617162      -16       1.950379e-07                  
76.2102355330305983      -16       0.000000e+00                  
77.9422863405994661      -16       2.041776e-06                  
79.6743371481683482      -16       0.000000e+00                  
81.4063879557372303      -16       1.456569e-05                  
83.1384387633060982      -16       0.000000e+00                  
84.8704895708749802      -16       1.002896e-04                  
86.6025403784438481      -16       0.000000e+00                  
88.3345911860127302      -16       6.380886e-04                  
90.0666419935816123      -16       0.000000e+00                  
91.7986928011504801      -16       7.450567e-03                  
93.5307436087193622      -16       0.000000e+00                  
95.2627944162882443      -16       0.000000e+00                  
96.9948452238571122      -16       0.000000e+00                  
98.7268960314259942      -16       0.000000e+00                  
100.4589468389948763     -16       0.000000e+00                  
102.1909976465637442     -16       0.000000e+00                  
-1.7320508075688772      -14       0.000000e+00                  
0.0000000000000000       -14       0.000000e+00                  
1.7320508075688772       -14       0.000000e+00                  
3.4641016151377548       -14       0.000000e+00                  
5.1961524227066320       -14       0.000000e+00                  
6.9282032302755088       -14       0.000000e+00                  
8.6602540378443873       -14       3.816011e-04                  
10.3923048454132640      -14       0.000000e+00                  
12.1243556529821408      -14       2.890957e-05                  
13.8564064605510175      -14       0.000000e+00                  
15.5884572681198943      -14       4.642465e-06                  
17.3205080756887710      -14       0.000000e+00                  
19.0525588832576496      -14       1.064686e-06                  
20.7846096908265245      -14       0.000000e+00                  
22.5166604983954031      -14       3.521994e-07                  
24.2487113059642780      -14       0.000000e+00                  
25.9807621135331566      -14       9.818793e-08                  
27.7128129211020351      -14       0.000000e+00                  
29.4448637286709101      -14       1.349247e-08                  
31.1769145362397886      -14       0.000000e+00                  
32.9089653438086671      -14       2.776288e-11                  
34.6410161513775492      -14       0.000000e+00                  
36.3730669589464242      -14       1.138924e-09                  
38.1051177665152991      -14       0.000000e+00                  
39.8371685740841812      -14       1.018979e-09                  
41.5692193816530562      -14       0.000000e+00                  
43.3012701892219312      -14       2.963609e-10                  
45.0333209967908061      -14       0.000000e+00                  
46.7653718043596882      -14       2.865749e-11                  
48.4974226119285632      -14       0.000000e+00                  
50.2294734194974382      -14       4.308508e-12                  
51.9615242270663202      -14       0.000000e+00                  
53.6935750346351952      -14       2.865751e-11                  
55.4256258422040702      -14       0.000000e+00                  
57.1576766497729523      -14       2.963612e-10                  
58.8897274573418272      -14       0.000000e+00                  
60.6217782649107022      -14       1.018980e-09                  
62.3538290724795772      -14       0.000000e+00                  
64.0858798800484522      -14       1.138925e-09                  
65.8179306876173342      -14       0.000000e+00                  
67.5499814951862021      -14       2.776291e-11                  
69.2820323027550842      -14       0.000000e+00                  
71.0140831103239663      -14       1.349248e-08                  
72.7461339178928341      -14       0.000000e+00                  
74.4781847254617162      -14       9.818802e-08                  
76.2102355330305983      -14       0.000000e+00                  
77.9422863405994661      -14       3.521998e-07                  
79.6743371481683482      -14       0.000000e+00                  
81.4063879557372303      -14       1.064687e-06                  
83.1384387633060982      -14       0.000000e+00                  
84.8704895708749802      -14       4.642469e-06                  
86.6025403784438481      -14       0.000000e+00                  
88.3345911860127302      -14       2.890959e-05                  
90.0666419935816123      -14       0.000000e+00                  
91.7986928011504801      -14       3.816014e-04                  
93.5307436087193622      -14       0.000000e+00                  
95.2627944162882443      -14       0.000000e+00                  
96.9948452238571122      -14       0.000000e+00                  
98.7268960314259942      -14       0.000000e+00                  
100.4589468389948763     -14       0.000000e+00                  
102.1909976465637442     -14       0.000000e+00                  
-1.7320508075688772      -13       0.000000e+00                  
0.0000000000000000       -13       0.000000e+00                  
1.7320508075688772       -13       0.000000e+00                  
3.4641016151377548       -13       0.000000e+00                  
5.1961524227066320       -13       0.000000e+00                  
6.9282032302755088       -13       1.465267e-02                  
8.6602540378443873       -13       0.000000e+00                  
10.3923048454132640      -13       1.295210e-03                  
12.1243556529821408      -13       0.000000e+00                  
13.8564064605510175      -13       1.992607e-04                  
15.5884572681198943      -13       0.000000e+00                  
17.3205080756887710      -13       2.373414e-05                  
19.0525588832576496      -13       0.000000e+00                  
20.7846096908265245      -13       1.672678e-06                  
22.5166604983954031      -13       0.000000e+00                  
24.2487113059642780      -13       1.702858e-11                  
25.9807621135331566      -13       0.000000e+00                  
27.7128129211020351      -13       9.435317e-08                  
29.4448637286709101      -13       0.000000e+00                  
31.1769145362397886      -13       6.561805e-08                  
32.9089653438086671      -13       0.000000e+00                  
34.6410161513775492      -13       1.679545e-08                  
36.3730669589464242      -13       0.000000e+00                  
38.1051177665152991      -13       1.290933e-09                  
39.8371685740841812      -13       0.000000e+00                  
41.5692193816530562      -13       5.438685e-11                  
43.3012701892219312      -13       0.000000e+00                  
45.0333209967908061      -13       2.728113e-10                  
46.7653718043596882      -13       0.000000e+00                  
48.4974226119285632      -13       1.552595e-10                  
50.2294734194974382      -13       0.000000e+00                  
51.9615242270663202      -13       1.552596e-10                  
53.6935750346351952      -13       0.000000e+00                  
55.4256258422040702      -13       2.728116e-10                  
57.1576766497729523      -13       0.000000e+00                  
58.8897274573418272      -13       5.438690e-11                  
60.6217782649107022      -13       0.000000e+00                  
62.3538290724795772      -13       1.290934e-09                  
64.0858798800484522      -13       0.000000e+00                  
65.8179306876173342      -13       1.679546e-08                  
67.5499814951862021      -13       0.000000e+00                  
69.2820323027550842      -13       6.561811e-08                  
71.0140831103239663      -13       0.000000e+00                  
72.7461339178928341      -13       9.435326e-08                  
74.4781847254617162      -13       0.000000e+00                  
76.2102355330305983      -13       1.702859e-11                  
77.9422863405994661      -13       0.000000e+00                  
79.6743371481683482      -13       1.672679e-06                  
81.4063879557372303      -13       0.000000e+00                  
83.1384387633060982      -13       2.373417e-05                  
84.8704895708749802      -13       0.000000e+00                  
86.6025403784438481      -13       1.992609e-04                  
88.3345911860127302      -13       0.000000e+00                  
90.0666419935816123      -13       1.295211e-03                  
91.7986928011504801      -13       0.000000e+00                  
93.5307436087193622      -13       1.465268e-02                  
95.2627944162882443      -13       0.000000e+00                  
96.9948452238571122      -13       0.000000e+00                  
98.7268960314259942      -13       0.000000e+00                  
100.4589468389948763     -13       0.000000e+00                  
102.1909976465637442     -13       0.000000e+00                  
-1.7320508075688772      -11       0.000000e+00                  
0.0000000000000000       -11       0.000000e+00                  
1.7320508075688772       -11       0.000000e+00                  
3.4641016151377548       -11       0.000000e+00                  
5.1961524227066320       -11       0.000000e+00                  
6.9282032302755088       -11       7.317598e-04                  
8.6602540378443873       -11       0.000000e+00                  
10.3923048454132640      -11       6.992667e-05                  
12.1243556529821408      -11       0.000000e+00                  
13.8564064605510175      -11       1.760231e-05                  
15.5884572681198943      -11       0.000000e+00                  
17.3205080756887710      -11       4.766493e-06                  
19.0525588832576496      -11       0.000000e+00                  
20.7846096908265245      -11       9.701207e-07                  
22.5166604983954031      -11       0.000000e+00                  
24.2487113059642780      -11       6.779029e-08                  
25.9807621135331566      -11       0.000000e+00                  
27.7128129211020351      -11       5.075776e-09                  
29.4448637286709101      -11       0.000000e+00                  
31.1769145362397886      -11       2.064638e-08                  
32.9089653438086671      -11       0.000000e+00                  
34.6410161513775492      -11       1.032376e-08                  
36.3730669589464242      -11       0.000000e+00                  
38.1051177665152991      -11       1.754776e-09                  
39.8371685740841812      -11       0.000000e+00                  
41.5692193816530562      -11       1.573479e-11                  
43.3012701892219312      -11       0.000000e+00                  
45.0333209967908061      -11       9.328154e-11                  
46.7653718043596882      -11       0.000000e+00                  
48.4974226119285632      -11       1.064651e-10                  
50.2294734194974382      -11       0.000000e+00                  
51.9615242270663202      -11       1.064651e-10                  
53.6935750346351952      -11       0.000000e+00                  
55.4256258422040702      -11       9.328162e-11                  
57.1576766497729523      -11       0.000000e+00                  
58.8897274573418272      -11       1.573481e-11                  
60.6217782649107022      -11       0.000000e+00                  
62.3538290724795772      -11       1.754778e-09                  
64.0858798800484522      -11       0.000000e+00                  
65.8179306876173342      -11       1.032377e-08                  
67.5499814951862021      -11       0.000000e+00                  
69.2820323027550842      -11       2.064640e-08                  
71.0140831103239663      -11       0.000000e+00                  
72.7461339178928341      -11       5.075781e-09                  
74.4781847254617162      -11       0.000000e+00                  
76.2102355330305983      -11       6.779035e-08                  
77.9422863405994661      -11       0.000000e+00                  
79.6743371481683482      -11       9.701216e-07                  
81.4063879557372303      -11       0.000000e+00                  
83.1384387633060982      -11       4.766498e-06                  
84.8704895708749802      -11       0.000000e+00                  
86.6025403784438481      -11       1.760233e-05                  
88.3345911860127302      -11       0.000000e+00                  
90.0666419935816123      -11       6.992674e-05                  
91.7986928011504801      -11       0.000000e+00                  
93.5307436087193622      -11       7.317605e-04                  
95.2627944162882443      -11       0.000000e+00                  
96.9948452238571122      -11       0.000000e+00                  
98.7268960314259942      -11       0.000000e+00                  
100.4589468389948763     -11       0.000000e+00                  
102.1909976465637442     -11       0.000000e+00                  
-1.7320508075688772      -10       0.000000e+00                  
0.0000000000000000       -10       0.000000e+00                  
1.7320508075688772       -10       0.000000e+00                  
3.4641016151377548       -10       0.000000e+00                  
5.1961524227066320       -10       2.845477e-02                  
6.9282032302755088       -10       0.000000e+00                  
8.6602540378443873       -10       2.359445e-03                  
10.3923048454132640      -10       0.000000e+00                  
12.1243556529821408      -10       2.793080e-04                  
13.8564064605510175      -10       0.000000e+00                  
15.5884572681198943      -10       1.395178e-05                  
17.3205080756887710      -10       0.000000e+00                  
19.0525588832576496      -10       1.586987e-07                  
20.7846096908265245      -10       0.000000e+00                  
22.5166604983954031      -10       1.288523e-06                  
24.2487113059642780      -10       0.000000e+00                  
25.9807621135331566      -10       6.247174e-07                  
27.7128129211020351      -10       0.000000e+00                  
29.4448637286709101      -10       1.105811e-07                  
31.1769145362397886      -10       0.000000e+00                  
32.9089653438086671      -10       2.765182e-09                  
34.6410161513775492      -10       0.000000e+00                  
36.3730669589464242      -10       2.502629e-09                  
38.1051177665152991      -10       0.000000e+00                  
39.8371685740841812      -10       3.060302e-09                  
41.5692193816530562      -10       0.000000e+00                  
43.3012701892219312      -10       9.349158e-10                  
45.0333209967908061      -10       0.000000e+00                  
46.7653718043596882      -10       9.173590e-11                  
48.4974226119285632      -10       0.000000e+00                  
50.2294734194974382      -10       6.776416e-12                  
51.9615242270663202      -10       0.000000e+00                  
53.6935750346351952      -10       9.173596e-11                  
55.4256258422040702      -10       0.000000e+00                  
57.1576766497729523      -10       9.349167e-10                  
58.8897274573418272      -10       0.000000e+00                  
60.6217782649107022      -10       3.060305e-09                  
62.3538290724795772      -10       0.000000e+00                  
64.0858798800484522      -10       2.502632e-09                  
65.8179306876173342      -10       0.000000e+00                  
67.5499814951862021      -10       2.765184e-09                  
69.2820323027550842      -10       0.000000e+00                  
71.0140831103239663      -10       1.105812e-07                  
72.7461339178928341      -10       0.000000e+00                  
74.4781847254617162      -10       6.247180e-07                  
76.2102355330305983      -10       0.000000e+00                  
77.9422863405994661      -10       1.288524e-06                  
79.6743371481683482      -10       0.000000e+00                  
81.4063879557372303      -10       1.586989e-07                  
83.1384387633060982      -10       0.000000e+00                  
84.8704895708749802      -10       1.395180e-05                  
86.6025403784438481      -10       0.000000e+00                  
88.3345911860127302      -10       2.793083e-04                  
90.0666419935816123      -10       0.000000e+00                  
91.7986928011504801      -10       2.359448e-03                  
93.5307436087193622      -10       0.000000e+00                  
95.2627944162882443      -10       2.845480e-02                  
96.9948452238571122      -10       0.000000e+00                  
98.7268960314259942      -10       0.000000e+00                  
100.4589468389948763     -10       0.000000e+00                  
102.1909976465637442     -10       0.000000e+00                  
-1.7320508075688772      -8        0.000000e+00                  
0.0000000000000000       -8        0.000000e+00                  
1.7320508075688772       -8        0.000000e+00                  
3.4641016151377548       -8        0.000000e+00                  
5.1961524227066320       -8        1.636504e-03                  
6.9282032302755088       -8        0.000000e+00                  
8.6602540378443873       -8        2.387548e-04                  
10.3923048454132640      -8        0.000000e+00                  
12.1243556529821408      -8        6.030430e-05                  
13.8564064605510175      -8        0.000000e+00                  
15.5884572681198943      -8        8.697231e-06                  
17.3205080756887710      -8        0.000000e+00                  
19.0525588832576496      -8        1.870367e-07                  
20.7846096908265245      -8        0.000000e+00                  
22.5166604983954031      -8        2.304106e-07                  
24.2487113059642780      -8        0.000000e+00                  
25.9807621135331566      -8        2.755381e-07                  
27.7128129211020351      -8        0.000000e+00                  
29.4448637286709101      -8        8.459338e-08                  
31.1769145362397886      -8        0.000000e+00                  
32.9089653438086671      -8        6.835002e-09                  
34.6410161513775492      -8        0.000000e+00                  
36.3730669589464242      -8        3.622875e-10                  
38.1051177665152991      -8        0.000000e+00                  
39.8371685740841812      -8        1.615655e-09                  
41.5692193816530562      -8        0.000000e+00                  
43.3012701892219312      -8        7.357023e-10                  
45.0333209967908061      -8        0.000000e+00                  
46.7653718043596882      -8        1.077280e-10                  
48.4974226119285632      -8        0.000000e+00                  
50.2294734194974382      -8        2.895122e-15                  
51.9615242270663202      -8        0.000000e+00                  
53.6935750346351952      -8        1.077281e-10                  
55.4256258422040702      -8        0.000000e+00                  
57.1576766497729523      -8        7.357030e-10                  
58.8897274573418272      -8        0.000000e+00                  
60.6217782649107022      -8        1.615657e-09                  
62.3538290724795772      -8        0.000000e+00                  
64.0858798800484522      -8        3.622879e-10                  
65.8179306876173342      -8        0.000000e+00                  
67.5499814951862021      -8        6.835009e-09                  
69.2820323027550842      -8        0.000000e+00                  
71.0140831103239663      -8        8.459346e-08                  
72.7461339178928341      -8        0.000000e+00                  
74.4781847254617162      -8        2.755384e-07                  
76.2102355330305983      -8        0.000000e+00                  
77.9422863405994661      -8        2.304108e-07                  
79.6743371481683482      -8        0.000000e+00                  
81.4063879557372303      -8        1.870369e-07                  
83.1384387633060982      -8        0.000000e+00                  
84.8704895708749802      -8        8.697240e-06                  
86.6025403784438481      -8        0.000000e+00                  
88.3345911860127302      -8        6.030436e-05                  
90.0666419935816123      -8        0.000000e+00                  
91.7986928011504801      -8        2.387551e-04                  
93.5307436087193622      -8        0.000000e+00                  
95.2627944162882443      -8        1.636505e-03                  
96.9948452238571122      -8        0.000000e+00                  
98.7268960314259942      -8        0.000000e+00                  
100.4589468389948763     -8        0.000000e+00                  
102.1909976465637442     -8        0.000000e+00                  
-1.7320508075688772      -7        0.000000e+00                  
0.0000000000000000       -7        0.000000e+00                  
1.7320508075688772       -7        0.000000e+00                  
3.4641016151377548       -7        4.944092e-02                  
5.1961524227066320       -7        0.000000e+00                  
6.9282032302755088       -7        2.858520e-03                  
8.6602540378443873       -7        0.000000e+00                  
10.3923048454132640      -7        1.274167e-04                  
12.1243556529821408      -7        0.000000e+00                  
13.8564064605510175      -7        5.026006e-06                  
15.5884572681198943      -7        0.000000e+00                  
17.3205080756887710      -7        1.446249e-05                  
19.0525588832576496      -7        0.000000e+00                  
20.7846096908265245      -7        5.134558e-06                  
22.5166604983954031      -7        0.000000e+00                  
24.2487113059642780      -7        5.784252e-07                  
25.9807621135331566      -7        0.000000e+00                  
27.7128129211020351      -7        5.176019e-11                  
29.4448637286709101      -7        0.000000e+00                  
31.1769145362397886      -7        4.437301e-08                  
32.9089653438086671      -7        0.000000e+00                  
34.6410161513775492      -7        2.671196e-08                  
36.3730669589464242      -7        0.000000e+00                  
38.1051177665152991      -7        4.914686e-09                  
39.8371685740841812      -7        0.000000e+00                  
41.5692193816530562      -7        8.587157e-11                  
43.3012701892219312      -7        0.000000e+00                  
45.0333209967908061      -7        1.651156e-10                  
46.7653718043596882      -7        0.000000e+00                  
48.4974226119285632      -7        2.096895e-10                  
50.2294734194974382      -7        0.000000e+00                  
51.9615242270663202      -7        2.096896e-10                  
53.6935750346351952      -7        0.000000e+00                  
55.4256258422040702      -7        1.651158e-10                  
57.1576766497729523      -7        0.000000e+00                  
58.8897274573418272      -7        8.587165e-11                  
60.6217782649107022      -7        0.000000e+00                  
62.3538290724795772      -7        4.914691e-09                  
64.0858798800484522      -7        0.000000e+00                  
65.8179306876173342      -7        2.671198e-08                  
67.5499814951862021      -7        0.000000e+00                  
69.2820323027550842      -7        4.437306e-08                  
71.0140831103239663      -7        0.000000e+00                  
72.7461339178928341      -7        5.176024e-11                  
74.4781847254617162      -7        0.000000e+00                  
76.2102355330305983      -7        5.784257e-07                  
77.9422863405994661      -7        0.000000e+00                  
79.6743371481683482      -7        5.134563e-06                  
81.4063879557372303      -7        0.000000e+00                  
83.1384387633060982      -7        1.446250e-05                  
84.8704895708749802      -7        0.000000e+00                  
86.6025403784438481      -7        5.026011e-06                  
88.3345911860127302      -7        0.000000e+00                  
90.0666419935816123      -7        1.274168e-04                  
91.7986928011504801      -7        0.000000e+00                  
93.5307436087193622      -7        2.858523e-03                  
95.2627944162882443      -7        0.000000e+00                  
96.9948452238571122      -7        4.944097e-02                  
98.7268960314259942      -7        0.000000e+00                  
100.4589468389948763     -7        0.000000e+00                  
102.1909976465637442     -7        0.000000e+00                  
-1.7320508075688772      -5        0.000000e+00                  
0.0000000000000000       -5        0.000000e+00                  
1.7320508075688772       -5        0.000000e+00                  
3.4641016151377548       -5        4.650340e-03                  
5.1961524227066320       -5        0.000000e+00                  
6.9282032302755088       -5        6.937573e-04                  
8.6602540378443873       -5        0.000000e+00                  
10.3923048454132640      -5        7.563151e-05                  
12.1243556529821408      -5        0.000000e+00                  
13.8564064605510175      -5        4.553514e-09                  
15.5884572681198943      -5        0.000000e+00                  
17.3205080756887710      -5        4.834219e-06                  
19.0525588832576496      -5        0.000000e+00                  
20.7846096908265245      -5        2.976919e-06                  
22.5166604983954031      -5        0.000000e+00                  
24.2487113059642780      -5        5.398768e-07                  
25.9807621135331566      -5        0.000000e+00                  
27.7128129211020351      -5        7.845770e-09                  
29.4448637286709101      -5        0.000000e+00                  
31.1769145362397886      -5        1.974827e-08                  
32.9089653438086671      -5        0.000000e+00                  
34.6410161513775492      -5        1.874527e-08                  
36.3730669589464242      -5        0.000000e+00                  
38.1051177665152991      -5        4.617269e-09                  
39.8371685740841812      -5        0.000000e+00                  
41.5692193816530562      -5        1.990703e-10                  
43.3012701892219312      -5        0.000000e+00                  
45.0333209967908061      -5        7.914392e-11                  
46.7653718043596882      -5        0.000000e+00                  
48.4974226119285632      -5        1.647602e-10                  
50.2294734194974382      -5        0.000000e+00                  
51.9615242270663202      -5        1.647603e-10                  
53.6935750346351952      -5        0.000000e+00                  
55.4256258422040702      -5        7.914399e-11                  
57.1576766497729523      -5        0.000000e+00                  
58.8897274573418272      -5        1.990705e-10                  
60.6217782649107022      -5        0.000000e+00                  
62.3538290724795772      -5        4.617273e-09                  
64.0858798800484522      -5        0.000000e+00                  
65.8179306876173342      -5        1.874528e-08                  
67.5499814951862021      -5        0.000000e+00                  
69.2820323027550842      -5        1.974828e-08                  
71.0140831103239663      -5        0.000000e+00                  
72.7461339178928341      -5        7.845778e-09                  
74.4781847254617162      -5        0.000000e+00                  
76.2102355330305983      -5        5.398773e-07                  
77.9422863405994661      -5        0.000000e+00                  
79.6743371481683482      -5        2.976921e-06                  
81.4063879557372303      -5        0.000000e+00                  
83.1384387633060982      -5        4.834223e-06                  
84.8704895708749802      -5        0.000000e+00                  
86.6025403784438481      -5        4.553519e-09                  
88.3345911860127302      -5        0.000000e+00                  
90.0666419935816123      -5        7.563159e-05                  
91.7986928011504801      -5        0.000000e+00                  
93.5307436087193622      -5        6.937579e-04                  
95.2627944162882443      -5        0.000000e+00                  
96.9948452238571122      -5        4.650345e-03                  
98.7268960314259942      -5        0.000000e+00                  
100.4589468389948763     -5        0.000000e+00                  
102.1909976465637442     -5        0.000000e+00                  
-1.7320508075688772      -4        0.000000e+00                  
0.0000000000000000       -4        0.000000e+00                  
1.7320508075688772       -4        6.361852e-02                  
3.4641016151377548       -4        0.000000e+00                  
5.1961524227066320       -4        9.182512e-04                  
6.9282032302755088       -4        0.000000e+00                  
8.6602540378443873       -4        7.158238e-05                  
10.3923048454132640      -4        0.000000e+00                  
12.1243556529821408      -4        1.391786e-04                  
13.8564064605510175      -4        0.000000e+00                  
15.5884572681198943      -4        3.584837e-05                  
17.3205080756887710      -4        0.000000e+00                  
19.0525588832576496      -4        2.065204e-06                  
20.7846096908265245      -4        0.000000e+00                  
22.5166604983954031      -4        2.098712e-07                  
24.2487113059642780      -4        0.000000e+00                  
25.9807621135331566      -4        5.193996e-07                  
27.7128129211020351      -4        0.000000e+00                  
29.4448637286709101      -4        1.814915e-07                  
31.1769145362397886      -4        0.000000e+00                  
32.9089653438086671      -4        1.700099e-08                  
34.6410161513775492      -4        0.000000e+00                  
36.3730669589464242      -4        3.087230e-10                  
38.1051177665152991      -4        0.000000e+00                  
39.8371685740841812      -4        2.569524e-09                  
41.5692193816530562      -4        0.000000e+00                  
43.3012701892219312      -4        1.228649e-09                  
45.0333209967908061      -4        0.000000e+00                  
46.7653718043596882      -4        1.835090e-10                  
48.4974226119285632      -4        0.000000e+00                  
50.2294734194974382      -4        1.118775e-13                  
51.9615242270663202      -4        0.000000e+00                  
53.6935750346351952      -4        1.835091e-10                  
55.4256258422040702      -4        0.000000e+00                  
57.1576766497729523      -4        1.228650e-09                  
58.8897274573418272      -4        0.000000e+00                  
60.6217782649107022      -4        2.569526e-09                  
62.3538290724795772      -4        0.000000e+00                  
64.0858798800484522      -4        3.087233e-10                  
65.8179306876173342      -4        0.000000e+00                  
67.5499814951862021      -4        1.700100e-08                  
69.2820323027550842      -4        0.000000e+00                  
71.0140831103239663      -4        1.814917e-07                  
72.7461339178928341      -4        0.000000e+00                  
74.4781847254617162      -4        5.194001e-07                  
76.2102355330305983      -4        0.000000e+00                  
77.9422863405994661      -4        2.098714e-07                  
79.6743371481683482      -4        0.000000e+00                  
81.4063879557372303      -4        2.065206e-06                  
83.1384387633060982      -4        0.000000e+00                  
84.8704895708749802      -4        3.584841e-05                  
86.6025403784438481      -4        0.000000e+00                  
88.3345911860127302      -4        1.391787e-04                  
90.0666419935816123      -4        0.000000e+00                  
91.7986928011504801      -4        7.158245e-05                  
93.5307436087193622      -4        0.000000e+00                  
95.2627944162882443      -4        9.182521e-04                  
96.9948452238571122      -4        0.000000e+00                  
98.7268960314259942      -4        6.361858e-02                  
100.4589468389948763     -4        0.000000e+00                  
102.1909976465637442     -4        0.000000e+00                  
-1.7320508075688772      -2        0.000000e+00                  
0.0000000000000000       -2        0.000000e+00                  
1.7320508075688772       -2        1.470803e-02                  
3.4641016151377548       -2        0.000000e+00                  
5.1961524227066320       -2        6.218909e-04                  
6.9282032302755088       -2        0.000000e+00                  
8.6602540378443873       -2        1.501844e-05                  
10.3923048454132640      -2        0.000000e+00                  
12.1243556529821408      -2        7.662669e-05                  
13.8564064605510175      -2        0.000000e+00                  
15.5884572681198943      -2        2.686422e-05                  
17.3205080756887710      -2        0.000000e+00                  
19.0525588832576496      -2        2.289100e-06                  
20.7846096908265245      -2        0.000000e+00                  
22.5166604983954031      -2        6.674285e-08                  
24.2487113059642780      -2        0.000000e+00                  
25.9807621135331566      -2        3.721725e-07                  
27.7128129211020351      -2        0.000000e+00                  
29.4448637286709101      -2        1.572456e-07                  
31.1769145362397886      -2        0.000000e+00                  
32.9089653438086671      -2        1.831141e-08                  
34.6410161513775492      -2        0.000000e+00                  
36.3730669589464242      -2        5.402473e-11                  
38.1051177665152991      -2        0.000000e+00                  
39.8371685740841812      -2        1.997534e-09                  
41.5692193816530562      -2        0.000000e+00                  
43.3012701892219312      -2        1.106396e-09                  
45.0333209967908061      -2        0.000000e+00                  
46.7653718043596882      -2        1.861512e-10                  
48.4974226119285632      -2        0.000000e+00                  
50.2294734194974382      -2        1.392752e-12                  
51.9615242270663202      -2        0.000000e+00                  
53.6935750346351952      -2        1.861513e-10                  
55.4256258422040702      -2        0.000000e+00                  
57.1576766497729523      -2        1.106397e-09                  
58.8897274573418272      -2        0.000000e+00                  
60.6217782649107022      -2        1.997536e-09                  
62.3538290724795772      -2        0.000000e+00                  
64.0858798800484522      -2        5.402478e-11                  
65.8179306876173342      -2        0.000000e+00                  
67.5499814951862021      -2        1.831143e-08                  
69.2820323027550842      -2        0.000000e+00                  
71.0140831103239663      -2        1.572458e-07                  
72.7461339178928341      -2        0.000000e+00                  
74.4781847254617162      -2        3.721729e-07                  
76.2102355330305983      -2        0.000000e+00                  
77.9422863405994661      -2        6.674292e-08                  
79.6743371481683482      -2        0.000000e+00                  
81.4063879557372303      -2        2.289103e-06                  
83.1384387633060982      -2        0.000000e+00                  
84.8704895708749802      -2        2.686425e-05                  
86.6025403784438481      -2        0.000000e+00                  
88.3345911860127302      -2        7.662677e-05                  
90.0666419935816123      -2        0.000000e+00                  
91.7986928011504801      -2        1.501845e-05                  
93.5307436087193622      -2        0.000000e+00                  
95.2627944162882443      -2        6.218915e-04                  
96.9948452238571122      -2        0.000000e+00                  
98.7268960314259942      -2        1.470805e-02                  
100.4589468389948763     -2        0.000000e+00                  
102.1909976465637442     -2        0.000000e+00                  
-1.7320508075688772      -1        0.000000e+00                  
0.0000000000000000       -1        4.118573e-02                  
1.7320508075688772       -1        0.000000e+00                  
3.4641016151377548       -1        1.389108e-03                  
5.1961524227066320       -1        0.000000e+00                  
6.9282032302755088       -1        1.124706e-03                  
8.6602540378443873       -1        0.000000e+00                  
10.3923048454132640      -1        2.017609e-04                  
12.1243556529821408      -1        0.000000e+00                  
13.8564064605510175      -1        2.473421e-06                  
15.5884572681198943      -1        0.000000e+00                  
17.3205080756887710      -1        5.578644e-06                  
19.0525588832576496      -1        0.000000e+00                  
20.7846096908265245      -1        4.462320e-06                  
22.5166604983954031      -1        0.000000e+00                  
24.2487113059642780      -1        8.877291e-07                  
25.9807621135331566      -1        0.000000e+00                  
27.7128129211020351      -1        1.938144e-08                  
29.4448637286709101      -1        0.000000e+00                  
31.1769145362397886      -1        2.353302e-08                  
32.9089653438086671      -1        0.000000e+00                  
34.6410161513775492      -1        2.480806e-08                  
36.3730669589464242      -1        0.000000e+00                  
38.1051177665152991      -1        6.280616e-09                  
39.8371685740841812      -1        0.000000e+00                  
41.5692193816530562      -1        2.922334e-10                  
43.3012701892219312      -1        0.000000e+00                  
45.0333209967908061      -1        9.206418e-11                  
46.7653718043596882      -1        0.000000e+00                  
48.4974226119285632      -1        2.039280e-10                  
50.2294734194974382      -1        0.000000e+00                  
51.9615242270663202      -1        2.039281e-10                  
53.6935750346351952      -1        0.000000e+00                  
55.4256258422040702      -1        9.206426e-11                  
57.1576766497729523      -1        0.000000e+00                  
58.8897274573418272      -1        2.922337e-10                  
60.6217782649107022      -1        0.000000e+00                  
62.3538290724795772      -1        6.280622e-09                  
64.0858798800484522      -1        0.000000e+00                  
65.8179306876173342      -1        2.480809e-08                  
67.5499814951862021      -1        0.000000e+00                  
69.2820323027550842      -1        2.353304e-08                  
71.0140831103239663      -1        0.000000e+00                  
72.7461339178928341      -1        1.938146e-08                  
74.4781847254617162      -1        0.000000e+00                  
76.2102355330305983      -1        8.877300e-07                  
77.9422863405994661      -1        0.000000e+00                  
79.6743371481683482      -1        4.462324e-06                  
81.4063879557372303      -1        0.000000e+00                  
83.1384387633060982      -1        5.578650e-06                  
84.8704895708749802      -1        0.000000e+00                  
86.6025403784438481      -1        2.473423e-06                  
88.3345911860127302      -1        0.000000e+00                  
90.0666419935816123      -1        2.017610e-04                  
91.7986928011504801      -1        0.000000e+00                  
93.5307436087193622      -1        1.124707e-03                  
95.2627944162882443      -1        0.000000e+00                  
96.9948452238571122      -1        1.389109e-03                  
98.7268960314259942      -1        0.000000e+00                  
100.4589468389948763     -1        4.118577e-02                  
102.1909976465637442     -1        0.000000e+00                  
-1.7320508075688772      1         0.000000e+00                  
0.0000000000000000       1         4.118573e-02                  
1.7320508075688772       1         0.000000e+00                  
3.4641016151377548       1         1.389108e-03                  
5.1961524227066320       1         0.000000e+00                  
6.9282032302755088       1         1.124706e-03                  
8.6602540378443873       1         0.000000e+00                  
10.3923048454132640      1         2.017609e-04                  
12.1243556529821408      1         0.000000e+00                  
13.8564064605510175      1         2.473421e-06                  
15.5884572681198943      1         0.000000e+00                  
17.3205080756887710      1         5.578644e-06                  
19.0525588832576496      1         0.000000e+00                  
20.7846096908265245      1         4.462320e-06                  
22.5166604983954031      1         0.000000e+00                  
24.2487113059642780      1         8.877291e-07                  
25.9807621135331566      1         0.000000e+00                  
27.7128129211020351      1         1.938144e-08                  
29.4448637286709101      1         0.000000e+00                  
31.1769145362397886      1         2.353302e-08                  
32.9089653438086671      1         0.000000e+00                  
34.6410161513775492      1         2.480806e-08                  
36.3730669589464242      1         0.000000e+00                  
38.1051177665152991      1         6.280616e-09                  
39.8371685740841812      1         0.000000e+00                  
41.5692193816530562      1         2.922334e-10                  
43.3012701892219312      1         0.000000e+00                  
45.0333209967908061      1         9.206418e-11                  
46.7653718043596882      1         0.000000e+00                  
48.4974226119285632      1         2.039280e-10                  
50.2294734194974382      1         0.000000e+00                  
51.9615242270663202      1         2.039281e-10                  
53.6935750346351952      1         0.000000e+00                  
55.4256258422040702      1         9.206426e-11                  
57.1576766497729523      1         0.000000e+00                  
58.8897274573418272      1         2.922337e-10                  
60.6217782649107022      1         0.000000e+00                  
62.3538290724795772      1         6.280622e-09                  
64.0858798800484522      1         0.000000e+00                  
65.8179306876173342      1         2.480809e-08                  
67.5499814951862021      1         0.000000e+00                  
69.2820323027550842      1         2.353304e-08                  
71.0140831103239663      1         0.000000e+00                  
72.7461339178928341      1         1.938146e-08                  
74.4781847254617162      1         0.000000e+00                  
76.2102355330305983      1         8.877300e-07                  
77.9422863405994661      1         0.000000e+00                  
79.6743371481683482      1         4.462324e-06                  
81.4063879557372303      1         0.000000e+00                  
83.1384387633060982      1         5.578650e-06                  
84.8704895708749802      1         0.000000e+00                  
86.6025403784438481      1         2.473423e-06                  
88.3345911860127302      1         0.000000e+00                  
90.0666419935816123      1         2.017610e-04                  
91.7986928011504801      1         0.000000e+00                  
93.5307436087193622      1         1.124707e-03                  
95.2627944162882443      1         0.000000e+00                  
96.9948452238571122      1         1.389109e-03                  
98.7268960314259942      1         0.000000e+00                  
100.4589468389948763     1         4.118577e-02                  
102.1909976465637442     1         0.000000e+00                  
-1.7320508075688772      2         0.000000e+00                  
0.0000000000000000       2         0.000000e+00                  
1.7320508075688772       2         1.470803e-02                  
3.4641016151377548       2         0.000000e+00                  
5.1961524227066320       2         6.218909e-04                  
6.9282032302755088       2         0.000000e+00                  
8.6602540378443873       2         1.501844e-05                  
10.3923048454132640      2         0.000000e+00                  
12.1243556529821408      2         7.662669e-05                  
13.8564064605510175      2         0.000000e+00                  
15.5884572681198943      2         2.686422e-05                  
17.3205080756887710      2         0.000000e+00                  
19.0525588832576496      2         2.289100e-06                  
20.7846096908265245      2         0.000000e+00                  
22.5166604983954031      2         6.674285e-08                  
24.2487113059642780      2         0.000000e+00                  
25.9807621135331566      2         3.721725e-07                  
27.7128129211020351      2         0.000000e+00                  
29.4448637286709101      2         1.572456e-07                  
31.1769145362397886      2         0.000000e+00                  
32.9089653438086671      2         1.831141e-08                  
34.6410161513775492      2         0.000000e+00                  
36.3730669589464242      2         5.402473e-11                  
38.1051177665152991      2         0.000000e+00                  
39.8371685740841812      2         1.997534e-09                  
41.5692193816530562      2         0.000000e+00                  
43.3012701892219312      2         1.106396e-09                  
45.0333209967908061      2         0.000000e+00                  
46.7653718043596882      2         1.861512e-10                  
48.4974226119285632      2         0.000000e+00                  
50.2294734194974382      2         1.392752e-12                  
51.9615242270663202      2         0.000000e+00                  
53.6935750346351952      2         1.861513e-10                  
55.4256258422040702      2         0.000000e+00                  
57.1576766497729523      2         1.106397e-09                  
58.8897274573418272      2         0.000000e+00                  
60.6217782649107022      2         1.997536e-09                  
62.3538290724795772      2         0.000000e+00                  
64.0858798800484522      2         5.402478e-11                  
65.8179306876173342      2         0.000000e+00                  
67.5499814951862021      2         1.831143e-08                  
69.2820323027550842      2         0.000000e+00                  
71.0140831103239663      2         1.572458e-07                  
72.7461339178928341      2         0.000000e+00                  
74.4781847254617162      2         3.721729e-07                  
76.2102355330305983      2         0.000000e+00                  
77.9422863405994661      2         6.674292e-08                  
79.6743371481683482      2         0.000000e+00                  
81.4063879557372303      2         2.289103e-06                  
83.1384387633060982      2         0.000000e+00                  
84.8704895708749802      2         2.686425e-05                  
86.6025403784438481      2         0.000000e+00                  
88.3345911860127302      2         7.662677e-05                  
90.0666419935816123      2         0.000000e+00                  
91.7986928011504801      2         1.501845e-05                  
93.5307436087193622      2         0.000000e+00                  
95.2627944162882443      2         6.218915e-04                  
96.9948452238571122      2         0.000000e+00                  
98.7268960314259942      2         1.470805e-02                  
100.4589468389948763     2         0.000000e+00                  
102.1909976465637442     2         0.000000e+00                  
-1.7320508075688772      4         0.000000e+00                  
0.0000000000000000       4         0.000000e+00                  
1.7320508075688772       4         6.361852e-02                  
3.4641016151377548       4         0.000000e+00                  
5.1961524227066320       4         9.182512e-04                  
6.9282032302755088       4         0.000000e+00                  
8.6602540378443873       4         7.158238e-05                  
10.3923048454132640      4         0.000000e+00                  
12.1243556529821408      4         1.391786e-04                  
13.8564064605510175      4         0.000000e+00                  
15.5884572681198943      4         3.584837e-05                  
17.3205080756887710      4         0.000000e+00                  
19.0525588832576496      4         2.065204e-06                  
20.7846096908265245      4         0.000000e+00                  
22.5166604983954031      4         2.098712e-07                  
24.2487113059642780      4         0.000000e+00                  
25.9807621135331566      4         5.193996e-07                  
27.7128129211020351      4         0.000000e+00                  
29.4448637286709101      4         1.814915e-07                  
31.1769145362397886      4         0.000000e+00                  
32.9089653438086671      4         1.700099e-08                  
34.6410161513775492      4         0.000000e+00                  
36.3730669589464242      4         3.087230e-10                  
38.1051177665152991      4         0.000000e+00                  
39.8371685740841812      4         2.569524e-09                  
41.5692193816530562      4         0.000000e+00                  
43.3012701892219312      4         1.228649e-09                  
45.0333209967908061      4         0.000000e+00                  
46.7653718043596882      4         1.835090e-10                  
48.4974226119285632      4         0.000000e+00                  
50.2294734194974382      4         1.118775e-13                  
51.9615242270663202      4         0.000000e+00                  
53.6935750346351952      4         1.835091e-10                  
55.4256258422040702      4         0.000000e+00                  
57.1576766497729523      4         1.228650e-09                  
58.8897274573418272      4         0.000000e+00                  
60.6217782649107022      4         2.569526e-09                  
62.3538290724795772      4         0.000000e+00                  
64.0858798800484522      4         3.087233e-10                  
65.8179306876173342      4         0.000000e+00                  
67.5499814951862021      4         1.700100e-08                  
69.2820323027550842      4         0.000000e+00                  
71.0140831103239663      4         1.814917e-07                  
72.7461339178928341      4         0.000000e+00                  
74.4781847254617162      4         5.194001e-07                  
76.2102355330305983      4         0.000000e+00                  
77.9422863405994661      4         2.098714e-07                  
79.6743371481683482      4         0.000000e+00                  
81.4063879557372303      4         2.065206e-06                  
83.1384387633060982      4         0.000000e+00                  
84.8704895708749802      4         3.584841e-05                  
86.6025403784438481      4         0.000000e+00                  
88.3345911860127302      4         1.391787e-04                  
90.0666419935816123      4         0.000000e+00                  
91.7986928011504801      4         7.158245e-05                  
93.5307436087193622      4         0.000000e+00                  
95.2627944162882443      4         9.182521e-04                  
96.9948452238571122      4         0.000000e+00                  
98.7268960314259942      4         6.361858e-02                  
100.4589468389948763     4         0.000000e+00                  
102.1909976465637442     4         0.000000e+00                  
-1.7320508075688772      5         0.000000e+00                  
0.0000000000000000       5         0.000000e+00                  
1.7320508075688772       5         0.000000e+00                  
3.4641016151377548       5         4.650340e-03                  
5.1961524227066320       5         0.000000e+00                  
6.9282032302755088       5         6.937573e-04                  
8.6602540378443873       5         0.000000e+00                  
10.3923048454132640      5         7.563151e-05                  
12.1243556529821408      5         0.000000e+00                  
13.8564064605510175      5         4.553514e-09                  
15.5884572681198943      5         0.000000e+00                  
17.3205080756887710      5         4.834219e-06                  
19.0525588832576496      5         0.000000e+00                  
20.7846096908265245      5         2.976919e-06                  
22.5166604983954031      5         0.000000e+00                  
24.2487113059642780      5         5.398768e-07                  
25.9807621135331566      5         0.000000e+00                  
27.7128129211020351      5         7.845770e-09                  
29.4448637286709101      5         0.000000e+00                  
31.1769145362397886      5         1.974827e-08                  
32.9089653438086671      5         0.000000e+00                  
34.6410161513775492      5         1.874527e-08                  
36.3730669589464242      5         0.000000e+00                  
38.1051177665152991      5         4.617269e-09                  
39.8371685740841812      5         0.000000e+00                  
41.5692193816530562      5         1.990703e-10                  
43.3012701892219312      5         0.000000e+00                  
45.0333209967908061      5         7.914392e-11                  
46.7653718043596882      5         0.000000e+00                  
48.4974226119285632      5         1.647602e-10                  
50.2294734194974382      5         0.000000e+00                  
51.9615242270663202      5         1.647603e-10                  
53.6935750346351952      5         0.000000e+00                  
55.4256258422040702      5         7.914399e-11                  
57.1576766497729523      5         0.000000e+00                  
58.8897274573418272      5         1.990705e-10                  
60.6217782649107022      5         0.000000e+00                  
62.3538290724795772      5         4.617273e-09                  
64.0858798800484522      5         0.000000e+00                  
65.8179306876173342      5         1.874528e-08                  
67.5499814951862021      5         0.000000e+00                  
69.2820323027550842      5         1.974828e-08                  
71.0140831103239663      5         0.000000e+00                  
72.7461339178928341      5         7.845778e-09                  
74.4781847254617162      5         0.000000e+00                  
76.2102355330305983      5         5.398773e-07                  
77.9422863405994661      5         0.000000e+00                  
79.6743371481683482      5         2.976921e-06                  
81.4063879557372303      5         0.000000e+00                  
83.1384387633060982      5         4.834223e-06                  
84.8704895708749802      5         0.000000e+00                  
86.6025403784438481      5         4.553519e-09                  
88.3345911860127302      5         0.000000e+00                  
90.0666419935816123      5         7.563159e-05                  
91.7986928011504801      5         0.000000e+00                  
93.5307436087193622      5         6.937579e-04                  
95.2627944162882443      5         0.000000e+00                  
96.9948452238571122      5         4.650345e-03                  
98.7268960314259942      5         0.000000e+00                  
100.4589468389948763     5         0.000000e+00                  
102.1909976465637442     5         0.000000e+00                  
-1.7320508075688772      7         0.000000e+00                  
0.0000000000000000       7         0.000000e+00                  
1.7320508075688772       7         0.000000e+00                  
3.4641016151377548       7         4.944092e-02                  
5.1961524227066320       7         0.000000e+00                  
6.9282032302755088       7         2.858520e-03                  
8.6602540378443873       7         0.000000e+00                  
10.3923048454132640      7         1.274167e-04                  
12.1243556529821408      7         0.000000e+00                  
13.8564064605510175      7         5.026006e-06                  
15.5884572681198943      7         0.000000e+00                  
17.3205080756887710      7         1.446249e-05                  
19.0525588832576496      7         0.000000e+00                  
20.7846096908265245      7         5.134558e-06                  
22.5166604983954031      7         0.000000e+00                  
24.2487113059642780      7         5.784252e-07                  
25.9807621135331566      7         0.000000e+00                  
27.7128129211020351      7         5.176019e-11                  
29.4448637286709101      7         0.000000e+00                  
31.1769145362397886      7         4.437301e-08                  
32.9089653438086671      7         0.000000e+00                  
34.6410161513775492      7         2.671196e-08                  
36.3730669589464242      7         0.000000e+00                  
38.1051177665152991      7         4.914686e-09                  
39.8371685740841812      7         0.000000e+00                  
41.5692193816530562      7         8.587157e-11                  
43.3012701892219312      7         0.000000e+00                  
45.0333209967908061      7         1.651156e-10                  
46.7653718043596882      7         0.000000e+00                  
48.4974226119285632      7         2.096895e-10                  
50.2294734194974382      7         0.000000e+00                  
51.9615242270663202      7         2.096896e-10                  
53.6935750346351952      7         0.000000e+00                  
55.4256258422040702      7         1.651158e-10                  
57.1576766497729523      7         0.000000e+00                  
58.8897274573418272      7         8.587165e-11                  
60.6217782649107022      7         0.000000e+00                  
62.3538290724795772      7         4.914691e-09                  
64.0858798800484522      7         0.000000e+00                  
65.8179306876173342      7         2.671198e-08                  
67.5499814951862021      7         0.000000e+00                  
69.2820323027550842      7         4.437306e-08                  
71.0140831103239663      7         0.000000e+00                  
72.7461339178928341      7         5.176024e-11                  
74.4781847254617162      7         0.000000e+00                  
76.2102355330305983      7         5.784257e-07                  
77.9422863405994661      7         0.000000e+00                  
79.6743371481683482      7         5.134563e-06                  
81.4063879557372303      7         0.000000e+00                  
83.1384387633060982      7         1.446250e-05                  
84.8704895708749802      7         0.000000e+00                  
86.6025403784438481      7         5.026011e-06                  
88.3345911860127302      7         0.000000e+00                  
90.0666419935816123      7         1.274168e-04                  
91.7986928011504801      7         0.000000e+00                  
93.5307436087193622      7         2.858523e-03                  
95.2627944162882443      7         0.000000e+00                  
96.9948452238571122      7         4.944097e-02                  
98.7268960314259942      7         0.000000e+00                  
100.4589468389948763     7         0.000000e+00                  
102.1909976465637442     7         0.000000e+00                  
-1.7320508075688772      8         0.000000e+00                  
0.0000000000000000       8         0.000000e+00                  
1.7320508075688772       8         0.000000e+00                  
3.4641016151377548       8         0.000000e+00                  
5.1961524227066320       8         1.636504e-03                  
6.9282032302755088       8         0.000000e+00                  
8.6602540378443873       8         2.387548e-04                  
10.3923048454132640      8         0.000000e+00                  
12.1243556529821408      8         6.030430e-05                  
13.8564064605510175      8         0.000000e+00                  
15.5884572681198943      8         8.697231e-06                  
17.3205080756887710      8         0.000000e+00                  
19.0525588832576496      8         1.870367e-07                  
20.7846096908265245      8         0.000000e+00                  
22.5166604983954031      8         2.304106e-07                  
24.2487113059642780      8         0.000000e+00                  
25.9807621135331566      8         2.755381e-07                  
27.7128129211020351      8         0.000000e+00                  
29.4448637286709101      8         8.459338e-08                  
31.1769145362397886      8         0.000000e+00                  
32.9089653438086671      8         6.835002e-09                  
34.6410161513775492      8         0.000000e+00                  
36.3730669589464242      8         3.622875e-10                  
38.1051177665152991      8         0.000000e+00                  
39.8371685740841812      8         1.615655e-09                  
41.5692193816530562      8         0.000000e+00                  
43.3012701892219312      8         7.357023e-10                  
45.0333209967908061      8         0.000000e+00                  
46.7653718043596882      8         1.077280e-10                  
48.4974226119285632      8         0.000000e+00                  
50.2294734194974382      8         2.895122e-15                  
51.9615242270663202      8         0.000000e+00                  
53.6935750346351952      8         1.077281e-10                  
55.4256258422040702      8         0.000000e+00                  
57.1576766497729523      8         7.357030e-10                  
58.8897274573418272      8         0.000000e+00                  
60.6217782649107022      8         1.615657e-09                  
62.3538290724795772      8         0.000000e+00                  
64.0858798800484522      8         3.622879e-10                  
65.8179306876173342      8         0.000000e+00                  
67.5499814951862021      8         6.835009e-09                  
69.2820323027550842      8         0.000000e+00                  
71.0140831103239663      8         8.459346e-08                  
72.7461339178928341      8         0.000000e+00                  
74.4781847254617162      8         2.755384e-07                  
76.2102355330305983      8         0.000000e+00                  
77.9422863405994661      8         2.304108e-07                  
79.6743371481683482      8         0.000000e+00                  
81.4063879557372303      8         1.870369e-07                  
83.1384387633060982      8         0.000000e+00                  
84.8704895708749802      8         8.697240e-06                  
86.6025403784438481      8         0.000000e+00                  
88.3345911860127302      8         6.030436e-05                  
90.0666419935816123      8         0.000000e+00                  
91.7986928011504801      8         2.387551e-04                  
93.5307436087193622      8         0.000000e+00                  
95.2627944162882443      8         1.636505e-03                  
96.9948452238571122      8         0.000000e+00                  
98.7268960314259942      8         0.000000e+00                  
100.4589468389948763     8         0.000000e+00                  
102.1909976465637442     8         0.000000e+00                  
-1.7320508075688772      10        0.000000e+00                  
0.0000000000000000       10        0.000000e+00                  
1.7320508075688772       10        0.000000e+00                  
3.4641016151377548       10        0.000000e+00                  
5.1961524227066320       10        2.845477e-02                  
6.9282032302755088       10        0.000000e+00                  
8.6602540378443873       10        2.359445e-03                  
10.3923048454132640      10        0.000000e+00                  
12.1243556529821408      10        2.793080e-04                  
13.8564064605510175      10        0.000000e+00                  
15.5884572681198943      10        1.395178e-05                  
17.3205080756887710      10        0.000000e+00                  
19.0525588832576496      10        1.586987e-07                  
20.7846096908265245      10        0.000000e+00                  
22.5166604983954031      10        1.288523e-06                  
24.2487113059642780      10        0.000000e+00                  
25.9807621135331566      10        6.247174e-07                  
27.7128129211020351      10        0.000000e+00                  
29.4448637286709101      10        1.105811e-07                  
31.1769145362397886      10        0.000000e+00                  
32.9089653438086671      10        2.765182e-09                  
34.6410161513775492      10        0.000000e+00                  
36.3730669589464242      10        2.502629e-09                  
38.1051177665152991      10        0.000000e+00                  
39.8371685740841812      10        3.060302e-09                  
41.5692193816530562      10        0.000000e+00                  
43.3012701892219312      10        9.349158e-10                  
45.0333209967908061      10        0.000000e+00                  
46.7653718043596882      10        9.173590e-11                  
48.4974226119285632      10        0.000000e+00                  
50.2294734194974382      10        6.776416e-12                  
51.9615242270663202      10        0.000000e+00                  
53.6935750346351952      10        9.173596e-11                  
55.4256258422040702      10        0.000000e+00                  
57.1576766497729523      10        9.349167e-10                  
58.8897274573418272      10        0.000000e+00                  
60.6217782649107022      10        3.060305e-09                  
62.3538290724795772      10        0.000000e+00                  
64.0858798800484522      10        2.502632e-09                  
65.8179306876173342      10        0.000000e+00                  
67.5499814951862021      10        2.765184e-09                  
69.2820323027550842      10        0.000000e+00                  
71.0140831103239663      10        1.105812e-07                  
72.7461339178928341      10        0.000000e+00                  
74.4781847254617162      10        6.247180e-07                  
76.2102355330305983      10        0.000000e+00                  
77.9422863405994661      10        1.288524e-06                  
79.6743371481683482      10        0.000000e+00                  
81.4063879557372303      10        1.586989e-07                  
83.1384387633060982      10        0.000000e+00                  
84.8704895708749802      10        1.395180e-05                  
86.6025403784438481      10        0.000000e+00                  
88.3345911860127302      10        2.793083e-04                  
90.0666419935816123      10        0.000000e+00                  
91.7986928011504801      10        2.359448e-03                  
93.5307436087193622      10        0.000000e+00                  
95.2627944162882443      10        2.845480e-02                  
96.9948452238571122      10        0.000000e+00                  
98.7268960314259942      10        0.000000e+00                  
100.4589468389948763     10        0.000000e+00                  
102.1909976465637442     10        0.000000e+00                  
-1.7320508075688772      11        0.000000e+00                  
0.0000000000000000       11        0.000000e+00                  
1.7320508075688772       11        0.000000e+00                  
3.4641016151377548       11        0.000000e+00                  
5.1961524227066320       11        0.000000e+00                  
6.9282032302755088       11        7.317598e-04                  
8.6602540378443873       11        0.000000e+00                  
10.3923048454132640      11        6.992667e-05                  
12.1243556529821408      11        0.000000e+00                  
13.8564064605510175      11        1.760231e-05                  
15.5884572681198943      11        0.000000e+00                  
17.3205080756887710      11        4.766493e-06                  
19.0525588832576496      11        0.000000e+00                  
20.7846096908265245      11        9.701207e-07                  
22.5166604983954031      11        0.000000e+00                  
24.2487113059642780      11        6.779029e-08                  
25.9807621135331566      11        0.000000e+00                  
27.7128129211020351      11        5.075776e-09                  
29.4448637286709101      11        0.000000e+00                  
31.1769145362397886      11        2.064638e-08                  
32.9089653438086671      11        0.000000e+00                  
34.6410161513775492      11        1.032376e-08                  
36.3730669589464242      11        0.000000e+00                  
38.1051177665152991      11        1.754776e-09                  
39.8371685740841812      11        0.000000e+00                  
41.5692193816530562      11        1.573479e-11                  
43.3012701892219312      11        0.000000e+00                  
45.0333209967908061      11        9.328154e-11                  
46.7653718043596882      11        0.000000e+00                  
48.4974226119285632      11        1.064651e-10                  
50.2294734194974382      11        0.000000e+00                  
51.9615242270663202      11        1.064651e-10                  
53.6935750346351952      11        0.000000e+00                  
55.4256258422040702      11        9.328162e-11                  
57.1576766497729523      11        0.000000e+00                  
58.8897274573418272      11        1.573481e-11                  
60.6217782649107022      11        0.000000e+00                  
62.3538290724795772      11        1.754778e-09                  
64.0858798800484522      11        0.000000e+00                  
65.8179306876173342      11        1.032377e-08                  
67.5499814951862021      11        0.000000e+00                  
69.2820323027550842      11        2.064640e-08                  
71.0140831103239663      11        0.000000e+00                  
72.7461339178928341      11        5.075781e-09                  
74.4781847254617162      11        0.000000e+00                  
76.2102355330305983      11        6.779035e-08                  
77.9422863405994661      11        0.000000e+00                  
79.6743371481683482      11        9.701216e-07                  
81.4063879557372303      11        0.000000e+00                  
83.1384387633060982      11        4.766498e-06                  
84.8704895708749802      11        0.000000e+00                  
86.6025403784438481      11        1.760233e-05                  
88.3345911860127302      11        0.000000e+00                  
90.0666419935816123      11        6.992674e-05                  
91.7986928011504801      11        0.000000e+00                  
93.5307436087193622      11        7.317605e-04                  
95.2627944162882443      11        0.000000e+00                  
96.9948452238571122      11        0.000000e+00                  
98.7268960314259942      11        0.000000e+00                  
100.4589468389948763     11        0.000000e+00                  
102.1909976465637442     11        0.000000e+00                  
-1.7320508075688772      13        0.000000e+00                  
0.0000000000000000       13        0.000000e+00                  
1.7320508075688772       13        0.000000e+00                  
3.4641016151377548       13        0.000000e+00                  
5.1961524227066320       13        0.000000e+00                  
6.9282032302755088       13        1.465267e-02                  
8.6602540378443873       13        0.000000e+00                  
10.3923048454132640      13        1.295210e-03                  
12.1243556529821408      13        0.000000e+00                  
13.8564064605510175      13        1.992607e-04                  
15.5884572681198943      13        0.000000e+00                  
17.3205080756887710      13        2.373414e-05                  
19.0525588832576496      13        0.000000e+00                  
20.7846096908265245      13        1.672678e-06                  
22.5166604983954031      13        0.000000e+00                  
24.2487113059642780      13        1.702858e-11                  
25.9807621135331566      13        0.000000e+00                  
27.7128129211020351      13        9.435317e-08                  
29.4448637286709101      13        0.000000e+00                  
31.1769145362397886      13        6.561805e-08                  
32.9089653438086671      13        0.000000e+00                  
34.6410161513775492      13        1.679545e-08                  
36.3730669589464242      13        0.000000e+00                  
38.1051177665152991      13        1.290933e-09                  
39.8371685740841812      13        0.000000e+00                  
41.5692193816530562      13        5.438685e-11                  
43.3012701892219312      13        0.000000e+00                  
45.0333209967908061      13        2.728113e-10                  
46.7653718043596882      13        0.000000e+00                  
48.4974226119285632      13        1.552595e-10                  
50.2294734194974382      13        0.000000e+00                  
51.9615242270663202      13        1.552596e-10                  
53.6935750346351952      13        0.000000e+00                  
55.4256258422040702      13        2.728116e-10                  
57.1576766497729523      13        0.000000e+00                  
58.8897274573418272      13        5.438690e-11                  
60.6217782649107022      13        0.000000e+00                  
62.3538290724795772      13        1.290934e-09                  
64.0858798800484522      13        0.000000e+00                  
65.8179306876173342      13        1.679546e-08                  
67.5499814951862021      13        0.000000e+00                  
69.2820323027550842      13        6.561811e-08                  
71.0140831103239663      13        0.000000e+00                  
72.7461339178928341      13        9.435326e-08                  
74.4781847254617162      13        0.000000e+00                  
76.2102355330305983      13        1.702859e-11                  
77.9422863405994661      13        0.000000e+00                  
79.6743371481683482      13        1.672679e-06                  
81.4063879557372303      13        0.000000e+00                  
83.1384387633060982      13        2.373417e-05                  
84.8704895708749802      13        0.000000e+00                  
86.6025403784438481      13        1.992609e-04                  
88.3345911860127302      13        0.000000e+00                  
90.0666419935816123      13        1.295211e-03                  
91.7986928011504801      13        0.000000e+00                  
93.5307436087193622      13        1.465268e-02                  
95.2627944162882443      13        0.000000e+00                  
96.9948452238571122      13        0.000000e+00                  
98.7268960314259942      13        0.000000e+00                  
100.4589468389948763     13        0.000000e+00                  
102.1909976465637442     13        0.000000e+00                  
-1.7320508075688772      14        0.000000e+00                  
0.0000000000000000       14        0.000000e+00                  
1.7320508075688772       14        0.000000e+00                  
3.4641016151377548       14        0.000000e+00                  
5.1961524227066320       14        0.000000e+00                  
6.9282032302755088       14        0.000000e+00                  
8.6602540378443873       14        3.816011e-04                  
10.3923048454132640      14        0.000000e+00                  
12.1243556529821408      14        2.890957e-05                  
13.8564064605510175      14        0.000000e+00                  
15.5884572681198943      14        4.642465e-06                  
17.3205080756887710      14        0.000000e+00                  
19.0525588832576496      14        1.064686e-06                  
20.7846096908265245      14        0.000000e+00                  
22.5166604983954031      14        3.521994e-07                  
24.2487113059642780      14        0.000000e+00                  
25.9807621135331566      14        9.818793e-08                  
27.7128129211020351      14        0.000000e+00                  
29.4448637286709101      14        1.349247e-08                  
31.1769145362397886      14        0.000000e+00                  
32.9089653438086671      14        2.776288e-11                  
34.6410161513775492      14        0.000000e+00                  
36.3730669589464242      14        1.138924e-09                  
38.1051177665152991      14        0.000000e+00                  
39.8371685740841812      14        1.018979e-09                  
41.5692193816530562      14        0.000000e+00                  
43.3012701892219312      14        2.963609e-10                  
45.0333209967908061      14        0.000000e+00                  
46.7653718043596882      14        2.865749e-11                  
48.4974226119285632      14        0.000000e+00                  
50.2294734194974382      14        4.308508e-12                  
51.9615242270663202      14        0.000000e+00                  
53.6935750346351952      14        2.865751e-11                  
55.4256258422040702      14        0.000000e+00                  
57.1576766497729523      14        2.963612e-10                  
58.8897274573418272      14        0.000000e+00                  
60.6217782649107022      14        1.018980e-09                  
62.3538290724795772      14        0.000000e+00                  
64.0858798800484522      14        1.138925e-09                  
65.8179306876173342      14        0.000000e+00                  
67.5499814951862021      14        2.776291e-11                  
69.2820323027550842      14        0.000000e+00                  
71.0140831103239663      14        1.349248e-08                  
72.7461339178928341      14        0.000000e+00                  
74.4781847254617162      14        9.818802e-08                  
76.2102355330305983      14        0.000000e+00                  
77.9422863405994661      14        3.521998e-07                  
79.6743371481683482      14        0.000000e+00                  
81.4063879557372303      14        1.064687e-06                  
83.1384387633060982      14        0.000000e+00                  
84.8704895708749802      14        4.642469e-06                  
86.6025403784438481      14        0.000000e+00                  
88.3345911860127302      14        2.890959e-05                  
90.0666419935816123      14        0.000000e+00                  
91.7986928011504801      14        3.816014e-04                  
93.5307436087193622      14        0.000000e+00                  
95.2627944162882443      14        0.000000e+00                  
96.9948452238571122      14        0.000000e+00                  
98.7268960314259942      14        0.000000e+00                  
100.4589468389948763     14        0.000000e+00                  
102.1909976465637442     14        0.000000e+00                  
-1.7320508075688772      16        0.000000e+00                  
0.0000000000000000       16        0.000000e+00                  
1.7320508075688772       16        0.000000e+00                  
3.4641016151377548       16        0.000000e+00                  
5.1961524227066320       16        0.000000e+00                  
6.9282032302755088       16        0.000000e+00                  
8.6602540378443873       16        7.450559e-03                  
10.3923048454132640      16        0.000000e+00                  
12.1243556529821408      16        6.380880e-04                  
13.8564064605510175      16        0.000000e+00                  
15.5884572681198943      16        1.002895e-04                  
17.3205080756887710      16        0.000000e+00                  
19.0525588832576496      16        1.456568e-05                  
20.7846096908265245      16        0.000000e+00                  
22.5166604983954031      16        2.041774e-06                  
24.2487113059642780      16        0.000000e+00                  
25.9807621135331566      16        1.950377e-07                  
27.7128129211020351      16        0.000000e+00                  
29.4448637286709101      16        2.398646e-09                  
31.1769145362397886      16        0.000000e+00                  
32.9089653438086671      16        5.208161e-09                  
34.6410161513775492      16        0.000000e+00                  
36.3730669589464242      16        5.909574e-09                  
38.1051177665152991      16        0.000000e+00                  
39.8371685740841812      16        2.137019e-09                  
41.5692193816530562      16        0.000000e+00                  
43.3012701892219312      16        3.070953e-10                  
45.0333209967908061      16        0.000000e+00                  
46.7653718043596882      16        1.675861e-11                  
48.4974226119285632      16        0.000000e+00                  
50.2294734194974382      16        3.502402e-11                  
51.9615242270663202      16        0.000000e+00                  
53.6935750346351952      16        1.675859e-11                  
55.4256258422040702      16        0.000000e+00                  
57.1576766497729523      16        3.070955e-10                  
58.8897274573418272      16        0.000000e+00                  
60.6217782649107022      16        2.137022e-09                  
62.3538290724795772      16        0.000000e+00                  
64.0858798800484522      16        5.909580e-09                  
65.8179306876173342      16        0.000000e+00                  
67.5499814951862021      16        5.208166e-09                  
69.2820323027550842      16        0.000000e+00                  
71.0140831103239663      16        2.398649e-09                  
72.7461339178928341      16        0.000000e+00                  
74.4781847254617162      16        1.950379e-07                  
76.2102355330305983      16        0.000000e+00                  
77.9422863405994661      16        2.041776e-06                  
79.6743371481683482      16        0.000000e+00                  
81.4063879557372303      16        1.456569e-05                  
83.1384387633060982      16        0.000000e+00                  
84.8704895708749802      16        1.002896e-04                  
86.6025403784438481      16        0.000000e+00                  
88.3345911860127302      16        6.380886e-04                  
90.0666419935816123      16        0.000000e+00                  
91.7986928011504801      16        7.450567e-03                  
93.5307436087193622      16        0.000000e+00                  
95.2627944162882443      16        0.000000e+00                  
96.9948452238571122      16        0.000000e+00                  
98.7268960314259942      16        0.000000e+00                  
100.4589468389948763     16        0.000000e+00                  
102.1909976465637442     16        0.000000e+00                  
-1.7320508075688772      17        0.000000e+00                  
0.0000000000000000       17        0.000000e+00                  
1.7320508075688772       17        0.000000e+00                  
3.4641016151377548       17        0.000000e+00                  
5.1961524227066320       17        0.000000e+00                  
6.9282032302755088       17        0.000000e+00                  
8.6602540378443873       17        0.000000e+00                  
10.3923048454132640      17        2.043517e-04                  
12.1243556529821408      17        0.000000e+00                  
13.8564064605510175      17        1.602101e-05                  
15.5884572681198943      17        0.000000e+00                  
17.3205080756887710      17        2.029209e-06                  
19.0525588832576496      17        0.000000e+00                  
20.7846096908265245      17        2.493375e-07                  
22.5166604983954031      17        0.000000e+00                  
24.2487113059642780      17        5.649165e-08                  
25.9807621135331566      17        0.000000e+00                  
27.7128129211020351      17        2.273739e-08                  
29.4448637286709101      17        0.000000e+00                  
31.1769145362397886      17        8.785161e-09                  
32.9089653438086671      17        0.000000e+00                  
34.6410161513775492      17        1.981475e-09                  
36.3730669589464242      17        0.000000e+00                  
38.1051177665152991      17        1.082045e-10                  
39.8371685740841812      17        0.000000e+00                  
41.5692193816530562      17        3.418229e-11                  
43.3012701892219312      17        0.000000e+00                  
45.0333209967908061      17        7.990397e-11                  
46.7653718043596882      17        0.000000e+00                  
48.4974226119285632      17        4.347054e-11                  
50.2294734194974382      17        0.000000e+00                  
51.9615242270663202      17        4.347057e-11                  
53.6935750346351952      17        0.000000e+00                  
55.4256258422040702      17        7.990404e-11                  
57.1576766497729523      17        0.000000e+00                  
58.8897274573418272      17        3.418232e-11                  
60.6217782649107022      17        0.000000e+00                  
62.3538290724795772      17        1.082046e-10                  
64.0858798800484522      17        0.000000e+00                  
65.8179306876173342      17        1.981477e-09                  
67.5499814951862021      17        0.000000e+00                  
69.2820323027550842      17        8.785169e-09                  
71.0140831103239663      17        0.000000e+00                  
72.7461339178928341      17        2.273741e-08                  
74.4781847254617162      17        0.000000e+00                  
76.2102355330305983      17        5.649171e-08                  
77.9422863405994661      17        0.000000e+00                  
79.6743371481683482      17        2.493377e-07                  
81.4063879557372303      17        0.000000e+00                  
83.1384387633060982      17        2.029211e-06                  
84.8704895708749802      17        0.000000e+00                  
86.6025403784438481      17        1.602103e-05                  
88.3345911860127302      17        0.000000e+00                  
90.0666419935816123      17        2.043519e-04                  
91.7986928011504801      17        0.000000e+00                  
93.5307436087193622      17        0.000000e+00                  
95.2627944162882443      17        0.000000e+00                  
96.9948452238571122      17        0.000000e+00                  
98.7268960314259942      17        0.000000e+00                  
100.4589468389948763     17        0.000000e+00                  
102.1909976465637442     17        0.000000e+00                  
-1.7320508075688772      19        0.000000e+00                  
0.0000000000000000       19        0.000000e+00                  
1.7320508075688772       19        0.000000e+00                  
3.4641016151377548       19        0.000000e+00                  
5.1961524227066320       19        0.000000e+00                  
6.9282032302755088       19        0.000000e+00                  
8.6602540378443873       19        0.000000e+00                  
10.3923048454132640      19        3.851302e-03                  
12.1243556529821408      19        0.000000e+00                  
13.8564064605510175      19        3.209890e-04                  
15.5884572681198943      19        0.000000e+00                  
17.3205080756887710      19        4.797443e-05                  
19.0525588832576496      19        0.000000e+00                  
20.7846096908265245      19        6.709134e-06                  
22.5166604983954031      19        0.000000e+00                  
24.2487113059642780      19        1.052217e-06                  
25.9807621135331566      19        0.000000e+00                  
27.7128129211020351      19        1.684180e-07                  
29.4448637286709101      19        0.000000e+00                  
31.1769145362397886      19        2.152199e-08                  
32.9089653438086671      19        0.000000e+00                  
34.6410161513775492      19        9.511283e-10                  
36.3730669589464242      19        0.000000e+00                  
38.1051177665152991      19        1.658384e-10                  
39.8371685740841812      19        0.000000e+00                  
41.5692193816530562      19        4.443370e-10                  
43.3012701892219312      19        0.000000e+00                  
45.0333209967908061      19        2.322311e-10                  
46.7653718043596882      19        0.000000e+00                  
48.4974226119285632      19        5.404578e-11                  
50.2294734194974382      19        0.000000e+00                  
51.9615242270663202      19        5.404582e-11                  
53.6935750346351952      19        0.000000e+00                  
55.4256258422040702      19        2.322314e-10                  
57.1576766497729523      19        0.000000e+00                  
58.8897274573418272      19        4.443375e-10                  
60.6217782649107022      19        0.000000e+00                  
62.3538290724795772      19        1.658386e-10                  
64.0858798800484522      19        0.000000e+00                  
65.8179306876173342      19        9.511292e-10                  
67.5499814951862021      19        0.000000e+00                  
69.2820323027550842      19        2.152201e-08                  
71.0140831103239663      19        0.000000e+00                  
72.7461339178928341      19        1.684182e-07                  
74.4781847254617162      19        0.000000e+00                  
76.2102355330305983      19        1.052218e-06                  
77.9422863405994661      19        0.000000e+00                  
79.6743371481683482      19        6.709141e-06                  
81.4063879557372303      19        0.000000e+00                  
83.1384387633060982      19        4.797448e-05                  
84.8704895708749802      19        0.000000e+00                  
86.6025403784438481      19        3.209893e-04                  
88.3345911860127302      19        0.000000e+00                  
90.0666419935816123      19        3.851306e-03                  
91.7986928011504801      19        0.000000e+00                  
93.5307436087193622      19        0.000000e+00                  
95.2627944162882443      19        0.000000e+00                  
96.9948452238571122      19        0.000000e+00                  
98.7268960314259942      19        0.000000e+00                  
100.4589468389948763     19        0.000000e+00                  
102.1909976465637442     19        0.000000e+00                  
-1.7320508075688772      20        0.000000e+00                  
0.0000000000000000       20        0.000000e+00                  
1.7320508075688772       20        0.000000e+00                  
3.4641016151377548       20        0.000000e+00                  
5.1961524227066320       20        0.000000e+00                  
6.9282032302755088       20        0.000000e+00                  
8.6602540378443873       20        0.000000e+00                  
10.3923048454132640      20        0.000000e+00                  
12.1243556529821408      20        1.071245e-04                  
13.8564064605510175      20        0.000000e+00                  
15.5884572681198943      20        9.045856e-06                  
17.3205080756887710      20        0.000000e+00                  
19.0525588832576496      20        1.233225e-06                  
20.7846096908265245      20        0.000000e+00                  
22.5166604983954031      20        1.262745e-07                  
24.2487113059642780      20        0.000000e+00                  
25.9807621135331566      20        1.266970e-08                  
27.7128129211020351      20        0.000000e+00                  
29.4448637286709101      20        2.375813e-09                  
31.1769145362397886      20        0.000000e+00                  
32.9089653438086671      20        1.194254e-09                  
34.6410161513775492      20        0.000000e+00                  
36.3730669589464242      20        6.714372e-10                  
38.1051177665152991      20        0.000000e+00                  
39.8371685740841812      20        2.335097e-10                  
41.5692193816530562      20        0.000000e+00                  
43.3012701892219312      20        3.382521e-11                  
45.0333209967908061      20        0.000000e+00                  
46.7653718043596882      20        3.803823e-12                  
48.4974226119285632      20        0.000000e+00                  
50.2294734194974382      20        9.146942e-12                  
51.9615242270663202      20        0.000000e+00                  
53.6935750346351952      20        3.803819e-12                  
55.4256258422040702      20        0.000000e+00                  
57.1576766497729523      20        3.382524e-11                  
58.8897274573418272      20        0.000000e+00                  
60.6217782649107022      20        2.335099e-10                  
62.3538290724795772      20        0.000000e+00                  
64.0858798800484522      20        6.714379e-10                  
65.8179306876173342      20        0.000000e+00                  
67.5499814951862021      20        1.194255e-09                  
69.2820323027550842      20        0.000000e+00                  
71.0140831103239663      20        2.375815e-09                  
72.7461339178928341      20        0.000000e+00                  
74.4781847254617162      20        1.266971e-08                  
76.2102355330305983      20        0.000000e+00                  
77.9422863405994661      20        1.262746e-07                  
79.6743371481683482      20        0.000000e+00                  
81.4063879557372303      20        1.233226e-06                  
83.1384387633060982      20        0.000000e+00                  
84.8704895708749802      20        9.045865e-06                  
86.6025403784438481      20        0.000000e+00                  
88.3345911860127302      20        1.071246e-04                  
90.0666419935816123      20        0.000000e+00                  
91.7986928011504801      20        0.000000e+00                  
93.5307436087193622      20        0.000000e+00                  
95.2627944162882443      20        0.000000e+00                  
96.9948452238571122      20        0.000000e+00                  
98.7268960314259942      20        0.000000e+00                  
100.4589468389948763     20        0.000000e+00                  
102.1909976465637442     20        0.000000e+00                  
-1.7320508075688772      22        0.000000e+00                  
0.0000000000000000       22        0.000000e+00                  
1.7320508075688772       22        0.000000e+00                  
3.4641016151377548       22        0.000000e+00                  
5.1961524227066320       22        0.000000e+00                  
6.9282032302755088       22        0.000000e+00                  
8.6602540378443873       22        0.000000e+00                  
10.3923048454132640      22        0.000000e+00                  
12.1243556529821408      22        2.009384e-03                  
13.8564064605510175      22        0.000000e+00                  
15.5884572681198943      22        1.673079e-04                  
17.3205080756887710      22        0.000000e+00                  
19.0525588832576496      22        2.434260e-05                  
20.7846096908265245      22        0.000000e+00                  
22.5166604983954031      22        3.152506e-06                  
24.2487113059642780      22        0.000000e+00                  
25.9807621135331566      22        4.466981e-07                  
27.7128129211020351      22        0.000000e+00                  
29.4448637286709101      22        7.207704e-08                  
31.1769145362397886      22        0.000000e+00                  
32.9089653438086671      22        1.311463e-08                  
34.6410161513775492      22        0.000000e+00                  
36.3730669589464242      22        2.189146e-09                  
38.1051177665152991      22        0.000000e+00                  
39.8371685740841812      22        1.990799e-10                  
41.5692193816530562      22        0.000000e+00                  
43.3012701892219312      22        1.155029e-12                  
45.0333209967908061      22        0.000000e+00                  
46.7653718043596882      22        3.262193e-11                  
48.4974226119285632      22        0.000000e+00                  
50.2294734194974382      22        4.257692e-11                  
51.9615242270663202      22        0.000000e+00                  
53.6935750346351952      22        3.262195e-11                  
55.4256258422040702      22        0.000000e+00                  
57.1576766497729523      22        1.155028e-12                  
58.8897274573418272      22        0.000000e+00                  
60.6217782649107022      22        1.990801e-10                  
62.3538290724795772      22        0.000000e+00                  
64.0858798800484522      22        2.189148e-09                  
65.8179306876173342      22        0.000000e+00                  
67.5499814951862021      22        1.311464e-08                  
69.2820323027550842      22        0.000000e+00                  
71.0140831103239663      22        7.207711e-08                  
72.7461339178928341      22        0.000000e+00                  
74.4781847254617162      22        4.466986e-07                  
76.2102355330305983      22        0.000000e+00                  
77.9422863405994661      22        3.152509e-06                  
79.6743371481683482      22        0.000000e+00                  
81.4063879557372303      22        2.434263e-05                  
83.1384387633060982      22        0.000000e+00                  
84.8704895708749802      22        1.673080e-04                  
86.6025403784438481      22        0.000000e+00                  
88.3345911860127302      22        2.009386e-03                  
90.0666419935816123      22        0.000000e+00                  
91.7986928011504801      22        0.000000e+00                  
93.5307436087193622      22        0.000000e+00                  
95.2627944162882443      22        0.000000e+00                  
96.9948452238571122      22        0.000000e+00                  
98.7268960314259942      22        0.000000e+00                  
100.4589468389948763     22        0.000000e+00                  
102.1909976465637442     22        0.000000e+00                  
-1.7320508075688772      23        0.000000e+00                  
0.0000000000000000       23        0.000000e+00                  
1.7320508075688772       23        0.000000e+00                  
3.4641016151377548       23        0.000000e+00                  
5.1961524227066320       23        0.000000e+00                  
6.9282032302755088       23        0.000000e+00                  
8.6602540378443873       23        0.000000e+00                  
10.3923048454132640      23        0.000000e+00                  
12.1243556529821408      23        0.000000e+00                  
13.8564064605510175      23        5.535079e-05                  
15.5884572681198943      23        0.000000e+00                  
17.3205080756887710      23        4.760822e-06                  
19.0525588832576496      23        0.000000e+00                  
20.7846096908265245      23        7.144608e-07                  
22.5166604983954031      23        0.000000e+00                  
24.2487113059642780      23        8.653879e-08                  
25.9807621135331566      23        0.000000e+00                  
27.7128129211020351      23        8.505793e-09                  
29.4448637286709101      23        0.000000e+00                  
31.1769145362397886      23        6.092319e-10                  
32.9089653438086671      23        0.000000e+00                  
34.6410161513775492      23        6.650384e-11                  
36.3730669589464242      23        0.000000e+00                  
38.1051177665152991      23        4.343753e-11                  
39.8371685740841812      23        0.000000e+00                  
41.5692193816530562      23        4.159491e-11                  
43.3012701892219312      23        0.000000e+00                  
45.0333209967908061      23        2.267129e-11                  
46.7653718043596882      23        0.000000e+00                  
48.4974226119285632      23        5.997831e-12                  
50.2294734194974382      23        0.000000e+00                  
51.9615242270663202      23        5.997836e-12                  
53.6935750346351952      23        0.000000e+00                  
55.4256258422040702      23        2.267131e-11                  
57.1576766497729523      23        0.000000e+00                  
58.8897274573418272      23        4.159495e-11                  
60.6217782649107022      23        0.000000e+00                  
62.3538290724795772      23        4.343757e-11                  
64.0858798800484522      23        0.000000e+00                  
65.8179306876173342      23        6.650390e-11                  
67.5499814951862021      23        0.000000e+00                  
69.2820323027550842      23        6.092325e-10                  
71.0140831103239663      23        0.000000e+00                  
72.7461339178928341      23        8.505801e-09                  
74.4781847254617162      23        0.000000e+00                  
76.2102355330305983      23        8.653887e-08                  
77.9422863405994661      23        0.000000e+00                  
79.6743371481683482      23        7.144615e-07                  
81.4063879557372303      23        0.000000e+00                  
83.1384387633060982      23        4.760826e-06                  
84.8704895708749802      23        0.000000e+00                  
86.6025403784438481      23        5.535084e-05                  
88.3345911860127302      23        0.000000e+00                  
90.0666419935816123      23        0.000000e+00                  
91.7986928011504801      23        0.000000e+00                  
93.5307436087193622      23        0.000000e+00                  
95.2627944162882443      23        0.000000e+00                  
96.9948452238571122      23        0.000000e+00                  
98.7268960314259942      23        0.000000e+00                  
100.4589468389948763     23        0.000000e+00                  
102.1909976465637442     23        0.000000e+00                  
-1.7320508075688772      25        0.000000e+00                  
0.0000000000000000       25        0.000000e+00                  
1.7320508075688772       25        0.000000e+00                  
3.4641016151377548       25        0.000000e+00                  
5.1961524227066320       25        0.000000e+00                  
6.9282032302755088       25        0.000000e+00                  
8.6602540378443873       25        0.000000e+00                  
10.3923048454132640      25        0.000000e+00                  
12.1243556529821408      25        0.000000e+00                  
13.8564064605510175      25        1.047190e-03                  
15.5884572681198943      25        0.000000e+00                  
17.3205080756887710      25        8.790002e-05                  
19.0525588832576496      25        0.000000e+00                  
20.7846096908265245      25        1.285927e-05                  
22.5166604983954031      25        0.000000e+00                  
24.2487113059642780      25        1.632795e-06                  
25.9807621135331566      25        0.000000e+00                  
27.7128129211020351      25        2.112910e-07                  
29.4448637286709101      25        0.000000e+00                  
31.1769145362397886      25        2.873429e-08                  
32.9089653438086671      25        0.000000e+00                  
34.6410161513775492      25        4.647714e-09                  
36.3730669589464242      25        0.000000e+00                  
38.1051177665152991      25        9.414938e-10                  
39.8371685740841812      25        0.000000e+00                  
41.5692193816530562      25        2.020156e-10                  
43.3012701892219312      25        0.000000e+00                  
45.0333209967908061      25        3.195131e-11                  
46.7653718043596882      25        0.000000e+00                  
48.4974226119285632      25        1.802936e-12                  
50.2294734194974382      25        0.000000e+00                  
51.9615242270663202      25        1.802936e-12                  
53.6935750346351952      25        0.000000e+00                  
55.4256258422040702      25        3.195134e-11                  
57.1576766497729523      25        0.000000e+00                  
58.8897274573418272      25        2.020158e-10                  
60.6217782649107022      25        0.000000e+00                  
62.3538290724795772      25        9.414947e-10                  
64.0858798800484522      25        0.000000e+00                  
65.8179306876173342      25        4.647719e-09                  
67.5499814951862021      25        0.000000e+00                  
69.2820323027550842      25        2.873431e-08                  
71.0140831103239663      25        0.000000e+00                  
72.7461339178928341      25        2.112912e-07                  
74.4781847254617162      25        0.000000e+00                  
76.2102355330305983      25        1.632797e-06                  
77.9422863405994661      25        0.000000e+00                  
79.6743371481683482      25        1.285929e-05                  
81.4063879557372303      25        0.000000e+00                  
83.1384387633060982      25        8.790011e-05                  
84.8704895708749802      25        0.000000e+00                  
86.6025403784438481      25        1.047191e-03                  
88.3345911860127302      25        0.000000e+00                  
90.0666419935816123      25        0.000000e+00                  
91.7986928011504801      25        0.000000e+00                  
93.5307436087193622      25        0.000000e+00                  
95.2627944162882443      25        0.000000e+00                  
96.9948452238571122      25        0.000000e+00                  
98.7268960314259942      25        0.000000e+00                  
100.4589468389948763     25        0.000000e+00                  
102.1909976465637442     25        0.000000e+00                  
-1.7320508075688772      26        0.000000e+00                  
0.0000000000000000       26        0.000000e+00                  
1.7320508075688772       26        0.000000e+00                  
3.4641016151377548       26        0.000000e+00                  
5.1961524227066320       26        0.000000e+00                  
6.9282032302755088       26        0.000000e+00                  
8.6602540378443873       26        0.000000e+00                  
10.3923048454132640      26        0.000000e+00                  
12.1243556529821408      26        0.000000e+00                  
13.8564064605510175      26        0.000000e+00                  
15.5884572681198943      26        2.861345e-05                  
17.3205080756887710      26        0.000000e+00                  
19.0525588832576496      26        2.421954e-06                  
20.7846096908265245      26        0.000000e+00                  
22.5166604983954031      26        3.699426e-07                  
24.2487113059642780      26        0.000000e+00                  
25.9807621135331566      26        5.046226e-08                  
27.7128129211020351      26        0.000000e+00                  
29.4448637286709101      26        6.484481e-09                  
31.1769145362397886      26        0.000000e+00                  
32.9089653438086671      26        6.212998e-10                  
34.6410161513775492      26        0.000000e+00                  
36.3730669589464242      26        3.092953e-11                  
38.1051177665152991      26        0.000000e+00                  
39.8371685740841812      26        6.034708e-13                  
41.5692193816530562      26        0.000000e+00                  
43.3012701892219312      26        6.820619e-13                  
45.0333209967908061      26        0.000000e+00                  
46.7653718043596882      26        2.504250e-12                  
48.4974226119285632      26        0.000000e+00                  
50.2294734194974382      26        3.498308e-12                  
51.9615242270663202      26        0.000000e+00                  
53.6935750346351952      26        2.504251e-12                  
55.4256258422040702      26        0.000000e+00                  
57.1576766497729523      26        6.820624e-13                  
58.8897274573418272      26        0.000000e+00                  
60.6217782649107022      26        6.034714e-13                  
62.3538290724795772      26        0.000000e+00                  
64.0858798800484522      26        3.092956e-11                  
65.8179306876173342      26        0.000000e+00                  
67.5499814951862021      26        6.213004e-10                  
69.2820323027550842      26        0.000000e+00                  
71.0140831103239663      26        6.484487e-09                  
72.7461339178928341      26        0.000000e+00                  
74.4781847254617162      26        5.046231e-08                  
76.2102355330305983      26        0.000000e+00                  
77.9422863405994661      26        3.699429e-07                  
79.6743371481683482      26        0.000000e+00                  
81.4063879557372303      26        2.421956e-06                  
83.1384387633060982      26        0.000000e+00                  
84.8704895708749802      26        2.861348e-05                  
86.6025403784438481      26        0.000000e+00                  
88.3345911860127302      26        0.000000e+00                  
90.0666419935816123      26        0.000000e+00                  
91.7986928011504801      26        0.000000e+00                  
93.5307436087193622      26        0.000000e+00                  
95.2627944162882443      26        0.000000e+00                  
96.9948452238571122      26        0.000000e+00                  
98.7268960314259942      26        0.000000e+00                  
100.4589468389948763     26        0.000000e+00                  
102.1909976465637442     26        0.000000e+00                  
-1.7320508075688772      28        0.000000e+00                  
0.0000000000000000       28        0.000000e+00                  
1.7320508075688772       28        0.000000e+00                  
3.4641016151377548       28        0.000000e+00                  
5.1961524227066320       28        0.000000e+00                  
6.9282032302755088       28        0.000000e+00                  
8.6602540378443873       28        0.000000e+00                  
10.3923048454132640      28        0.000000e+00                  
12.1243556529821408      28        0.000000e+00                  
13.8564064605510175      28        0.000000e+00                  
15.5884572681198943      28        5.439323e-04                  
17.3205080756887710      28        0.000000e+00                  
19.0525588832576496      28        4.582082e-05                  
20.7846096908265245      28        0.000000e+00                  
22.5166604983954031      28        6.778215e-06                  
24.2487113059642780      28        0.000000e+00                  
25.9807621135331566      28        8.762928e-07                  
27.7128129211020351      28        0.000000e+00                  
29.4448637286709101      28        1.132209e-07                  
31.1769145362397886      28        0.000000e+00                  
32.9089653438086671      28        1.411974e-08                  
34.6410161513775492      28        0.000000e+00                  
36.3730669589464242      28        1.805817e-09                  
38.1051177665152991      28        0.000000e+00                  
39.8371685740841812      28        2.784226e-10                  
41.5692193816530562      28        0.000000e+00                  
43.3012701892219312      28        6.060122e-11                  
45.0333209967908061      28        0.000000e+00                  
46.7653718043596882      28        1.672333e-11                  
48.4974226119285632      28        0.000000e+00                  
50.2294734194974382      28        7.400580e-12                  
51.9615242270663202      28        0.000000e+00                  
53.6935750346351952      28        1.672335e-11                  
55.4256258422040702      28        0.000000e+00                  
57.1576766497729523      28        6.060128e-11                  
58.8897274573418272      28        0.000000e+00                  
60.6217782649107022      28        2.784228e-10                  
62.3538290724795772      28        0.000000e+00                  
64.0858798800484522      28        1.805819e-09                  
65.8179306876173342      28        0.000000e+00                  
67.5499814951862021      28        1.411975e-08                  
69.2820323027550842      28        0.000000e+00                  
71.0140831103239663      28        1.132210e-07                  
72.7461339178928341      28        0.000000e+00                  
74.4781847254617162      28        8.762936e-07                  
76.2102355330305983      28        0.000000e+00                  
77.9422863405994661      28        6.778221e-06                  
79.6743371481683482      28        0.000000e+00                  
81.4063879557372303      28        4.582087e-05                  
83.1384387633060982      28        0.000000e+00                  
84.8704895708749802      28        5.439328e-04                  
86.6025403784438481      28        0.000000e+00                  
88.3345911860127302      28        0.000000e+00                  
90.0666419935816123      28        0.000000e+00                  
91.7986928011504801      28        0.000000e+00                  
93.5307436087193622      28        0.000000e+00                  
95.2627944162882443      28        0.000000e+00                  
96.9948452238571122      28        0.000000e+00                  
98.7268960314259942      28        0.000000e+00                  
100.4589468389948763     28        0.000000e+00                  
102.1909976465637442     28        0.000000e+00                  
-1.7320508075688772      29        0.000000e+00                  
0.0000000000000000       29        0.000000e+00                  
1.7320508075688772       29        0.000000e+00                  
3.4641016151377548       29        0.000000e+00                  
5.1961524227066320       29        0.000000e+00                  
6.9282032302755088       29        0.000000e+00                  
8.6602540378443873       29        0.000000e+00                  
10.3923048454132640      29        0.000000e+00                  
12.1243556529821408      29        0.000000e+00                  
13.8564064605510175      29        0.000000e+00                  
15.5884572681198943      29        0.000000e+00                  
17.3205080756887710      29        1.486209e-05                  
19.0525588832576496      29        0.000000e+00                  
20.7846096908265245      29        1.242108e-06                  
22.5166604983954031      29        0.000000e+00                  
24.2487113059642780      29        1.849973e-07                  
25.9807621135331566      29        0.000000e+00                  
27.7128129211020351      29        2.525357e-08                  
29.4448637286709101      29        0.000000e+00                  
31.1769145362397886      29        3.665220e-09                  
32.9089653438086671      29        0.000000e+00                  
34.6410161513775492      29        5.001357e-10                  
36.3730669589464242      29        0.000000e+00                  
38.1051177665152991      29        5.060130e-11                  
39.8371685740841812      29        0.000000e+00                  
41.5692193816530562      29        2.073090e-12                  
43.3012701892219312      29        0.000000e+00                  
45.0333209967908061      29        1.186314e-13                  
46.7653718043596882      29        0.000000e+00                  
48.4974226119285632      29        4.687888e-14                  
50.2294734194974382      29        0.000000e+00                  
51.9615242270663202      29        4.687886e-14                  
53.6935750346351952      29        0.000000e+00                  
55.4256258422040702      29        1.186313e-13                  
57.1576766497729523      29        0.000000e+00                  
58.8897274573418272      29        2.073092e-12                  
60.6217782649107022      29        0.000000e+00                  
62.3538290724795772      29        5.060135e-11                  
64.0858798800484522      29        0.000000e+00                  
65.8179306876173342      29        5.001362e-10                  
67.5499814951862021      29        0.000000e+00                  
69.2820323027550842      29        3.665224e-09                  
71.0140831103239663      29        0.000000e+00                  
72.7461339178928341      29        2.525360e-08                  
74.4781847254617162      29        0.000000e+00                  
76.2102355330305983      29        1.849974e-07                  
77.9422863405994661      29        0.000000e+00                  
79.6743371481683482      29        1.242109e-06                  
81.4063879557372303      29        0.000000e+00                  
83.1384387633060982      29        1.486210e-05                  
84.8704895708749802      29        0.000000e+00                  
86.6025403784438481      29        0.000000e+00                  
88.3345911860127302      29        0.000000e+00                  
90.0666419935816123      29        0.000000e+00                  
91.7986928011504801      29        0.000000e+00                  
93.5307436087193622      29        0.000000e+00                  
95.2627944162882443      29        0.000000e+00                  
96.9948452238571122      29        0.000000e+00                  
98.7268960314259942      29        0.000000e+00                  
100.4589468389948763     29        0.000000e+00                  
102.1909976465637442     29        0.000000e+00                  
-1.7320508075688772      31        0.000000e+00                  
0.0000000000000000       31        0.000000e+00                  
1.7320508075688772       31        0.000000e+00                  
3.4641016151377548       31        0.000000e+00                  
5.1961524227066320       31        0.000000e+00                  
6.9282032302755088       31        0.000000e+00                  
8.6602540378443873       31        0.000000e+00                  
10.3923048454132640      31        0.000000e+00                  
12.1243556529821408      31        0.000000e+00                  
13.8564064605510175      31        0.000000e+00                  
15.5884572681198943      31        0.000000e+00                  
17.3205080756887710      31        2.822524e-04                  
19.0525588832576496      31        0.000000e+00                  
20.7846096908265245      31        2.374672e-05                  
22.5166604983954031      31        0.000000e+00                  
24.2487113059642780      31        3.522664e-06                  
25.9807621135331566      31        0.000000e+00                  
27.7128129211020351      31        4.620506e-07                  
29.4448637286709101      31        0.000000e+00                  
31.1769145362397886      31        6.159183e-08                  
32.9089653438086671      31        0.000000e+00                  
34.6410161513775492      31        7.902637e-09                  
36.3730669589464242      31        0.000000e+00                  
38.1051177665152991      31        9.574417e-10                  
39.8371685740841812      31        0.000000e+00                  
41.5692193816530562      31        1.122815e-10                  
43.3012701892219312      31        0.000000e+00                  
45.0333209967908061      31        1.570748e-11                  
46.7653718043596882      31        0.000000e+00                  
48.4974226119285632      31        4.499123e-12                  
50.2294734194974382      31        0.000000e+00                  
51.9615242270663202      31        4.499126e-12                  
53.6935750346351952      31        0.000000e+00                  
55.4256258422040702      31        1.570750e-11                  
57.1576766497729523      31        0.000000e+00                  
58.8897274573418272      31        1.122816e-10                  
60.6217782649107022      31        0.000000e+00                  
62.3538290724795772      31        9.574426e-10                  
64.0858798800484522      31        0.000000e+00                  
65.8179306876173342      31        7.902644e-09                  
67.5499814951862021      31        0.000000e+00                  
69.2820323027550842      31        6.159189e-08                  
71.0140831103239663      31        0.000000e+00                  
72.7461339178928341      31        4.620511e-07                  
74.4781847254617162      31        0.000000e+00                  
76.2102355330305983      31        3.522668e-06                  
77.9422863405994661      31        0.000000e+00                  
79.6743371481683482      31        2.374674e-05                  
81.4063879557372303      31        0.000000e+00                  
83.1384387633060982      31        2.822527e-04                  
84.8704895708749802      31        0.000000e+00                  
86.6025403784438481      31        0.000000e+00                  
88.3345911860127302      31        0.000000e+00                  
90.0666419935816123      31        0.000000e+00                  
91.7986928011504801      31        0.000000e+00                  
93.5307436087193622      31        0.000000e+00                  
95.2627944162882443      31        0.000000e+00                  
96.9948452238571122      31        0.000000e+00                  
98.7268960314259942      31        0.000000e+00                  
100.4589468389948763     31        0.000000e+00                  
102.1909976465637442     31        0.000000e+00                  
-1.7320508075688772      32        0.000000e+00                  
0.0000000000000000       32        0.000000e+00                  
1.7320508075688772       32        0.000000e+00                  
3.4641016151377548       32        0.000000e+00                  
5.1961524227066320       32        0.000000e+00                  
6.9282032302755088       32        0.000000e+00                  
8.6602540378443873       32        0.000000e+00                  
10.3923048454132640      32        0.000000e+00                  
12.1243556529821408      32        0.000000e+00                  
13.8564064605510175      32        0.000000e+00                  
15.5884572681198943      32        0.000000e+00                  
17.3205080756887710      32        0.000000e+00                  
19.0525588832576496      32        7.733161e-06                  
20.7846096908265245      32        0.000000e+00                  
22.5166604983954031      32        6.466497e-07                  
24.2487113059642780      32        0.000000e+00                  
25.9807621135331566      32        9.469071e-08                  
27.7128129211020351      32        0.000000e+00                  
29.4448637286709101      32        1.237811e-08                  
31.1769145362397886      32        0.000000e+00                  
32.9089653438086671      32        1.744361e-09                  
34.6410161513775492      32        0.000000e+00                  
36.3730669589464242      32        2.626894e-10                  
38.1051177665152991      32        0.000000e+00                  
39.8371685740841812      32        3.935016e-11                  
41.5692193816530562      32        0.000000e+00                  
43.3012701892219312      32        4.533204e-12                  
45.0333209967908061      32        0.000000e+00                  
46.7653718043596882      32        2.090581e-13                  
48.4974226119285632      32        0.000000e+00                  
50.2294734194974382      32        1.752193e-14                  
51.9615242270663202      32        0.000000e+00                  
53.6935750346351952      32        2.090583e-13                  
55.4256258422040702      32        0.000000e+00                  
57.1576766497729523      32        4.533209e-12                  
58.8897274573418272      32        0.000000e+00                  
60.6217782649107022      32        3.935020e-11                  
62.3538290724795772      32        0.000000e+00                  
64.0858798800484522      32        2.626897e-10                  
65.8179306876173342      32        0.000000e+00                  
67.5499814951862021      32        1.744363e-09                  
69.2820323027550842      32        0.000000e+00                  
71.0140831103239663      32        1.237812e-08                  
72.7461339178928341      32        0.000000e+00                  
74.4781847254617162      32        9.469080e-08                  
76.2102355330305983      32        0.000000e+00                  
77.9422863405994661      32        6.466504e-07                  
79.6743371481683482      32        0.000000e+00                  
81.4063879557372303      32        7.733168e-06                  
83.1384387633060982      32        0.000000e+00                  
84.8704895708749802      32        0.000000e+00                  
86.6025403784438481      32        0.000000e+00                  
88.3345911860127302      32        0.000000e+00                  
90.0666419935816123      32        0.000000e+00                  
91.7986928011504801      32        0.000000e+00                  
93.5307436087193622      32        0.000000e+00                  
95.2627944162882443      32        0.000000e+00                  
96.9948452238571122      32        0.000000e+00                  
98.7268960314259942      32        0.000000e+00                  
100.4589468389948763     32        0.000000e+00                  
102.1909976465637442     32        0.000000e+00                  
-1.7320508075688772      34        0.000000e+00                  
0.0000000000000000       34        0.000000e+00                  
1.7320508075688772       34        0.000000e+00                  
3.4641016151377548       34        0.000000e+00                  
5.1961524227066320       34        0.000000e+00                  
6.9282032302755088       34        0.000000e+00                  
8.6602540378443873       34        0.000000e+00                  
10.3923048454132640      34        0.000000e+00                  
12.1243556529821408      34        0.000000e+00                  
13.8564064605510175      34        0.000000e+00                  
15.5884572681198943      34        0.000000e+00                  
17.3205080756887710      34        0.000000e+00                  
19.0525588832576496      34        1.465699e-04                  
20.7846096908265245      34        0.000000e+00                  
22.5166604983954031      34        1.230948e-05                  
24.2487113059642780      34        0.000000e+00                  
25.9807621135331566      34        1.821008e-06                  
27.7128129211020351      34        0.000000e+00                  
29.4448637286709101      34        2.388363e-07                  
31.1769145362397886      34        0.000000e+00                  
32.9089653438086671      34        3.230117e-08                  
34.6410161513775492      34        0.000000e+00                  
36.3730669589464242      34        4.327552e-09                  
38.1051177665152991      34        0.000000e+00                  
39.8371685740841812      34        5.604336e-10                  
41.5692193816530562      34        0.000000e+00                  
43.3012701892219312      34        6.668511e-11                  
45.0333209967908061      34        0.000000e+00                  
46.7653718043596882      34        7.221782e-12                  
48.4974226119285632      34        0.000000e+00                  
50.2294734194974382      34        1.554393e-12                  
51.9615242270663202      34        0.000000e+00                  
53.6935750346351952      34        7.221789e-12                  
55.4256258422040702      34        0.000000e+00                  
57.1576766497729523      34        6.668517e-11                  
58.8897274573418272      34        0.000000e+00                  
60.6217782649107022      34        5.604341e-10                  
62.3538290724795772      34        0.000000e+00                  
64.0858798800484522      34        4.327557e-09                  
65.8179306876173342      34        0.000000e+00                  
67.5499814951862021      34        3.230120e-08                  
69.2820323027550842      34        0.000000e+00                  
71.0140831103239663      34        2.388366e-07                  
72.7461339178928341      34        0.000000e+00                  
74.4781847254617162      34        1.821010e-06                  
76.2102355330305983      34        0.000000e+00                  
77.9422863405994661      34        1.230949e-05                  
79.6743371481683482      34        0.000000e+00                  
81.4063879557372303      34        1.465700e-04                  
83.1384387633060982      34        0.000000e+00                  
84.8704895708749802      34        0.000000e+00                  
86.6025403784438481      34        0.000000e+00                  
88.3345911860127302      34        0.000000e+00                  
90.0666419935816123      34        0.000000e+00                  
91.7986928011504801      34        0.000000e+00                  
93.5307436087193622      34        0.000000e+00                  
95.2627944162882443      34        0.000000e+00                  
96.9948452238571122      34        0.000000e+00                  
98.7268960314259942      34        0.000000e+00                  
100.4589468389948763     34        0.000000e+00                  
102.1909976465637442     34        0.000000e+00                  
-1.7320508075688772      35        0.000000e+00                  
0.0000000000000000       35        0.000000e+00                  
1.7320508075688772       35        0.000000e+00                  
3.4641016151377548       35        0.000000e+00                  
5.1961524227066320       35        0.000000e+00                  
6.9282032302755088       35        0.000000e+00                  
8.6602540378443873       35        0.000000e+00                  
10.3923048454132640      35        0.000000e+00                  
12.1243556529821408      35        0.000000e+00                  
13.8564064605510175      35        0.000000e+00                  
15.5884572681198943      35        0.000000e+00                  
17.3205080756887710      35        0.000000e+00                  
19.0525588832576496      35        0.000000e+00                  
20.7846096908265245      35        4.020134e-06                  
22.5166604983954031      35        0.000000e+00                  
24.2487113059642780      35        3.377698e-07                  
25.9807621135331566      35        0.000000e+00                  
27.7128129211020351      35        4.957910e-08                  
29.4448637286709101      35        0.000000e+00                  
31.1769145362397886      35        6.360354e-09                  
32.9089653438086671      35        0.000000e+00                  
34.6410161513775492      35        8.423109e-10                  
36.3730669589464242      35        0.000000e+00                  
38.1051177665152991      35        1.175824e-10                  
39.8371685740841812      35        0.000000e+00                  
41.5692193816530562      35        1.841533e-11                  
43.3012701892219312      35        0.000000e+00                  
45.0333209967908061      35        3.081524e-12                  
46.7653718043596882      35        0.000000e+00                  
48.4974226119285632      35        4.556845e-13                  
50.2294734194974382      35        0.000000e+00                  
51.9615242270663202      35        4.556849e-13                  
53.6935750346351952      35        0.000000e+00                  
55.4256258422040702      35        3.081527e-12                  
57.1576766497729523      35        0.000000e+00                  
58.8897274573418272      35        1.841535e-11                  
60.6217782649107022      35        0.000000e+00                  
62.3538290724795772      35        1.175825e-10                  
64.0858798800484522      35        0.000000e+00                  
65.8179306876173342      35        8.423117e-10                  
67.5499814951862021      35        0.000000e+00                  
69.2820323027550842      35        6.360360e-09                  
71.0140831103239663      35        0.000000e+00                  
72.7461339178928341      35        4.957915e-08                  
74.4781847254617162      35        0.000000e+00                  
76.2102355330305983      35        3.377701e-07                  
77.9422863405994661      35        0.000000e+00                  
79.6743371481683482      35        4.020138e-06                  
81.4063879557372303      35        0.000000e+00                  
83.1384387633060982      35        0.000000e+00                  
84.8704895708749802      35        0.000000e+00                  
86.6025403784438481      35        0.000000e+00                  
88.3345911860127302      35        0.000000e+00                  
90.0666419935816123      35        0.000000e+00                  
91.7986928011504801      35        0.000000e+00                  
93.5307436087193622      35        0.000000e+00                  
95.2627944162882443      35        0.000000e+00                  
96.9948452238571122      35        0.000000e+00                  
98.7268960314259942      35        0.000000e+00                  
100.4589468389948763     35        0.000000e+00                  
102.1909976465637442     35        0.000000e+00                  
-1.7320508075688772      37        0.000000e+00                  
0.0000000000000000       37        0.000000e+00                  
1.7320508075688772       37        0.000000e+00                  
3.4641016151377548       37        0.000000e+00                  
5.1961524227066320       37        0.000000e+00                  
6.9282032302755088       37        0.000000e+00                  
8.6602540378443873       37        0.000000e+00                  
10.3923048454132640      37        0.000000e+00                  
12.1243556529821408      37        0.000000e+00                  
13.8564064605510175      37        0.000000e+00                  
15.5884572681198943      37        0.000000e+00                  
17.3205080756887710      37        0.000000e+00                  
19.0525588832576496      37        0.000000e+00                  
20.7846096908265245      37        7.616049e-05                  
22.5166604983954031      37        0.000000e+00                  
24.2487113059642780      37        6.394514e-06                  
25.9807621135331566      37        0.000000e+00                  
27.7128129211020351      37        9.439184e-07                  
29.4448637286709101      37        0.000000e+00                  
31.1769145362397886      37        1.231402e-07                  
32.9089653438086671      37        0.000000e+00                  
34.6410161513775492      37        1.657208e-08                  
36.3730669589464242      37        0.000000e+00                  
38.1051177665152991      37        2.242233e-09                  
39.8371685740841812      37        0.000000e+00                  
41.5692193816530562      37        3.051421e-10                  
43.3012701892219312      37        0.000000e+00                  
45.0333209967908061      37        4.036356e-11                  
46.7653718043596882      37        0.000000e+00                  
48.4974226119285632      37        5.278635e-12                  
50.2294734194974382      37        0.000000e+00                  
51.9615242270663202      37        5.278639e-12                  
53.6935750346351952      37        0.000000e+00                  
55.4256258422040702      37        4.036360e-11                  
57.1576766497729523      37        0.000000e+00                  
58.8897274573418272      37        3.051424e-10                  
60.6217782649107022      37        0.000000e+00                  
62.3538290724795772      37        2.242236e-09                  
64.0858798800484522      37        0.000000e+00                  
65.8179306876173342      37        1.657210e-08                  
67.5499814951862021      37        0.000000e+00                  
69.2820323027550842      37        1.231403e-07                  
71.0140831103239663      37        0.000000e+00                  
72.7461339178928341      37        9.439193e-07                  
74.4781847254617162      37        0.000000e+00                  
76.2102355330305983      37        6.394520e-06                  
77.9422863405994661      37        0.000000e+00                  
79.6743371481683482      37        7.616056e-05                  
81.4063879557372303      37        0.000000e+00                  
83.1384387633060982      37        0.000000e+00                  
84.8704895708749802      37        0.000000e+00                  
86.6025403784438481      37        0.000000e+00                  
88.3345911860127302      37        0.000000e+00                  
90.0666419935816123      37        0.000000e+00                  
91.7986928011504801      37        0.000000e+00                  
93.5307436087193622      37        0.000000e+00                  
95.2627944162882443      37        0.000000e+00                  
96.9948452238571122      37        0.000000e+00                  
98.7268960314259942      37        0.000000e+00                  
100.4589468389948763     37        0.000000e+00                  
102.1909976465637442     37        0.000000e+00                  
-1.7320508075688772      38        0.000000e+00                  
0.0000000000000000       38        0.000000e+00                  
1.7320508075688772       38        0.000000e+00                  
3.4641016151377548       38        0.000000e+00                  
5.1961524227066320       38        0.000000e+00                  
6.9282032302755088       38        0.000000e+00                  
8.6602540378443873       38        0.000000e+00                  
10.3923048454132640      38        0.000000e+00                  
12.1243556529821408      38        0.000000e+00                  
13.8564064605510175      38        0.000000e+00                  
15.5884572681198943      38        0.000000e+00                  
17.3205080756887710      38        0.000000e+00                  
19.0525588832576496      38        0.000000e+00                  
20.7846096908265245      38        0.000000e+00                  
22.5166604983954031      38        2.087816e-06                  
24.2487113059642780      38        0.000000e+00                  
25.9807621135331566      38        1.757228e-07                  
27.7128129211020351      38        0.000000e+00                  
29.4448637286709101      38        2.598189e-08                  
31.1769145362397886      38        0.000000e+00                  
32.9089653438086671      38        3.362504e-09                  
34.6410161513775492      38        0.000000e+00                  
36.3730669589464242      38        4.387525e-10                  
38.1051177665152991      38        0.000000e+00                  
39.8371685740841812      38        5.662248e-11                  
41.5692193816530562      38        0.000000e+00                  
43.3012701892219312      38        7.745701e-12                  
45.0333209967908061      38        0.000000e+00                  
46.7653718043596882      38        1.280335e-12                  
48.4974226119285632      38        0.000000e+00                  
50.2294734194974382      38        4.665944e-13                  
51.9615242270663202      38        0.000000e+00                  
53.6935750346351952      38        1.280336e-12                  
55.4256258422040702      38        0.000000e+00                  
57.1576766497729523      38        7.745708e-12                  
58.8897274573418272      38        0.000000e+00                  
60.6217782649107022      38        5.662254e-11                  
62.3538290724795772      38        0.000000e+00                  
64.0858798800484522      38        4.387529e-10                  
65.8179306876173342      38        0.000000e+00                  
67.5499814951862021      38        3.362508e-09                  
69.2820323027550842      38        0.000000e+00                  
71.0140831103239663      38        2.598192e-08                  
72.7461339178928341      38        0.000000e+00                  
74.4781847254617162      38        1.757230e-07                  
76.2102355330305983      38        0.000000e+00                  
77.9422863405994661      38        2.087818e-06                  
79.6743371481683482      38        0.000000e+00                  
81.4063879557372303      38        0.000000e+00                  
83.1384387633060982      38        0.000000e+00                  
84.8704895708749802      38        0.000000e+00                  
86.6025403784438481      38        0.000000e+00                  
88.3345911860127302      38        0.000000e+00                  
90.0666419935816123      38        0.000000e+00                  
91.7986928011504801      38        0.000000e+00                  
93.5307436087193622      38        0.000000e+00                  
95.2627944162882443      38        0.000000e+00                  
96.9948452238571122      38        0.000000e+00                  
98.7268960314259942      38        0.000000e+00                  
100.4589468389948763     38        0.000000e+00                  
102.1909976465637442     38        0.000000e+00                  
-1.7320508075688772      40        0.000000e+00                  
0.0000000000000000       40        0.000000e+00                  
1.7320508075688772       40        0.000000e+00                  
3.4641016151377548       40        0.000000e+00                  
5.1961524227066320       40        0.000000e+00                  
6.9282032302755088       40        0.000000e+00                  
8.6602540378443873       40        0.000000e+00                  
10.3923048454132640      40        0.000000e+00                  
12.1243556529821408      40        0.000000e+00                  
13.8564064605510175      40        0.000000e+00                  
15.5884572681198943      40        0.000000e+00                  
17.3205080756887710      40        0.000000e+00                  
19.0525588832576496      40        0.000000e+00                  
20.7846096908265245      40        0.000000e+00                  
22.5166604983954031      40        3.957455e-05                  
24.2487113059642780      40        0.000000e+00                  
25.9807621135331566      40        3.324525e-06                  
27.7128129211020351      40        0.000000e+00                  
29.4448637286709101      40        4.908009e-07                  
31.1769145362397886      40        0.000000e+00                  
32.9089653438086671      40        6.388284e-08                  
34.6410161513775492      40        0.000000e+00                  
36.3730669589464242      40        8.531333e-09                  
38.1051177665152991      40        0.000000e+00                  
39.8371685740841812      40        1.140696e-09                  
41.5692193816530562      40        0.000000e+00                  
43.3012701892219312      40        1.551824e-10                  
45.0333209967908061      40        0.000000e+00                  
46.7653718043596882      40        2.183522e-11                  
48.4974226119285632      40        0.000000e+00                  
50.2294734194974382      40        5.870592e-12                  
51.9615242270663202      40        0.000000e+00                  
53.6935750346351952      40        2.183524e-11                  
55.4256258422040702      40        0.000000e+00                  
57.1576766497729523      40        1.551825e-10                  
58.8897274573418272      40        0.000000e+00                  
60.6217782649107022      40        1.140697e-09                  
62.3538290724795772      40        0.000000e+00                  
64.0858798800484522      40        8.531341e-09                  
65.8179306876173342      40        0.000000e+00                  
67.5499814951862021      40        6.388290e-08                  
69.2820323027550842      40        0.000000e+00                  
71.0140831103239663      40        4.908014e-07                  
72.7461339178928341      40        0.000000e+00                  
74.4781847254617162      40        3.324528e-06                  
76.2102355330305983      40        0.000000e+00                  
77.9422863405994661      40        3.957458e-05                  
79.6743371481683482      40        0.000000e+00                  
81.4063879557372303      40        0.000000e+00                  
83.1384387633060982      40        0.000000e+00                  
84.8704895708749802      40        0.000000e+00                  
86.6025403784438481      40        0.000000e+00                  
88.3345911860127302      40        0.000000e+00                  
90.0666419935816123      40        0.000000e+00                  
91.7986928011504801      40        0.000000e+00                  
93.5307436087193622      40        0.000000e+00                  
95.2627944162882443      40        0.000000e+00                  
96.9948452238571122      40        0.000000e+00                  
98.7268960314259942      40        0.000000e+00                  
100.4589468389948763     40        0.000000e+00                  
102.1909976465637442     40        0.000000e+00                  
-1.7320508075688772      41        0.000000e+00                  
0.0000000000000000       41        0.000000e+00                  
1.7320508075688772       41        0.000000e+00                  
3.4641016151377548       41        0.000000e+00                  
5.1961524227066320       41        0.000000e+00                  
6.9282032302755088       41        0.000000e+00                  
8.6602540378443873       41        0.000000e+00                  
10.3923048454132640      41        0.000000e+00                  
12.1243556529821408      41        0.000000e+00                  
13.8564064605510175      41        0.000000e+00                  
15.5884572681198943      41        0.000000e+00                  
17.3205080756887710      41        0.000000e+00                  
19.0525588832576496      41        0.000000e+00                  
20.7846096908265245      41        0.000000e+00                  
22.5166604983954031      41        0.000000e+00                  
24.2487113059642780      41        1.084198e-06                  
25.9807621135331566      41        0.000000e+00                  
27.7128129211020351      41        9.115541e-08                  
29.4448637286709101      41        0.000000e+00                  
31.1769145362397886      41        1.350670e-08                  
32.9089653438086671      41        0.000000e+00                  
34.6410161513775492      41        1.767067e-09                  
36.3730669589464242      41        0.000000e+00                  
38.1051177665152991      41        2.347865e-10                  
39.8371685740841812      41        0.000000e+00                  
41.5692193816530562      41        3.025055e-11                  
43.3012701892219312      41        0.000000e+00                  
45.0333209967908061      41        3.817454e-12                  
46.7653718043596882      41        0.000000e+00                  
48.4974226119285632      41        5.748942e-13                  
50.2294734194974382      41        0.000000e+00                  
51.9615242270663202      41        5.748946e-13                  
53.6935750346351952      41        0.000000e+00                  
55.4256258422040702      41        3.817458e-12                  
57.1576766497729523      41        0.000000e+00                  
58.8897274573418272      41        3.025058e-11                  
60.6217782649107022      41        0.000000e+00                  
62.3538290724795772      41        2.347867e-10                  
64.0858798800484522      41        0.000000e+00                  
65.8179306876173342      41        1.767069e-09                  
67.5499814951862021      41        0.000000e+00                  
69.2820323027550842      41        1.350672e-08                  
71.0140831103239663      41        0.000000e+00                  
72.7461339178928341      41        9.115549e-08                  
74.4781847254617162      41        0.000000e+00                  
76.2102355330305983      41        1.084199e-06                  
77.9422863405994661      41        0.000000e+00                  
79.6743371481683482      41        0.000000e+00                  
81.4063879557372303      41        0.000000e+00                  
83.1384387633060982      41        0.000000e+00                  
84.8704895708749802      41        0.000000e+00                  
86.6025403784438481      41        0.000000e+00                  
88.3345911860127302      41        0.000000e+00                  
90.0666419935816123      41        0.000000e+00                  
91.7986928011504801      41        0.000000e+00                  
93.5307436087193622      41        0.000000e+00                  
95.2627944162882443      41        0.000000e+00                  
96.9948452238571122      41        0.000000e+00                  
98.7268960314259942      41        0.000000e+00                  
100.4589468389948763     41        0.000000e+00                  
102.1909976465637442     41        0.000000e+00                  
-1.7320508075688772      43        0.000000e+00                  
0.0000000000000000       43        0.000000e+00                  
1.7320508075688772       43        0.000000e+00                  
3.4641016151377548       43        0.000000e+00                  
5.1961524227066320       43        0.000000e+00                  
6.9282032302755088       43        0.000000e+00                  
8.6602540378443873       43        0.000000e+00                  
10.3923048454132640      43        0.000000e+00                  
12.1243556529821408      43        0.000000e+00                  
13.8564064605510175      43        0.000000e+00                  
15.5884572681198943      43        0.000000e+00                  
17.3205080756887710      43        0.000000e+00                  
19.0525588832576496      43        0.000000e+00                  
20.7846096908265245      43        0.000000e+00                  
22.5166604983954031      43        0.000000e+00                  
24.2487113059642780      43        2.055893e-05                  
25.9807621135331566      43        0.000000e+00                  
27.7128129211020351      43        1.727649e-06                  
29.4448637286709101      43        0.000000e+00                  
31.1769145362397886      43        2.552757e-07                  
32.9089653438086671      43        0.000000e+00                  
34.6410161513775492      43        3.326235e-08                  
36.3730669589464242      43        0.000000e+00                  
38.1051177665152991      43        4.435577e-09                  
39.8371685740841812      43        0.000000e+00                  
41.5692193816530562      43        5.876338e-10                  
43.3012701892219312      43        0.000000e+00                  
45.0333209967908061      43        7.856425e-11                  
46.7653718043596882      43        0.000000e+00                  
48.4974226119285632      43        1.216030e-11                  
50.2294734194974382      43        0.000000e+00                  
51.9615242270663202      43        1.216031e-11                  
53.6935750346351952      43        0.000000e+00                  
55.4256258422040702      43        7.856433e-11                  
57.1576766497729523      43        0.000000e+00                  
58.8897274573418272      43        5.876344e-10                  
60.6217782649107022      43        0.000000e+00                  
62.3538290724795772      43        4.435581e-09                  
64.0858798800484522      43        0.000000e+00                  
65.8179306876173342      43        3.326238e-08                  
67.5499814951862021      43        0.000000e+00                  
69.2820323027550842      43        2.552759e-07                  
71.0140831103239663      43        0.000000e+00                  
72.7461339178928341      43        1.727651e-06                  
74.4781847254617162      43        0.000000e+00                  
76.2102355330305983      43        2.055895e-05                  
77.9422863405994661      43        0.000000e+00                  
79.6743371481683482      43        0.000000e+00                  
81.4063879557372303      43        0.000000e+00                  
83.1384387633060982      43        0.000000e+00                  
84.8704895708749802      43        0.000000e+00                  
86.6025403784438481      43        0.000000e+00                  
88.3345911860127302      43        0.000000e+00                  
90.0666419935816123      43        0.000000e+00                  
91.7986928011504801      43        0.000000e+00                  
93.5307436087193622      43        0.000000e+00                  
95.2627944162882443      43        0.000000e+00                  
96.9948452238571122      43        0.000000e+00                  
98.7268960314259942      43        0.000000e+00                  
100.4589468389948763     43        0.000000e+00                  
102.1909976465637442     43        0.000000e+00                  
-1.7320508075688772      44        0.000000e+00                  
0.0000000000000000       44        0.000000e+00                  
1.7320508075688772       44        0.000000e+00                  
3.4641016151377548       44        0.000000e+00                  
5.1961524227066320       44        0.000000e+00                  
6.9282032302755088       44        0.000000e+00                  
8.6602540378443873       44        0.000000e+00                  
10.3923048454132640      44        0.000000e+00                  
12.1243556529821408      44        0.000000e+00                  
13.8564064605510175      44        0.000000e+00                  
15.5884572681198943      44        0.000000e+00                  
17.3205080756887710      44        0.000000e+00                  
19.0525588832576496      44        0.000000e+00                  
20.7846096908265245      44        0.000000e+00                  
22.5166604983954031      44        0.000000e+00                  
24.2487113059642780      44        0.000000e+00                  
25.9807621135331566      44        5.632101e-07                  
27.7128129211020351      44        0.000000e+00                  
29.4448637286709101      44        4.730060e-08                  
31.1769145362397886      44        0.000000e+00                  
32.9089653438086671      44        6.995254e-09                  
34.6410161513775492      44        0.000000e+00                  
36.3730669589464242      44        9.163180e-10                  
38.1051177665152991      44        0.000000e+00                  
39.8371685740841812      44        1.234085e-10                  
41.5692193816530562      44        0.000000e+00                  
43.3012701892219312      44        1.639155e-11                  
45.0333209967908061      44        0.000000e+00                  
46.7653718043596882      44        2.136632e-12                  
48.4974226119285632      44        0.000000e+00                  
50.2294734194974382      44        5.133682e-13                  
51.9615242270663202      44        0.000000e+00                  
53.6935750346351952      44        2.136634e-12                  
55.4256258422040702      44        0.000000e+00                  
57.1576766497729523      44        1.639156e-11                  
58.8897274573418272      44        0.000000e+00                  
60.6217782649107022      44        1.234086e-10                  
62.3538290724795772      44        0.000000e+00                  
64.0858798800484522      44        9.163189e-10                  
65.8179306876173342      44        0.000000e+00                  
67.5499814951862021      44        6.995260e-09                  
69.2820323027550842      44        0.000000e+00                  
71.0140831103239663      44        4.730065e-08                  
72.7461339178928341      44        0.000000e+00                  
74.4781847254617162      44        5.632107e-07                  
76.2102355330305983      44        0.000000e+00                  
77.9422863405994661      44        0.000000e+00                  
79.6743371481683482      44        0.000000e+00                  
81.4063879557372303      44        0.000000e+00                  
83.1384387633060982      44        0.000000e+00                  
84.8704895708749802      44        0.000000e+00                  
86.6025403784438481      44        0.000000e+00                  
88.3345911860127302      44        0.000000e+00                  
90.0666419935816123      44        0.000000e+00                  
91.7986928011504801      44        0.000000e+00                  
93.5307436087193622      44        0.000000e+00                  
95.2627944162882443      44        0.000000e+00                  
96.9948452238571122      44        0.000000e+00                  
98.7268960314259942      44        0.000000e+00                  
100.4589468389948763     44        0.000000e+00                  
102.1909976465637442     44        0.000000e+00                  
-1.7320508075688772      46        0.000000e+00                  
0.0000000000000000       46        0.000000e+00                  
1.7320508075688772       46        0.000000e+00                  
3.4641016151377548       46        0.000000e+00                  
5.1961524227066320       46        0.000000e+00                  
6.9282032302755088       46        0.000000e+00                  
8.6602540378443873       46        0.000000e+00                  
10.3923048454132640      46        0.000000e+00                  
12.1243556529821408      46        0.000000e+00                  
13.8564064605510175      46        0.000000e+00                  
15.5884572681198943      46        0.000000e+00                  
17.3205080756887710      46        0.000000e+00                  
19.0525588832576496      46        0.000000e+00                  
20.7846096908265245      46        0.000000e+00                  
22.5166604983954031      46        0.000000e+00                  
24.2487113059642780      46        0.000000e+00                  
25.9807621135331566      46        1.067929e-05                  
27.7128129211020351      46        0.000000e+00                  
29.4448637286709101      46        8.973593e-07                  
31.1769145362397886      46        0.000000e+00                  
32.9089653438086671      46        1.326358e-07                  
34.6410161513775492      46        0.000000e+00                  
36.3730669589464242      46        1.730548e-08                  
38.1051177665152991      46        0.000000e+00                  
39.8371685740841812      46        2.313190e-09                  
41.5692193816530562      46        0.000000e+00                  
43.3012701892219312      46        3.067136e-10                  
45.0333209967908061      46        0.000000e+00                  
46.7653718043596882      46        4.125512e-11                  
48.4974226119285632      46        0.000000e+00                  
50.2294734194974382      46        1.072127e-11                  
51.9615242270663202      46        0.000000e+00                  
53.6935750346351952      46        4.125516e-11                  
55.4256258422040702      46        0.000000e+00                  
57.1576766497729523      46        3.067139e-10                  
58.8897274573418272      46        0.000000e+00                  
60.6217782649107022      46        2.313193e-09                  
62.3538290724795772      46        0.000000e+00                  
64.0858798800484522      46        1.730550e-08                  
65.8179306876173342      46        0.000000e+00                  
67.5499814951862021      46        1.326359e-07                  
69.2820323027550842      46        0.000000e+00                  
71.0140831103239663      46        8.973601e-07                  
72.7461339178928341      46        0.000000e+00                  
74.4781847254617162      46        1.067930e-05                  
76.2102355330305983      46        0.000000e+00                  
77.9422863405994661      46        0.000000e+00                  
79.6743371481683482      46        0.000000e+00                  
81.4063879557372303      46        0.000000e+00                  
83.1384387633060982      46        0.000000e+00                  
84.8704895708749802      46        0.000000e+00                  
86.6025403784438481      46        0.000000e+00                  
88.3345911860127302      46        0.000000e+00                  
90.0666419935816123      46        0.000000e+00                  
91.7986928011504801      46        0.000000e+00                  
93.5307436087193622      46        0.000000e+00                  
95.2627944162882443      46        0.000000e+00                  
96.9948452238571122      46        0.000000e+00                  
98.7268960314259942      46        0.000000e+00                  
100.4589468389948763     46        0.000000e+00                  
102.1909976465637442     46        0.000000e+00                  
-1.7320508075688772      47        0.000000e+00                  
0.0000000000000000       47        0.000000e+00                  
1.7320508075688772       47        0.000000e+00                  
3.4641016151377548       47        0.000000e+00                  
5.1961524227066320       47        0.000000e+00                  
6.9282032302755088       47        0.000000e+00                  
8.6602540378443873       47        0.000000e+00                  
10.3923048454132640      47        0.000000e+00                  
12.1243556529821408      47        0.000000e+00                  
13.8564064605510175      47        0.000000e+00                  
15.5884572681198943      47        0.000000e+00                  
17.3205080756887710      47        0.000000e+00                  
19.0525588832576496      47        0.000000e+00                  
20.7846096908265245      47        0.000000e+00                  
22.5166604983954031      47        0.000000e+00                  
24.2487113059642780      47        0.000000e+00                  
25.9807621135331566      47        0.000000e+00                  
27.7128129211020351      47        2.926212e-07                  
29.4448637286709101      47        0.000000e+00                  
31.1769145362397886      47        2.457442e-08                  
32.9089653438086671      47        0.000000e+00                  
34.6410161513775492      47        3.628368e-09                  
36.3730669589464242      47        0.000000e+00                  
38.1051177665152991      47        4.735091e-10                  
39.8371685740841812      47        0.000000e+00                  
41.5692193816530562      47        6.369528e-11                  
43.3012701892219312      47        0.000000e+00                  
45.0333209967908061      47        8.595219e-12                  
46.7653718043596882      47        0.000000e+00                  
48.4974226119285632      47        1.298772e-12                  
50.2294734194974382      47        0.000000e+00                  
51.9615242270663202      47        1.298773e-12                  
53.6935750346351952      47        0.000000e+00                  
55.4256258422040702      47        8.595227e-12                  
57.1576766497729523      47        0.000000e+00                  
58.8897274573418272      47        6.369534e-11                  
60.6217782649107022      47        0.000000e+00                  
62.3538290724795772      47        4.735096e-10                  
64.0858798800484522      47        0.000000e+00                  
65.8179306876173342      47        3.628372e-09                  
67.5499814951862021      47        0.000000e+00                  
69.2820323027550842      47        2.457445e-08                  
71.0140831103239663      47        0.000000e+00                  
72.7461339178928341      47        2.926215e-07                  
74.4781847254617162      47        0.000000e+00                  
76.2102355330305983      47        0.000000e+00                  
77.9422863405994661      47        0.000000e+00                  
79.6743371481683482      47        0.000000e+00                  
81.4063879557372303      47        0.000000e+00                  
83.1384387633060982      47        0.000000e+00                  
84.8704895708749802      47        0.000000e+00                  
86.6025403784438481      47        0.000000e+00                  
88.3345911860127302      47        0.000000e+00                  
90.0666419935816123      47        0.000000e+00                  
91.7986928011504801      47        0.000000e+00                  
93.5307436087193622      47        0.000000e+00                  
95.2627944162882443      47        0.000000e+00                  
96.9948452238571122      47        0.000000e+00                  
98.7268960314259942      47        0.000000e+00                  
100.4589468389948763     47        0.000000e+00                  
102.1909976465637442     47        0.000000e+00                  
-1.7320508075688772      49        0.000000e+00                  
0.0000000000000000       49        0.000000e+00                  
1.7320508075688772       49        0.000000e+00                  
3.4641016151377548       49        0.000000e+00                  
5.1961524227066320       49        0.000000e+00                  
6.9282032302755088       49        0.000000e+00                  
8.6602540378443873       49        0.000000e+00                  
10.3923048454132640      49        0.000000e+00                  
12.1243556529821408      49        0.000000e+00                  
13.8564064605510175      49        0.000000e+00                  
15.5884572681198943      49        0.000000e+00                  
17.3205080756887710      49        0.000000e+00                  
19.0525588832576496      49        0.000000e+00                  
20.7846096908265245      49        0.000000e+00                  
22.5166604983954031      49        0.000000e+00                  
24.2487113059642780      49        0.000000e+00                  
25.9807621135331566      49        0.000000e+00                  
27.7128129211020351      49        5.547603e-06                  
29.4448637286709101      49        0.000000e+00                  
31.1769145362397886      49        4.660811e-07                  
32.9089653438086671      49        0.000000e+00                  
34.6410161513775492      49        6.887605e-08                  
36.3730669589464242      49        0.000000e+00                  
38.1051177665152991      49        8.987881e-09                  
39.8371685740841812      49        0.000000e+00                  
41.5692193816530562      49        1.203368e-09                  
43.3012701892219312      49        0.000000e+00                  
45.0333209967908061      49        1.604920e-10                  
46.7653718043596882      49        0.000000e+00                  
48.4974226119285632      49        2.404596e-11                  
50.2294734194974382      49        0.000000e+00                  
51.9615242270663202      49        2.404598e-11                  
53.6935750346351952      49        0.000000e+00                  
55.4256258422040702      49        1.604922e-10                  
57.1576766497729523      49        0.000000e+00                  
58.8897274573418272      49        1.203369e-09                  
60.6217782649107022      49        0.000000e+00                  
62.3538290724795772      49        8.987890e-09                  
64.0858798800484522      49        0.000000e+00                  
65.8179306876173342      49        6.887612e-08                  
67.5499814951862021      49        0.000000e+00                  
69.2820323027550842      49        4.660816e-07                  
71.0140831103239663      49        0.000000e+00                  
72.7461339178928341      49        5.547608e-06                  
74.4781847254617162      49        0.000000e+00                  
76.2102355330305983      49        0.000000e+00                  
77.9422863405994661      49        0.000000e+00                  
79.6743371481683482      49        0.000000e+00                  
81.4063879557372303      49        0.000000e+00                  
83.1384387633060982      49        0.000000e+00                  
84.8704895708749802      49        0.000000e+00                  
86.6025403784438481      49        0.000000e+00                  
88.3345911860127302      49        0.000000e+00                  
90.0666419935816123      49        0.000000e+00                  
91.7986928011504801      49        0.000000e+00                  
93.5307436087193622      49        0.000000e+00                  
95.2627944162882443      49        0.000000e+00                  
96.9948452238571122      49        0.000000e+00                  
98.7268960314259942      49        0.000000e+00                  
100.4589468389948763     49        0.000000e+00                  
102.1909976465637442     49        0.000000e+00                  
-1.7320508075688772      50        0.000000e+00                  
0.0000000000000000       50        0.000000e+00                  
1.7320508075688772       50        0.000000e+00                  
3.4641016151377548       50        0.000000e+00                  
5.1961524227066320       50        0.000000e+00                  
6.9282032302755088       50        0.000000e+00                  
8.6602540378443873       50        0.000000e+00                  
10.3923048454132640      50        0.000000e+00                  
12.1243556529821408      50        0.000000e+00                  
13.8564064605510175      50        0.000000e+00                  
15.5884572681198943      50        0.000000e+00                  
17.3205080756887710      50        0.000000e+00                  
19.0525588832576496      50        0.000000e+00                  
20.7846096908265245      50        0.000000e+00                  
22.5166604983954031      50        0.000000e+00                  
24.2487113059642780      50        0.000000e+00                  
25.9807621135331566      50        0.000000e+00                  
27.7128129211020351      50        0.000000e+00                  
29.4448637286709101      50        1.520254e-07                  
31.1769145362397886      50        0.000000e+00                  
32.9089653438086671      50        1.277240e-08                  
34.6410161513775492      50        0.000000e+00                  
36.3730669589464242      50        1.885953e-09                  
38.1051177665152991      50        0.000000e+00                  
39.8371685740841812      50        2.456083e-10                  
41.5692193816530562      50        0.000000e+00                  
43.3012701892219312      50        3.284947e-11                  
45.0333209967908061      50        0.000000e+00                  
46.7653718043596882      50        4.479469e-12                  
48.4974226119285632      50        0.000000e+00                  
50.2294734194974382      50        1.190006e-12                  
51.9615242270663202      50        0.000000e+00                  
53.6935750346351952      50        4.479473e-12                  
55.4256258422040702      50        0.000000e+00                  
57.1576766497729523      50        3.284950e-11                  
58.8897274573418272      50        0.000000e+00                  
60.6217782649107022      50        2.456085e-10                  
62.3538290724795772      50        0.000000e+00                  
64.0858798800484522      50        1.885955e-09                  
65.8179306876173342      50        0.000000e+00                  
67.5499814951862021      50        1.277241e-08                  
69.2820323027550842      50        0.000000e+00                  
71.0140831103239663      50        1.520255e-07                  
72.7461339178928341      50        0.000000e+00                  
74.4781847254617162      50        0.000000e+00                  
76.2102355330305983      50        0.000000e+00                  
77.9422863405994661      50        0.000000e+00                  
79.6743371481683482      50        0.000000e+00                  
81.4063879557372303      50        0.000000e+00                  
83.1384387633060982      50        0.000000e+00                  
84.8704895708749802      50        0.000000e+00                  
86.6025403784438481      50        0.000000e+00                  
88.3345911860127302      50        0.000000e+00                  
90.0666419935816123      50        0.000000e+00                  
91.7986928011504801      50        0.000000e+00                  
93.5307436087193622      50        0.000000e+00                  
95.2627944162882443      50        0.000000e+00                  
96.9948452238571122      50        0.000000e+00                  
98.7268960314259942      50        0.000000e+00                  
100.4589468389948763     50        0.000000e+00                  
102.1909976465637442     50        0.000000e+00                  
-1.7320508075688772      52        0.000000e+00                  
0.0000000000000000       52        0.000000e+00                  
1.7320508075688772       52        0.000000e+00                  
3.4641016151377548       52        0.000000e+00                  
5.1961524227066320       52        0.000000e+00                  
6.9282032302755088       52        0.000000e+00                  
8.6602540378443873       52        0.000000e+00                  
10.3923048454132640      52        0.000000e+00                  
12.1243556529821408      52        0.000000e+00                  
13.8564064605510175      52        0.000000e+00                  
15.5884572681198943      52        0.000000e+00                  
17.3205080756887710      52        0.000000e+00                  
19.0525588832576496      52        0.000000e+00                  
20.7846096908265245      52        0.000000e+00                  
22.5166604983954031      52        0.000000e+00                  
24.2487113059642780      52        0.000000e+00                  
25.9807621135331566      52        0.000000e+00                  
27.7128129211020351      52        0.000000e+00                  
29.4448637286709101      52        2.881998e-06                  
31.1769145362397886      52        0.000000e+00                  
32.9089653438086671      52        2.421216e-07                  
34.6410161513775492      52        0.000000e+00                  
36.3730669589464242      52        3.577246e-08                  
38.1051177665152991      52        0.000000e+00                  
39.8371685740841812      52        4.665888e-09                  
41.5692193816530562      52        0.000000e+00                  
43.3012701892219312      52        6.247572e-10                  
45.0333209967908061      52        0.000000e+00                  
46.7653718043596882      52        8.466632e-11                  
48.4974226119285632      52        0.000000e+00                  
50.2294734194974382      52        2.225175e-11                  
51.9615242270663202      52        0.000000e+00                  
53.6935750346351952      52        8.466640e-11                  
55.4256258422040702      52        0.000000e+00                  
57.1576766497729523      52        6.247578e-10                  
58.8897274573418272      52        0.000000e+00                  
60.6217782649107022      52        4.665892e-09                  
62.3538290724795772      52        0.000000e+00                  
64.0858798800484522      52        3.577249e-08                  
65.8179306876173342      52        0.000000e+00                  
67.5499814951862021      52        2.421218e-07                  
69.2820323027550842      52        0.000000e+00                  
71.0140831103239663      52        2.882000e-06                  
72.7461339178928341      52        0.000000e+00                  
74.4781847254617162      52        0.000000e+00                  
76.2102355330305983      52        0.000000e+00                  
77.9422863405994661      52        0.000000e+00                  
79.6743371481683482      52        0.000000e+00                  
81.4063879557372303      52        0.000000e+00                  
83.1384387633060982      52        0.000000e+00                  
84.8704895708749802      52        0.000000e+00                  
86.6025403784438481      52        0.000000e+00                  
88.3345911860127302      52        0.000000e+00                  
90.0666419935816123      52        0.000000e+00                  
91.7986928011504801      52        0.000000e+00                  
93.5307436087193622      52        0.000000e+00                  
95.2627944162882443      52        0.000000e+00                  
96.9948452238571122      52        0.000000e+00                  
98.7268960314259942      52        0.000000e+00                  
100.4589468389948763     52        0.000000e+00                  
102.1909976465637442     52        0.000000e+00                  
-1.7320508075688772      53        0.000000e+00                  
0.0000000000000000       53        0.000000e+00                  
1.7320508075688772       53        0.000000e+00                  
3.4641016151377548       53        0.000000e+00                  
5.1961524227066320       53        0.000000e+00                  
6.9282032302755088       53        0.000000e+00                  
8.6602540378443873       53        0.000000e+00                  
10.3923048454132640      53        0.000000e+00                  
12.1243556529821408      53        0.000000e+00                  
13.8564064605510175      53        0.000000e+00                  
15.5884572681198943      53        0.000000e+00                  
17.3205080756887710      53        0.000000e+00                  
19.0525588832576496      53        0.000000e+00                  
20.7846096908265245      53        0.000000e+00                  
22.5166604983954031      53        0.000000e+00                  
24.2487113059642780      53        0.000000e+00                  
25.9807621135331566      53        0.000000e+00                  
27.7128129211020351      53        0.000000e+00                  
29.4448637286709101      53        0.000000e+00                  
31.1769145362397886      53        7.897457e-08                  
32.9089653438086671      53        0.000000e+00                  
34.6410161513775492      53        6.636298e-09                  
36.3730669589464242      53        0.000000e+00                  
38.1051177665152991      53        9.805677e-10                  
39.8371685740841812      53        0.000000e+00                  
41.5692193816530562      53        1.277823e-10                  
43.3012701892219312      53        0.000000e+00                  
45.0333209967908061      53        1.708870e-11                  
46.7653718043596882      53        0.000000e+00                  
48.4974226119285632      53        2.566871e-12                  
50.2294734194974382      53        0.000000e+00                  
51.9615242270663202      53        2.566873e-12                  
53.6935750346351952      53        0.000000e+00                  
55.4256258422040702      53        1.708872e-11                  
57.1576766497729523      53        0.000000e+00                  
58.8897274573418272      53        1.277824e-10                  
60.6217782649107022      53        0.000000e+00                  
62.3538290724795772      53        9.805687e-10                  
64.0858798800484522      53        0.000000e+00                  
65.8179306876173342      53        6.636304e-09                  
67.5499814951862021      53        0.000000e+00                  
69.2820323027550842      53        7.897464e-08                  
71.0140831103239663      53        0.000000e+00                  
72.7461339178928341      53        0.000000e+00                  
74.4781847254617162      53        0.000000e+00                  
76.2102355330305983      53        0.000000e+00                  
77.9422863405994661      53        0.000000e+00                  
79.6743371481683482      53        0.000000e+00                  
81.4063879557372303      53        0.000000e+00                  
83.1384387633060982      53        0.000000e+00                  
84.8704895708749802      53        0.000000e+00                  
86.6025403784438481      53        0.000000e+00                  
88.3345911860127302      53        0.000000e+00                  
90.0666419935816123      53        0.000000e+00                  
91.7986928011504801      53        0.000000e+00                  
93.5307436087193622      53        0.000000e+00                  
95.2627944162882443      53        0.000000e+00                  
96.9948452238571122      53        0.000000e+00                  
98.7268960314259942      53        0.000000e+00                  
100.4589468389948763     53        0.000000e+00                  
102.1909976465637442     53        0.000000e+00                  
-1.7320508075688772      55        0.000000e+00                  
0.0000000000000000       55        0.000000e+00                  
1.7320508075688772       55        0.000000e+00                  
3.4641016151377548       55        0.000000e+00                  
5.1961524227066320       55        0.000000e+00                  
6.9282032302755088       55        0.000000e+00                  
8.6602540378443873       55        0.000000e+00                  
10.3923048454132640      55        0.000000e+00                  
12.1243556529821408      55        0.000000e+00                  
13.8564064605510175      55        0.000000e+00                  
15.5884572681198943      55        0.000000e+00                  
17.3205080756887710      55        0.000000e+00                  
19.0525588832576496      55        0.000000e+00                  
20.7846096908265245      55        0.000000e+00                  
22.5166604983954031      55        0.000000e+00                  
24.2487113059642780      55        0.000000e+00                  
25.9807621135331566      55        0.000000e+00                  
27.7128129211020351      55        0.000000e+00                  
29.4448637286709101      55        0.000000e+00                  
31.1769145362397886      55        1.497215e-06                  
32.9089653438086671      55        0.000000e+00                  
34.6410161513775492      55        1.257893e-07                  
36.3730669589464242      55        0.000000e+00                  
38.1051177665152991      55        1.858478e-08                  
39.8371685740841812      55        0.000000e+00                  
41.5692193816530562      55        2.423483e-09                  
43.3012701892219312      55        0.000000e+00                  
45.0333209967908061      55        3.249197e-10                  
46.7653718043596882      55        0.000000e+00                  
48.4974226119285632      55        4.890968e-11                  
50.2294734194974382      55        0.000000e+00                  
51.9615242270663202      55        4.890971e-11                  
53.6935750346351952      55        0.000000e+00                  
55.4256258422040702      55        3.249201e-10                  
57.1576766497729523      55        0.000000e+00                  
58.8897274573418272      55        2.423486e-09                  
60.6217782649107022      55        0.000000e+00                  
62.3538290724795772      55        1.858480e-08                  
64.0858798800484522      55        0.000000e+00                  
65.8179306876173342      55        1.257894e-07                  
67.5499814951862021      55        0.000000e+00                  
69.2820323027550842      55        1.497217e-06                  
71.0140831103239663      55        0.000000e+00                  
72.7461339178928341      55        0.000000e+00                  
74.4781847254617162      55        0.000000e+00                  
76.2102355330305983      55        0.000000e+00                  
77.9422863405994661      55        0.000000e+00                  
79.6743371481683482      55        0.000000e+00                  
81.4063879557372303      55        0.000000e+00                  
83.1384387633060982      55        0.000000e+00                  
84.8704895708749802      55        0.000000e+00                  
86.6025403784438481      55        0.000000e+00                  
88.3345911860127302      55        0.000000e+00                  
90.0666419935816123      55        0.000000e+00                  
91.7986928011504801      55        0.000000e+00                  
93.5307436087193622      55        0.000000e+00                  
95.2627944162882443      55        0.000000e+00                  
96.9948452238571122      55        0.000000e+00                  
98.7268960314259942      55        0.000000e+00                  
100.4589468389948763     55        0.000000e+00                  
102.1909976465637442     55        0.000000e+00                  
-1.7320508075688772      56        0.000000e+00                  
0.0000000000000000       56        0.000000e+00                  
1.7320508075688772       56        0.000000e+00                  
3.4641016151377548       56        0.000000e+00                  
5.1961524227066320       56        0.000000e+00                  
6.9282032302755088       56        0.000000e+00                  
8.6602540378443873       56        0.000000e+00                  
10.3923048454132640      56        0.000000e+00                  
12.1243556529821408      56        0.000000e+00                  
13.8564064605510175      56        0.000000e+00                  
15.5884572681198943      56        0.000000e+00                  
17.3205080756887710      56        0.000000e+00                  
19.0525588832576496      56        0.000000e+00                  
20.7846096908265245      56        0.000000e+00                  
22.5166604983954031      56        0.000000e+00                  
24.2487113059642780      56        0.000000e+00                  
25.9807621135331566      56        0.000000e+00                  
27.7128129211020351      56        0.000000e+00                  
29.4448637286709101      56        0.000000e+00                  
31.1769145362397886      56        0.000000e+00                  
32.9089653438086671      56        4.102528e-08                  
34.6410161513775492      56        0.000000e+00                  
36.3730669589464242      56        3.447104e-09                  
38.1051177665152991      56        0.000000e+00                  
39.8371685740841812      56        5.094605e-10                  
41.5692193816530562      56        0.000000e+00                  
43.3012701892219312      56        6.648618e-11                  
45.0333209967908061      56        0.000000e+00                  
46.7653718043596882      56        9.025512e-12                  
48.4974226119285632      56        0.000000e+00                  
50.2294734194974382      56        2.364247e-12                  
51.9615242270663202      56        0.000000e+00                  
53.6935750346351952      56        9.025520e-12                  
55.4256258422040702      56        0.000000e+00                  
57.1576766497729523      56        6.648624e-11                  
58.8897274573418272      56        0.000000e+00                  
60.6217782649107022      56        5.094610e-10                  
62.3538290724795772      56        0.000000e+00                  
64.0858798800484522      56        3.447107e-09                  
65.8179306876173342      56        0.000000e+00                  
67.5499814951862021      56        4.102532e-08                  
69.2820323027550842      56        0.000000e+00                  
71.0140831103239663      56        0.000000e+00                  
72.7461339178928341      56        0.000000e+00                  
74.4781847254617162      56        0.000000e+00                  
76.2102355330305983      56        0.000000e+00                  
77.9422863405994661      56        0.000000e+00                  
79.6743371481683482      56        0.000000e+00                  
81.4063879557372303      56        0.000000e+00                  
83.1384387633060982      56        0.000000e+00                  
84.8704895708749802      56        0.000000e+00                  
86.6025403784438481      56        0.000000e+00                  
88.3345911860127302      56        0.000000e+00                  
90.0666419935816123      56        0.000000e+00                  
91.7986928011504801      56        0.000000e+00                  
93.5307436087193622      56        0.000000e+00                  
95.2627944162882443      56        0.000000e+00                  
96.9948452238571122      56        0.000000e+00                  
98.7268960314259942      56        0.000000e+00                  
100.4589468389948763     56        0.000000e+00                  
102.1909976465637442     56        0.000000e+00                  
-1.7320508075688772      58        0.000000e+00                  
0.0000000000000000       58        0.000000e+00                  
1.7320508075688772       58        0.000000e+00                  
3.4641016151377548       58        0.000000e+00                  
5.1961524227066320       58        0.000000e+00                  
6.9282032302755088       58        0.000000e+00                  
8.6602540378443873       58        0.000000e+00                  
10.3923048454132640      58        0.000000e+00                  
12.1243556529821408      58        0.000000e+00                  
13.8564064605510175      58        0.000000e+00                  
15.5884572681198943      58        0.000000e+00                  
17.3205080756887710      58        0.000000e+00                  
19.0525588832576496      58        0.000000e+00                  
20.7846096908265245      58        0.000000e+00                  
22.5166604983954031      58        0.000000e+00                  
24.2487113059642780      58        0.000000e+00                  
25.9807621135331566      58        0.000000e+00                  
27.7128129211020351      58        0.000000e+00                  
29.4448637286709101      58        0.000000e+00                  
31.1769145362397886      58        0.000000e+00                  
32.9089653438086671      58        7.777968e-07                  
34.6410161513775492      58        0.000000e+00                  
36.3730669589464242      58        6.534885e-08                  
38.1051177665152991      58        0.000000e+00                  
39.8371685740841812      58        9.656095e-09                  
41.5692193816530562      58        0.000000e+00                  
43.3012701892219312      58        1.259389e-09                  
45.0333209967908061      58        0.000000e+00                  
46.7653718043596882      58        1.715824e-10                  
48.4974226119285632      58        0.000000e+00                  
50.2294734194974382      58        4.454845e-11                  
51.9615242270663202      58        0.000000e+00                  
53.6935750346351952      58        1.715825e-10                  
55.4256258422040702      58        0.000000e+00                  
57.1576766497729523      58        1.259391e-09                  
58.8897274573418272      58        0.000000e+00                  
60.6217782649107022      58        9.656104e-09                  
62.3538290724795772      58        0.000000e+00                  
64.0858798800484522      58        6.534891e-08                  
65.8179306876173342      58        0.000000e+00                  
67.5499814951862021      58        7.777975e-07                  
69.2820323027550842      58        0.000000e+00                  
71.0140831103239663      58        0.000000e+00                  
72.7461339178928341      58        0.000000e+00                  
74.4781847254617162      58        0.000000e+00                  
76.2102355330305983      58        0.000000e+00                  
77.9422863405994661      58        0.000000e+00                  
79.6743371481683482      58        0.000000e+00                  
81.4063879557372303      58        0.000000e+00                  
83.1384387633060982      58        0.000000e+00                  
84.8704895708749802      58        0.000000e+00                  
86.6025403784438481      58        0.000000e+00                  
88.3345911860127302      58        0.000000e+00                  
90.0666419935816123      58        0.000000e+00                  
91.7986928011504801      58        0.000000e+00                  
93.5307436087193622      58        0.000000e+00                  
95.2627944162882443      58        0.000000e+00                  
96.9948452238571122      58        0.000000e+00                  
98.7268960314259942      58        0.000000e+00                  
100.4589468389948763     58        0.000000e+00                  
102.1909976465637442     58        0.000000e+00                  
-1.7320508075688772      59        0.000000e+00                  
0.0000000000000000       59        0.000000e+00                  
1.7320508075688772       59        0.000000e+00                  
3.4641016151377548       59        0.000000e+00                  
5.1961524227066320       59        0.000000e+00                  
6.9282032302755088       59        0.000000e+00                  
8.6602540378443873       59        0.000000e+00                  
10.3923048454132640      59        0.000000e+00                  
12.1243556529821408      59        0.000000e+00                  
13.8564064605510175      59        0.000000e+00                  
15.5884572681198943      59        0.000000e+00                  
17.3205080756887710      59        0.000000e+00                  
19.0525588832576496      59        0.000000e+00                  
20.7846096908265245      59        0.000000e+00                  
22.5166604983954031      59        0.000000e+00                  
24.2487113059642780      59        0.000000e+00                  
25.9807621135331566      59        0.000000e+00                  
27.7128129211020351      59        0.000000e+00                  
29.4448637286709101      59        0.000000e+00                  
31.1769145362397886      59        0.000000e+00                  
32.9089653438086671      59        0.000000e+00                  
34.6410161513775492      59        2.131217e-08                  
36.3730669589464242      59        0.000000e+00                  
38.1051177665152991      59        1.790536e-09                  
39.8371685740841812      59        0.000000e+00                  
41.5692193816530562      59        2.645851e-10                  
43.3012701892219312      59        0.000000e+00                  
45.0333209967908061      59        3.460480e-11                  
46.7653718043596882      59        0.000000e+00                  
48.4974226119285632      59        5.225354e-12                  
50.2294734194974382      59        0.000000e+00                  
51.9615242270663202      59        5.225357e-12                  
53.6935750346351952      59        0.000000e+00                  
55.4256258422040702      59        3.460484e-11                  
57.1576766497729523      59        0.000000e+00                  
58.8897274573418272      59        2.645854e-10                  
60.6217782649107022      59        0.000000e+00                  
62.3538290724795772      59        1.790538e-09                  
64.0858798800484522      59        0.000000e+00                  
65.8179306876173342      59        2.131219e-08                  
67.5499814951862021      59        0.000000e+00                  
69.2820323027550842      59        0.000000e+00                  
71.0140831103239663      59        0.000000e+00                  
72.7461339178928341      59        0.000000e+00                  
74.4781847254617162      59        0.000000e+00                  
76.2102355330305983      59        0.000000e+00                  
77.9422863405994661      59        0.000000e+00                  
79.6743371481683482      59        0.000000e+00                  
81.4063879557372303      59        0.000000e+00                  
83.1384387633060982      59        0.000000e+00                  
84.8704895708749802      59        0.000000e+00                  
86.6025403784438481      59        0.000000e+00                  
88.3345911860127302      59        0.000000e+00                  
90.0666419935816123      59        0.000000e+00                  
91.7986928011504801      59        0.000000e+00                  
93.5307436087193622      59        0.000000e+00                  
95.2627944162882443      59        0.000000e+00                  
96.9948452238571122      59        0.000000e+00                  
98.7268960314259942      59        0.000000e+00                  
100.4589468389948763     59        0.000000e+00                  
102.1909976465637442     59        0.000000e+00                  
-1.7320508075688772      61        0.000000e+00                  
0.0000000000000000       61        0.000000e+00                  
1.7320508075688772       61        0.000000e+00                  
3.4641016151377548       61        0.000000e+00                  
5.1961524227066320       61        0.000000e+00                  
6.9282032302755088       61        0.000000e+00                  
8.6602540378443873       61        0.000000e+00                  
10.3923048454132640      61        0.000000e+00                  
12.1243556529821408      61        0.000000e+00                  
13.8564064605510175      61        0.000000e+00                  
15.5884572681198943      61        0.000000e+00                  
17.3205080756887710      61        0.000000e+00                  
19.0525588832576496      61        0.000000e+00                  
20.7846096908265245      61        0.000000e+00                  
22.5166604983954031      61        0.000000e+00                  
24.2487113059642780      61        0.000000e+00                  
25.9807621135331566      61        0.000000e+00                  
27.7128129211020351      61        0.000000e+00                  
29.4448637286709101      61        0.000000e+00                  
31.1769145362397886      61        0.000000e+00                  
32.9089653438086671      61        0.000000e+00                  
34.6410161513775492      61        4.040585e-07                  
36.3730669589464242      61        0.000000e+00                  
38.1051177665152991      61        3.394753e-08                  
39.8371685740841812      61        0.000000e+00                  
41.5692193816530562      61        5.016733e-09                  
43.3012701892219312      61        0.000000e+00                  
45.0333209967908061      61        6.556636e-10                  
46.7653718043596882      61        0.000000e+00                  
48.4974226119285632      61        9.918409e-11                  
50.2294734194974382      61        0.000000e+00                  
51.9615242270663202      61        9.918417e-11                  
53.6935750346351952      61        0.000000e+00                  
55.4256258422040702      61        6.556643e-10                  
57.1576766497729523      61        0.000000e+00                  
58.8897274573418272      61        5.016738e-09                  
60.6217782649107022      61        0.000000e+00                  
62.3538290724795772      61        3.394756e-08                  
64.0858798800484522      61        0.000000e+00                  
65.8179306876173342      61        4.040588e-07                  
67.5499814951862021      61        0.000000e+00                  
69.2820323027550842      61        0.000000e+00                  
71.0140831103239663      61        0.000000e+00                  
72.7461339178928341      61        0.000000e+00                  
74.4781847254617162      61        0.000000e+00                  
76.2102355330305983      61        0.000000e+00                  
77.9422863405994661      61        0.000000e+00                  
79.6743371481683482      61        0.000000e+00                  
81.4063879557372303      61        0.000000e+00                  
83.1384387633060982      61        0.000000e+00                  
84.8704895708749802      61        0.000000e+00                  
86.6025403784438481      61        0.000000e+00                  
88.3345911860127302      61        0.000000e+00                  
90.0666419935816123      61        0.000000e+00                  
91.7986928011504801      61        0.000000e+00                  
93.5307436087193622      61        0.000000e+00                  
95.2627944162882443      61        0.000000e+00                  
96.9948452238571122      61        0.000000e+00                  
98.7268960314259942      61        0.000000e+00                  
100.4589468389948763     61        0.000000e+00                  
102.1909976465637442     61        0.000000e+00                  
-1.7320508075688772      62        0.000000e+00                  
0.0000000000000000       62        0.000000e+00                  
1.7320508075688772       62        0.000000e+00                  
3.4641016151377548       62        0.000000e+00                  
5.1961524227066320       62        0.000000e+00                  
6.9282032302755088       62        0.000000e+00                  
8.6602540378443873       62        0.000000e+00                  
10.3923048454132640      62        0.000000e+00                  
12.1243556529821408      62        0.000000e+00                  
13.8564064605510175      62        0.000000e+00                  
15.5884572681198943      62        0.000000e+00                  
17.3205080756887710      62        0.000000e+00                  
19.0525588832576496      62        0.000000e+00                  
20.7846096908265245      62        0.000000e+00                  
22.5166604983954031      62        0.000000e+00                  
24.2487113059642780      62        0.000000e+00                  
25.9807621135331566      62        0.000000e+00                  
27.7128129211020351      62        0.000000e+00                  
29.4448637286709101      62        0.000000e+00                  
31.1769145362397886      62        0.000000e+00                  
32.9089653438086671      62        0.000000e+00                  
34.6410161513775492      62        0.000000e+00                  
36.3730669589464242      62        1.107150e-08                  
38.1051177665152991      62        0.000000e+00                  
39.8371685740841812      62        9.301769e-10                  
41.5692193816530562      62        0.000000e+00                  
43.3012701892219312      62        1.374066e-10                  
45.0333209967908061      62        0.000000e+00                  
46.7653718043596882      62        1.828120e-11                  
48.4974226119285632      62        0.000000e+00                  
50.2294734194974382      62        4.727422e-12                  
51.9615242270663202      62        0.000000e+00                  
53.6935750346351952      62        1.828122e-11                  
55.4256258422040702      62        0.000000e+00                  
57.1576766497729523      62        1.374068e-10                  
58.8897274573418272      62        0.000000e+00                  
60.6217782649107022      62        9.301778e-10                  
62.3538290724795772      62        0.000000e+00                  
64.0858798800484522      62        1.107152e-08                  
65.8179306876173342      62        0.000000e+00                  
67.5499814951862021      62        0.000000e+00                  
69.2820323027550842      62        0.000000e+00                  
71.0140831103239663      62        0.000000e+00                  
72.7461339178928341      62        0.000000e+00                  
74.4781847254617162      62        0.000000e+00                  
76.2102355330305983      62        0.000000e+00                  
77.9422863405994661      62        0.000000e+00                  
79.6743371481683482      62        0.000000e+00                  
81.4063879557372303      62        0.000000e+00                  
83.1384387633060982      62        0.000000e+00                  
84.8704895708749802      62        0.000000e+00                  
86.6025403784438481      62        0.000000e+00                  
88.3345911860127302      62        0.000000e+00                  
90.0666419935816123      62        0.000000e+00                  
91.7986928011504801      62        0.000000e+00                  
93.5307436087193622      62        0.000000e+00                  
95.2627944162882443      62        0.000000e+00                  
96.9948452238571122      62        0.000000e+00                  
98.7268960314259942      62        0.000000e+00                  
100.4589468389948763     62        0.000000e+00                  
102.1909976465637442     62        0.000000e+00                  
-1.7320508075688772      64        0.000000e+00                  
0.0000000000000000       64        0.000000e+00                  
1.7320508075688772       64        0.000000e+00                  
3.4641016151377548       64        0.000000e+00                  
5.1961524227066320       64        0.000000e+00                  
6.9282032302755088       64        0.000000e+00                  
8.6602540378443873       64        0.000000e+00                  
10.3923048454132640      64        0.000000e+00                  
12.1243556529821408      64        0.000000e+00                  
13.8564064605510175      64        0.000000e+00                  
15.5884572681198943      64        0.000000e+00                  
17.3205080756887710      64        0.000000e+00                  
19.0525588832576496      64        0.000000e+00                  
20.7846096908265245      64        0.000000e+00                  
22.5166604983954031      64        0.000000e+00                  
24.2487113059642780      64        0.000000e+00                  
25.9807621135331566      64        0.000000e+00                  
27.7128129211020351      64        0.000000e+00                  
29.4448637286709101      64        0.000000e+00                  
31.1769145362397886      64        0.000000e+00                  
32.9089653438086671      64        0.000000e+00                  
34.6410161513775492      64        0.000000e+00                  
36.3730669589464242      64        2.099076e-07                  
38.1051177665152991      64        0.000000e+00                  
39.8371685740841812      64        1.763410e-08                  
41.5692193816530562      64        0.000000e+00                  
43.3012701892219312      64        2.607796e-09                  
45.0333209967908061      64        0.000000e+00                  
46.7653718043596882      64        3.446928e-10                  
48.4974226119285632      64        0.000000e+00                  
50.2294734194974382      64        9.219825e-11                  
51.9615242270663202      64        0.000000e+00                  
53.6935750346351952      64        3.446931e-10                  
55.4256258422040702      64        0.000000e+00                  
57.1576766497729523      64        2.607798e-09                  
58.8897274573418272      64        0.000000e+00                  
60.6217782649107022      64        1.763411e-08                  
62.3538290724795772      64        0.000000e+00                  
64.0858798800484522      64        2.099078e-07                  
65.8179306876173342      64        0.000000e+00                  
67.5499814951862021      64        0.000000e+00                  
69.2820323027550842      64        0.000000e+00                  
71.0140831103239663      64        0.000000e+00                  
72.7461339178928341      64        0.000000e+00                  
74.4781847254617162      64        0.000000e+00                  
76.2102355330305983      64        0.000000e+00                  
77.9422863405994661      64        0.000000e+00                  
79.6743371481683482      64        0.000000e+00                  
81.4063879557372303      64        0.000000e+00                  
83.1384387633060982      64        0.000000e+00                  
84.8704895708749802      64        0.000000e+00                  
86.6025403784438481      64        0.000000e+00                  
88.3345911860127302      64        0.000000e+00                  
90.0666419935816123      64        0.000000e+00                  
91.7986928011504801      64        0.000000e+00                  
93.5307436087193622      64        0.000000e+00                  
95.2627944162882443      64        0.000000e+00                  
96.9948452238571122      64        0.000000e+00                  
98.7268960314259942      64        0.000000e+00                  
100.4589468389948763     64        0.000000e+00                  
102.1909976465637442     64        0.000000e+00                  
-1.7320508075688772      65        0.000000e+00                  
0.0000000000000000       65        0.000000e+00                  
1.7320508075688772       65        0.000000e+00                  
3.4641016151377548       65        0.000000e+00                  
5.1961524227066320       65        0.000000e+00                  
6.9282032302755088       65        0.000000e+00                  
8.6602540378443873       65        0.000000e+00                  
10.3923048454132640      65        0.000000e+00                  
12.1243556529821408      65        0.000000e+00                  
13.8564064605510175      65        0.000000e+00                  
15.5884572681198943      65        0.000000e+00                  
17.3205080756887710      65        0.000000e+00                  
19.0525588832576496      65        0.000000e+00                  
20.7846096908265245      65        0.000000e+00                  
22.5166604983954031      65        0.000000e+00                  
24.2487113059642780      65        0.000000e+00                  
25.9807621135331566      65        0.000000e+00                  
27.7128129211020351      65        0.000000e+00                  
29.4448637286709101      65        0.000000e+00                  
31.1769145362397886      65        0.000000e+00                  
32.9089653438086671      65        0.000000e+00                  
34.6410161513775492      65        0.000000e+00                  
36.3730669589464242      65        0.000000e+00                  
38.1051177665152991      65        5.751351e-09                  
39.8371685740841812      65        0.000000e+00                  
41.5692193816530562      65        4.832070e-10                  
43.3012701892219312      65        0.000000e+00                  
45.0333209967908061      65        7.146997e-11                  
46.7653718043596882      65        0.000000e+00                  
48.4974226119285632      65        1.053627e-11                  
50.2294734194974382      65        0.000000e+00                  
51.9615242270663202      65        1.053628e-11                  
53.6935750346351952      65        0.000000e+00                  
55.4256258422040702      65        7.147004e-11                  
57.1576766497729523      65        0.000000e+00                  
58.8897274573418272      65        4.832075e-10                  
60.6217782649107022      65        0.000000e+00                  
62.3538290724795772      65        5.751357e-09                  
64.0858798800484522      65        0.000000e+00                  
65.8179306876173342      65        0.000000e+00                  
67.5499814951862021      65        0.000000e+00                  
69.2820323027550842      65        0.000000e+00                  
71.0140831103239663      65        0.000000e+00                  
72.7461339178928341      65        0.000000e+00                  
74.4781847254617162      65        0.000000e+00                  
76.2102355330305983      65        0.000000e+00                  
77.9422863405994661      65        0.000000e+00                  
79.6743371481683482      65        0.000000e+00                  
81.4063879557372303      65        0.000000e+00                  
83.1384387633060982      65        0.000000e+00                  
84.8704895708749802      65        0.000000e+00                  
86.6025403784438481      65        0.000000e+00                  
88.3345911860127302      65        0.000000e+00                  
90.0666419935816123      65        0.000000e+00                  
91.7986928011504801      65        0.000000e+00                  
93.5307436087193622      65        0.000000e+00                  
95.2627944162882443      65        0.000000e+00                  
96.9948452238571122      65        0.000000e+00                  
98.7268960314259942      65        0.000000e+00                  
100.4589468389948763     65        0.000000e+00                  
102.1909976465637442     65        0.000000e+00                  
-1.7320508075688772      67        0.000000e+00                  
0.0000000000000000       67        0.000000e+00                  
1.7320508075688772       67        0.000000e+00                  
3.4641016151377548       67        0.000000e+00                  
5.1961524227066320       67        0.000000e+00                  
6.9282032302755088       67        0.000000e+00                  
8.6602540378443873       67        0.000000e+00                  
10.3923048454132640      67        0.000000e+00                  
12.1243556529821408      67        0.000000e+00                  
13.8564064605510175      67        0.000000e+00                  
15.5884572681198943      67        0.000000e+00                  
17.3205080756887710      67        0.000000e+00                  
19.0525588832576496      67        0.000000e+00                  
20.7846096908265245      67        0.000000e+00                  
22.5166604983954031      67        0.000000e+00                  
24.2487113059642780      67        0.000000e+00                  
25.9807621135331566      67        0.000000e+00                  
27.7128129211020351      67        0.000000e+00                  
29.4448637286709101      67        0.000000e+00                  
31.1769145362397886      67        0.000000e+00                  
32.9089653438086671      67        0.000000e+00                  
34.6410161513775492      67        0.000000e+00                  
36.3730669589464242      67        0.000000e+00                  
38.1051177665152991      67        1.090496e-07                  
39.8371685740841812      67        0.000000e+00                  
41.5692193816530562      67        9.160284e-09                  
43.3012701892219312      67        0.000000e+00                  
45.0333209967908061      67        1.357573e-09                  
46.7653718043596882      67        0.000000e+00                  
48.4974226119285632      67        1.998358e-10                  
50.2294734194974382      67        0.000000e+00                  
51.9615242270663202      67        1.998360e-10                  
53.6935750346351952      67        0.000000e+00                  
55.4256258422040702      67        1.357574e-09                  
57.1576766497729523      67        0.000000e+00                  
58.8897274573418272      67        9.160293e-09                  
60.6217782649107022      67        0.000000e+00                  
62.3538290724795772      67        1.090497e-07                  
64.0858798800484522      67        0.000000e+00                  
65.8179306876173342      67        0.000000e+00                  
67.5499814951862021      67        0.000000e+00                  
69.2820323027550842      67        0.000000e+00                  
71.0140831103239663      67        0.000000e+00                  
72.7461339178928341      67        0.000000e+00                  
74.4781847254617162      67        0.000000e+00                  
76.2102355330305983      67        0.000000e+00                  
77.9422863405994661      67        0.000000e+00                  
79.6743371481683482      67        0.000000e+00                  
81.4063879557372303      67        0.000000e+00                  
83.1384387633060982      67        0.000000e+00                  
84.8704895708749802      67        0.000000e+00                  
86.6025403784438481      67        0.000000e+00                  
88.3345911860127302      67        0.000000e+00                  
90.0666419935816123      67        0.000000e+00                  
91.7986928011504801      67        0.000000e+00                  
93.5307436087193622      67        0.000000e+00                  
95.2627944162882443      67        0.000000e+00                  
96.9948452238571122      67        0.000000e+00                  
98.7268960314259942      67        0.000000e+00                  
100.4589468389948763     67        0.000000e+00                  
102.1909976465637442     67        0.000000e+00                  
-1.7320508075688772      68        0.000000e+00                  
0.0000000000000000       68        0.000000e+00                  
1.7320508075688772       68        0.000000e+00                  
3.4641016151377548       68        0.000000e+00                  
5.1961524227066320       68        0.000000e+00                  
6.9282032302755088       68        0.000000e+00                  
8.6602540378443873       68        0.000000e+00                  
10.3923048454132640      68        0.000000e+00                  
12.1243556529821408      68        0.000000e+00                  
13.8564064605510175      68        0.000000e+00                  
15.5884572681198943      68        0.000000e+00                  
17.3205080756887710      68        0.000000e+00                  
19.0525588832576496      68        0.000000e+00                  
20.7846096908265245      68        0.000000e+00                  
22.5166604983954031      68        0.000000e+00                  
24.2487113059642780      68        0.000000e+00                  
25.9807621135331566      68        0.000000e+00                  
27.7128129211020351      68        0.000000e+00                  
29.4448637286709101      68        0.000000e+00                  
31.1769145362397886      68        0.000000e+00                  
32.9089653438086671      68        0.000000e+00                  
34.6410161513775492      68        0.000000e+00                  
36.3730669589464242      68        0.000000e+00                  
38.1051177665152991      68        0.000000e+00                  
39.8371685740841812      68        2.987205e-09                  
41.5692193816530562      68        0.000000e+00                  
43.3012701892219312      68        2.511354e-10                  
45.0333209967908061      68        0.000000e+00                  
46.7653718043596882      68        3.732936e-11                  
48.4974226119285632      68        0.000000e+00                  
50.2294734194974382      68        9.868480e-12                  
51.9615242270663202      68        0.000000e+00                  
53.6935750346351952      68        3.732939e-11                  
55.4256258422040702      68        0.000000e+00                  
57.1576766497729523      68        2.511356e-10                  
58.8897274573418272      68        0.000000e+00                  
60.6217782649107022      68        2.987208e-09                  
62.3538290724795772      68        0.000000e+00                  
64.0858798800484522      68        0.000000e+00                  
65.8179306876173342      68        0.000000e+00                  
67.5499814951862021      68        0.000000e+00                  
69.2820323027550842      68        0.000000e+00                  
71.0140831103239663      68        0.000000e+00                  
72.7461339178928341      68        0.000000e+00                  
74.4781847254617162      68        0.000000e+00                  
76.2102355330305983      68        0.000000e+00                  
77.9422863405994661      68        0.000000e+00                  
79.6743371481683482      68        0.000000e+00                  
81.4063879557372303      68        0.000000e+00                  
83.1384387633060982      68        0.000000e+00                  
84.8704895708749802      68        0.000000e+00                  
86.6025403784438481      68        0.000000e+00                  
88.3345911860127302      68        0.000000e+00                  
90.0666419935816123      68        0.000000e+00                  
91.7986928011504801      68        0.000000e+00                  
93.5307436087193622      68        0.000000e+00                  
95.2627944162882443      68        0.000000e+00                  
96.9948452238571122      68        0.000000e+00                  
98.7268960314259942      68        0.000000e+00                  
100.4589468389948763     68        0.000000e+00                  
102.1909976465637442     68        0.000000e+00                  
-1.7320508075688772      70        0.000000e+00                  
0.0000000000000000       70        0.000000e+00                  
1.7320508075688772       70        0.000000e+00                  
3.4641016151377548       70        0.000000e+00                  
5.1961524227066320       70        0.000000e+00                  
6.9282032302755088       70        0.000000e+00                  
8.6602540378443873       70        0.000000e+00                  
10.3923048454132640      70        0.000000e+00                  
12.1243556529821408      70        0.000000e+00                  
13.8564064605510175      70        0.000000e+00                  
15.5884572681198943      70        0.000000e+00                  
17.3205080756887710      70        0.000000e+00                  
19.0525588832576496      70        0.000000e+00                  
20.7846096908265245      70        0.000000e+00                  
22.5166604983954031      70        0.000000e+00                  
24.2487113059642780      70        0.000000e+00                  
25.9807621135331566      70        0.000000e+00                  
27.7128129211020351      70        0.000000e+00                  
29.4448637286709101      70        0.000000e+00                  
31.1769145362397886      70        0.000000e+00                  
32.9089653438086671      70        0.000000e+00                  
34.6410161513775492      70        0.000000e+00                  
36.3730669589464242      70        0.000000e+00                  
38.1051177665152991      70        0.000000e+00                  
39.8371685740841812      70        5.666110e-08                  
41.5692193816530562      70        0.000000e+00                  
43.3012701892219312      70        4.754622e-09                  
45.0333209967908061      70        0.000000e+00                  
46.7653718043596882      70        7.220436e-10                  
48.4974226119285632      70        0.000000e+00                  
50.2294734194974382      70        1.764256e-10                  
51.9615242270663202      70        0.000000e+00                  
53.6935750346351952      70        7.220442e-10                  
55.4256258422040702      70        0.000000e+00                  
57.1576766497729523      70        4.754626e-09                  
58.8897274573418272      70        0.000000e+00                  
60.6217782649107022      70        5.666115e-08                  
62.3538290724795772      70        0.000000e+00                  
64.0858798800484522      70        0.000000e+00                  
65.8179306876173342      70        0.000000e+00                  
67.5499814951862021      70        0.000000e+00                  
69.2820323027550842      70        0.000000e+00                  
71.0140831103239663      70        0.000000e+00                  
72.7461339178928341      70        0.000000e+00                  
74.4781847254617162      70        0.000000e+00                  
76.2102355330305983      70        0.000000e+00                  
77.9422863405994661      70        0.000000e+00                  
79.6743371481683482      70        0.000000e+00                  
81.4063879557372303      70        0.000000e+00                  
83.1384387633060982      70        0.000000e+00                  
84.8704895708749802      70        0.000000e+00                  
86.6025403784438481      70        0.000000e+00                  
88.3345911860127302      70        0.000000e+00                  
90.0666419935816123      70        0.000000e+00                  
91.7986928011504801      70        0.000000e+00                  
93.5307436087193622      70        0.000000e+00                  
95.2627944162882443      70        0.000000e+00                  
96.9948452238571122      70        0.000000e+00                  
98.7268960314259942      70        0.000000e+00                  
100.4589468389948763     70        0.000000e+00                  
102.1909976465637442     70        0.000000e+00                  
-1.7320508075688772      71        0.000000e+00                  
0.0000000000000000       71        0.000000e+00                  
1.7320508075688772       71        0.000000e+00                  
3.4641016151377548       71        0.000000e+00                  
5.1961524227066320       71        0.000000e+00                  
6.9282032302755088       71        0.000000e+00                  
8.6602540378443873       71        0.000000e+00                  
10.3923048454132640      71        0.000000e+00                  
12.1243556529821408      71        0.000000e+00                  
13.8564064605510175      71        0.000000e+00                  
15.5884572681198943      71        0.000000e+00                  
17.3205080756887710      71        0.000000e+00                  
19.0525588832576496      71        0.000000e+00                  
20.7846096908265245      71        0.000000e+00                  
22.5166604983954031      71        0.000000e+00                  
24.2487113059642780      71        0.000000e+00                  
25.9807621135331566      71        0.000000e+00                  
27.7128129211020351      71        0.000000e+00                  
29.4448637286709101      71        0.000000e+00                  
31.1769145362397886      71        0.000000e+00                  
32.9089653438086671      71        0.000000e+00                  
34.6410161513775492      71        0.000000e+00                  
36.3730669589464242      71        0.000000e+00                  
38.1051177665152991      71        0.000000e+00                  
39.8371685740841812      71        0.000000e+00                  
41.5692193816530562      71        1.550978e-09                  
43.3012701892219312      71        0.000000e+00                  
45.0333209967908061      71        1.304984e-10                  
46.7653718043596882      71        0.000000e+00                  
48.4974226119285632      71        2.136627e-11                  
50.2294734194974382      71        0.000000e+00                  
51.9615242270663202      71        2.136628e-11                  
53.6935750346351952      71        0.000000e+00                  
55.4256258422040702      71        1.304985e-10                  
57.1576766497729523      71        0.000000e+00                  
58.8897274573418272      71        1.550980e-09                  
60.6217782649107022      71        0.000000e+00                  
62.3538290724795772      71        0.000000e+00                  
64.0858798800484522      71        0.000000e+00                  
65.8179306876173342      71        0.000000e+00                  
67.5499814951862021      71        0.000000e+00                  
69.2820323027550842      71        0.000000e+00                  
71.0140831103239663      71        0.000000e+00                  
72.7461339178928341      71        0.000000e+00                  
74.4781847254617162      71        0.000000e+00                  
76.2102355330305983      71        0.000000e+00                  
77.9422863405994661      71        0.000000e+00                  
79.6743371481683482      71        0.000000e+00                  
81.4063879557372303      71        0.000000e+00                  
83.1384387633060982      71        0.000000e+00                  
84.8704895708749802      71        0.000000e+00                  
86.6025403784438481      71        0.000000e+00                  
88.3345911860127302      71        0.000000e+00                  
90.0666419935816123      71        0.000000e+00                  
91.7986928011504801      71        0.000000e+00                  
93.5307436087193622      71        0.000000e+00                  
95.2627944162882443      71        0.000000e+00                  
96.9948452238571122      71        0.000000e+00                  
98.7268960314259942      71        0.000000e+00                  
100.4589468389948763     71        0.000000e+00                  
102.1909976465637442     71        0.000000e+00                  
-1.7320508075688772      73        0.000000e+00                  
0.0000000000000000       73        0.000000e+00                  
1.7320508075688772       73        0.000000e+00                  
3.4641016151377548       73        0.000000e+00                  
5.1961524227066320       73        0.000000e+00                  
6.9282032302755088       73        0.000000e+00                  
8.6602540378443873       73        0.000000e+00                  
10.3923048454132640      73        0.000000e+00                  
12.1243556529821408      73        0.000000e+00                  
13.8564064605510175      73        0.000000e+00                  
15.5884572681198943      73        0.000000e+00                  
17.3205080756887710      73        0.000000e+00                  
19.0525588832576496      73        0.000000e+00                  
20.7846096908265245      73        0.000000e+00                  
22.5166604983954031      73        0.000000e+00                  
24.2487113059642780      73        0.000000e+00                  
25.9807621135331566      73        0.000000e+00                  
27.7128129211020351      73        0.000000e+00                  
29.4448637286709101      73        0.000000e+00                  
31.1769145362397886      73        0.000000e+00                  
32.9089653438086671      73        0.000000e+00                  
34.6410161513775492      73        0.000000e+00                  
36.3730669589464242      73        0.000000e+00                  
38.1051177665152991      73        0.000000e+00                  
39.8371685740841812      73        0.000000e+00                  
41.5692193816530562      73        2.944642e-08                  
43.3012701892219312      73        0.000000e+00                  
45.0333209967908061      73        2.474312e-09                  
46.7653718043596882      73        0.000000e+00                  
48.4974226119285632      73        4.141856e-10                  
50.2294734194974382      73        0.000000e+00                  
51.9615242270663202      73        4.141859e-10                  
53.6935750346351952      73        0.000000e+00                  
55.4256258422040702      73        2.474314e-09                  
57.1576766497729523      73        0.000000e+00                  
58.8897274573418272      73        2.944645e-08                  
60.6217782649107022      73        0.000000e+00                  
62.3538290724795772      73        0.000000e+00                  
64.0858798800484522      73        0.000000e+00                  
65.8179306876173342      73        0.000000e+00                  
67.5499814951862021      73        0.000000e+00                  
69.2820323027550842      73        0.000000e+00                  
71.0140831103239663      73        0.000000e+00                  
72.7461339178928341      73        0.000000e+00                  
74.4781847254617162      73        0.000000e+00                  
76.2102355330305983      73        0.000000e+00                  
77.9422863405994661      73        0.000000e+00                  
79.6743371481683482      73        0.000000e+00                  
81.4063879557372303      73        0.000000e+00                  
83.1384387633060982      73        0.000000e+00                  
84.8704895708749802      73        0.000000e+00                  
86.6025403784438481      73        0.000000e+00                  
88.3345911860127302      73        0.000000e+00                  
90.0666419935816123      73        0.000000e+00                  
91.7986928011504801      73        0.000000e+00                  
93.5307436087193622      73        0.000000e+00                  
95.2627944162882443      73        0.000000e+00                  
96.9948452238571122      73        0.000000e+00                  
98.7268960314259942      73        0.000000e+00                  
100.4589468389948763     73        0.000000e+00                  
102.1909976465637442     73        0.000000e+00                  
-1.7320508075688772      74        0.000000e+00                  
0.0000000000000000       74        0.000000e+00                  
1.7320508075688772       74        0.000000e+00                  
3.4641016151377548       74        0.000000e+00                  
5.1961524227066320       74        0.000000e+00                  
6.9282032302755088       74        0.000000e+00                  
8.6602540378443873       74        0.000000e+00                  
10.3923048454132640      74        0.000000e+00                  
12.1243556529821408      74        0.000000e+00                  
13.8564064605510175      74        0.000000e+00                  
15.5884572681198943      74        0.000000e+00                  
17.3205080756887710      74        0.000000e+00                  
19.0525588832576496      74        0.000000e+00                  
20.7846096908265245      74        0.000000e+00                  
22.5166604983954031      74        0.000000e+00                  
24.2487113059642780      74        0.000000e+00                  
25.9807621135331566      74        0.000000e+00                  
27.7128129211020351      74        0.000000e+00                  
29.4448637286709101      74        0.000000e+00                  
31.1769145362397886      74        0.000000e+00                  
32.9089653438086671      74        0.000000e+00                  
34.6410161513775492      74        0.000000e+00                  
36.3730669589464242      74        0.000000e+00                  
38.1051177665152991      74        0.000000e+00                  
39.8371685740841812      74        0.000000e+00                  
41.5692193816530562      74        0.000000e+00                  
43.3012701892219312      74        8.033839e-10                  
45.0333209967908061      74        0.000000e+00                  
46.7653718043596882      74        6.945989e-11                  
48.4974226119285632      74        0.000000e+00                  
50.2294734194974382      74        1.759948e-11                  
51.9615242270663202      74        0.000000e+00                  
53.6935750346351952      74        6.945996e-11                  
55.4256258422040702      74        0.000000e+00                  
57.1576766497729523      74        8.033847e-10                  
58.8897274573418272      74        0.000000e+00                  
60.6217782649107022      74        0.000000e+00                  
62.3538290724795772      74        0.000000e+00                  
64.0858798800484522      74        0.000000e+00                  
65.8179306876173342      74        0.000000e+00                  
67.5499814951862021      74        0.000000e+00                  
69.2820323027550842      74        0.000000e+00                  
71.0140831103239663      74        0.000000e+00                  
72.7461339178928341      74        0.000000e+00                  
74.4781847254617162      74        0.000000e+00                  
76.2102355330305983      74        0.000000e+00                  
77.9422863405994661      74        0.000000e+00                  
79.6743371481683482      74        0.000000e+00                  
81.4063879557372303      74        0.000000e+00                  
83.1384387633060982      74        0.000000e+00                  
84.8704895708749802      74        0.000000e+00                  
86.6025403784438481      74        0.000000e+00                  
88.3345911860127302      74        0.000000e+00                  
90.0666419935816123      74        0.000000e+00                  
91.7986928011504801      74        0.000000e+00                  
93.5307436087193622      74        0.000000e+00                  
95.2627944162882443      74        0.000000e+00                  
96.9948452238571122      74        0.000000e+00                  
98.7268960314259942      74        0.000000e+00                  
100.4589468389948763     74        0.000000e+00                  
102.1909976465637442     74        0.000000e+00                  
-1.7320508075688772      76        0.000000e+00                  
0.0000000000000000       76        0.000000e+00                  
1.7320508075688772       76        0.000000e+00                  
3.4641016151377548       76        0.000000e+00                  
5.1961524227066320       76        0.000000e+00                  
6.9282032302755088       76        0.000000e+00                  
8.6602540378443873       76        0.000000e+00                  
10.3923048454132640      76        0.000000e+00                  
12.1243556529821408      76        0.000000e+00                  
13.8564064605510175      76        0.000000e+00                  
15.5884572681198943      76        0.000000e+00                  
17.3205080756887710      76        0.000000e+00                  
19.0525588832576496      76        0.000000e+00                  
20.7846096908265245      76        0.000000e+00                  
22.5166604983954031      76        0.000000e+00                  
24.2487113059642780      76        0.000000e+00                  
25.9807621135331566      76        0.000000e+00                  
27.7128129211020351      76        0.000000e+00                  
29.4448637286709101      76        0.000000e+00                  
31.1769145362397886      76        0.000000e+00                  
32.9089653438086671      76        0.000000e+00                  
34.6410161513775492      76        0.000000e+00                  
36.3730669589464242      76        0.000000e+00                  
38.1051177665152991      76        0.000000e+00                  
39.8371685740841812      76        0.000000e+00                  
41.5692193816530562      76        0.000000e+00                  
43.3012701892219312      76        1.534650e-08                  
45.0333209967908061      76        0.000000e+00                  
46.7653718043596882      76        1.274817e-09                  
48.4974226119285632      76        0.000000e+00                  
50.2294734194974382      76        4.162636e-10                  
51.9615242270663202      76        0.000000e+00                  
53.6935750346351952      76        1.274818e-09                  
55.4256258422040702      76        0.000000e+00                  
57.1576766497729523      76        1.534652e-08                  
58.8897274573418272      76        0.000000e+00                  
60.6217782649107022      76        0.000000e+00                  
62.3538290724795772      76        0.000000e+00                  
64.0858798800484522      76        0.000000e+00                  
65.8179306876173342      76        0.000000e+00                  
67.5499814951862021      76        0.000000e+00                  
69.2820323027550842      76        0.000000e+00                  
71.0140831103239663      76        0.000000e+00                  
72.7461339178928341      76        0.000000e+00                  
74.4781847254617162      76        0.000000e+00                  
76.2102355330305983      76        0.000000e+00                  
77.9422863405994661      76        0.000000e+00                  
79.6743371481683482      76        0.000000e+00                  
81.4063879557372303      76        0.000000e+00                  
83.1384387633060982      76        0.000000e+00                  
84.8704895708749802      76        0.000000e+00                  
86.6025403784438481      76        0.000000e+00                  
88.3345911860127302      76        0.000000e+00                  
90.0666419935816123      76        0.000000e+00                  
91.7986928011504801      76        0.000000e+00                  
93.5307436087193622      76        0.000000e+00                  
95.2627944162882443      76        0.000000e+00                  
96.9948452238571122      76        0.000000e+00                  
98.7268960314259942      76        0.000000e+00                  
100.4589468389948763     76        0.000000e+00                  
102.1909976465637442     76        0.000000e+00                  
-1.7320508075688772      77        0.000000e+00                  
0.0000000000000000       77        0.000000e+00                  
1.7320508075688772       77        0.000000e+00                  
3.4641016151377548       77        0.000000e+00                  
5.1961524227066320       77        0.000000e+00                  
6.9282032302755088       77        0.000000e+00                  
8.6602540378443873       77        0.000000e+00                  
10.3923048454132640      77        0.000000e+00                  
12.1243556529821408      77        0.000000e+00                  
13.8564064605510175      77        0.000000e+00                  
15.5884572681198943      77        0.000000e+00                  
17.3205080756887710      77        0.000000e+00                  
19.0525588832576496      77        0.000000e+00                  
20.7846096908265245      77        0.000000e+00                  
22.5166604983954031      77        0.000000e+00                  
24.2487113059642780      77        0.000000e+00                  
25.9807621135331566      77        0.000000e+00                  
27.7128129211020351      77        0.000000e+00                  
29.4448637286709101      77        0.000000e+00                  
31.1769145362397886      77        0.000000e+00                  
32.9089653438086671      77        0.000000e+00                  
34.6410161513775492      77        0.000000e+00                  
36.3730669589464242      77        0.000000e+00                  
38.1051177665152991      77        0.000000e+00                  
39.8371685740841812      77        0.000000e+00                  
41.5692193816530562      77        0.000000e+00                  
43.3012701892219312      77        0.000000e+00                  
45.0333209967908061      77        4.145260e-10                  
46.7653718043596882      77        0.000000e+00                  
48.4974226119285632      77        3.868664e-11                  
50.2294734194974382      77        0.000000e+00                  
51.9615242270663202      77        3.868667e-11                  
53.6935750346351952      77        0.000000e+00                  
55.4256258422040702      77        4.145264e-10                  
57.1576766497729523      77        0.000000e+00                  
58.8897274573418272      77        0.000000e+00                  
60.6217782649107022      77        0.000000e+00                  
62.3538290724795772      77        0.000000e+00                  
64.0858798800484522      77        0.000000e+00                  
65.8179306876173342      77        0.000000e+00                  
67.5499814951862021      77        0.000000e+00                  
69.2820323027550842      77        0.000000e+00                  
71.0140831103239663      77        0.000000e+00                  
72.7461339178928341      77        0.000000e+00                  
74.4781847254617162      77        0.000000e+00                  
76.2102355330305983      77        0.000000e+00                  
77.9422863405994661      77        0.000000e+00                  
79.6743371481683482      77        0.000000e+00                  
81.4063879557372303      77        0.000000e+00                  
83.1384387633060982      77        0.000000e+00                  
84.8704895708749802      77        0.000000e+00                  
86.6025403784438481      77        0.000000e+00                  
88.3345911860127302      77        0.000000e+00                  
90.0666419935816123      77        0.000000e+00                  
91.7986928011504801      77        0.000000e+00                  
93.5307436087193622      77        0.000000e+00                  
95.2627944162882443      77        0.000000e+00                  
96.9948452238571122      77        0.000000e+00                  
98.7268960314259942      77        0.000000e+00                  
100.4589468389948763     77        0.000000e+00                  
102.1909976465637442     77        0.000000e+00                  
-1.7320508075688772      79        0.000000e+00                  
0.0000000000000000       79        0.000000e+00                  
1.7320508075688772       79        0.000000e+00                  
3.4641016151377548       79        0.000000e+00                  
5.1961524227066320       79        0.000000e+00                  
6.9282032302755088       79        0.000000e+00                  
8.6602540378443873       79        0.000000e+00                  
10.3923048454132640      79        0.000000e+00                  
12.1243556529821408      79        0.000000e+00                  
13.8564064605510175      79        0.000000e+00                  
15.5884572681198943      79        0.000000e+00                  
17.3205080756887710      79        0.000000e+00                  
19.0525588832576496      79        0.000000e+00                  
20.7846096908265245      79        0.000000e+00                  
22.5166604983954031      79        0.000000e+00                  
24.2487113059642780      79        0.000000e+00                  
25.9807621135331566      79        0.000000e+00                  
27.7128129211020351      79        0.000000e+00                  
29.4448637286709101      79        0.000000e+00                  
31.1769145362397886      79        0.000000e+00                  
32.9089653438086671      79        0.000000e+00                  
34.6410161513775492      79        0.000000e+00                  
36.3730669589464242      79        0.000000e+00                  
38.1051177665152991      79        0.000000e+00                  
39.8371685740841812      79        0.000000e+00                  
41.5692193816530562      79        0.000000e+00                  
43.3012701892219312      79        0.000000e+00                  
45.0333209967908061      79        8.008797e-09                  
46.7653718043596882      79        0.000000e+00                  
48.4974226119285632      79        7.567817e-10                  
50.2294734194974382      79        0.000000e+00                  
51.9615242270663202      79        7.567821e-10                  
53.6935750346351952      79        0.000000e+00                  
55.4256258422040702      79        8.008805e-09                  
57.1576766497729523      79        0.000000e+00                  
58.8897274573418272      79        0.000000e+00                  
60.6217782649107022      79        0.000000e+00                  
62.3538290724795772      79        0.000000e+00                  
64.0858798800484522      79        0.000000e+00                  
65.8179306876173342      79        0.000000e+00                  
67.5499814951862021      79        0.000000e+00                  
69.2820323027550842      79        0.000000e+00                  
71.0140831103239663      79        0.000000e+00                  
72.7461339178928341      79        0.000000e+00                  
74.4781847254617162      79        0.000000e+00                  
76.2102355330305983      79        0.000000e+00                  
77.9422863405994661      79        0.000000e+00                  
79.6743371481683482      79        0.000000e+00                  
81.4063879557372303      79        0.000000e+00                  
83.1384387633060982      79        0.000000e+00                  
84.8704895708749802      79        0.000000e+00                  
86.6025403784438481      79        0.000000e+00                  
88.3345911860127302      79        0.000000e+00                  
90.0666419935816123      79        0.000000e+00                  
91.7986928011504801      79        0.000000e+00                  
93.5307436087193622      79        0.000000e+00                  
95.2627944162882443      79        0.000000e+00                  
96.9948452238571122      79        0.000000e+00                  
98.7268960314259942      79        0.000000e+00                  
100.4589468389948763     79        0.000000e+00                  
102.1909976465637442     79        0.000000e+00                  
-1.7320508075688772      80        0.000000e+00                  
0.0000000000000000       80        0.000000e+00                  
1.7320508075688772       80        0.000000e+00                  
3.4641016151377548       80        0.000000e+00                  
5.1961524227066320       80        0.000000e+00                  
6.9282032302755088       80        0.000000e+00                  
8.6602540378443873       80        0.000000e+00                  
10.3923048454132640      80        0.000000e+00                  
12.1243556529821408      80        0.000000e+00                  
13.8564064605510175      80        0.000000e+00                  
15.5884572681198943      80        0.000000e+00                  
17.3205080756887710      80        0.000000e+00                  
19.0525588832576496      80        0.000000e+00                  
20.7846096908265245      80        0.000000e+00                  
22.5166604983954031      80        0.000000e+00                  
24.2487113059642780      80        0.000000e+00                  
25.9807621135331566      80        0.000000e+00                  
27.7128129211020351      80        0.000000e+00                  
29.4448637286709101      80        0.000000e+00                  
31.1769145362397886      80        0.000000e+00                  
32.9089653438086671      80        0.000000e+00                  
34.6410161513775492      80        0.000000e+00                  
36.3730669589464242      80        0.000000e+00                  
38.1051177665152991      80        0.000000e+00                  
39.8371685740841812      80        0.000000e+00                  
41.5692193816530562      80        0.000000e+00                  
43.3012701892219312      80        0.000000e+00                  
45.0333209967908061      80        0.000000e+00                  
46.7653718043596882      80        2.046517e-10                  
48.4974226119285632      80        0.000000e+00                  
50.2294734194974382      80        3.827608e-11                  
51.9615242270663202      80        0.000000e+00                  
53.6935750346351952      80        2.046519e-10                  
55.4256258422040702      80        0.000000e+00                  
57.1576766497729523      80        0.000000e+00                  
58.8897274573418272      80        0.000000e+00                  
60.6217782649107022      80        0.000000e+00                  
62.3538290724795772      80        0.000000e+00                  
64.0858798800484522      80        0.000000e+00                  
65.8179306876173342      80        0.000000e+00                  
67.5499814951862021      80        0.000000e+00                  
69.2820323027550842      80        0.000000e+00                  
71.0140831103239663      80        0.000000e+00                  
72.7461339178928341      80        0.000000e+00                  
74.4781847254617162      80        0.000000e+00                  
76.2102355330305983      80        0.000000e+00                  
77.9422863405994661      80        0.000000e+00                  
79.6743371481683482      80        0.000000e+00                  
81.4063879557372303      80        0.000000e+00                  
83.1384387633060982      80        0.000000e+00                  
84.8704895708749802      80        0.000000e+00                  
86.6025403784438481      80        0.000000e+00                  
88.3345911860127302      80        0.000000e+00                  
90.0666419935816123      80        0.000000e+00                  
91.7986928011504801      80        0.000000e+00                  
93.5307436087193622      80        0.000000e+00                  
95.2627944162882443      80        0.000000e+00                  
96.9948452238571122      80        0.000000e+00                  
98.7268960314259942      80        0.000000e+00                  
100.4589468389948763     80        0.000000e+00                  
102.1909976465637442     80        0.000000e+00                  
-1.7320508075688772      82        0.000000e+00                  
0.0000000000000000       82        0.000000e+00                  
1.7320508075688772       82        0.000000e+00                  
3.4641016151377548       82        0.000000e+00                  
5.1961524227066320       82        0.000000e+00                  
6.9282032302755088       82        0.000000e+00                  
8.6602540378443873       82        0.000000e+00                  
10.3923048454132640      82        0.000000e+00                  
12.1243556529821408      82        0.000000e+00                  
13.8564064605510175      82        0.000000e+00                  
15.5884572681198943      82        0.000000e+00                  
17.3205080756887710      82        0.000000e+00                  
19.0525588832576496      82        0.000000e+00                  
20.7846096908265245      82        0.000000e+00                  
22.5166604983954031      82        0.000000e+00                  
24.2487113059642780      82        0.000000e+00                  
25.9807621135331566      82        0.000000e+00                  
27.7128129211020351      82        0.000000e+00                  
29.4448637286709101      82        0.000000e+00                  
31.1769145362397886      82        0.000000e+00                  
32.9089653438086671      82        0.000000e+00                  
34.6410161513775492      82        0.000000e+00                  
36.3730669589464242      82        0.000000e+00                  
38.1051177665152991      82        0.000000e+00                  
39.8371685740841812      82        0.000000e+00                  
41.5692193816530562      82        0.000000e+00                  
43.3012701892219312      82        0.000000e+00                  
45.0333209967908061      82        0.000000e+00                  
46.7653718043596882      82        4.449144e-09                  
48.4974226119285632      82        0.000000e+00                  
50.2294734194974382      82        5.139594e-10                  
51.9615242270663202      82        0.000000e+00                  
53.6935750346351952      82        4.449147e-09                  
55.4256258422040702      82        0.000000e+00                  
57.1576766497729523      82        0.000000e+00                  
58.8897274573418272      82        0.000000e+00                  
60.6217782649107022      82        0.000000e+00                  
62.3538290724795772      82        0.000000e+00                  
64.0858798800484522      82        0.000000e+00                  
65.8179306876173342      82        0.000000e+00                  
67.5499814951862021      82        0.000000e+00                  
69.2820323027550842      82        0.000000e+00                  
71.0140831103239663      82        0.000000e+00                  
72.7461339178928341      82        0.000000e+00                  
74.4781847254617162      82        0.000000e+00                  
76.2102355330305983      82        0.000000e+00                  
77.9422863405994661      82        0.000000e+00                  
79.6743371481683482      82        0.000000e+00                  
81.4063879557372303      82        0.000000e+00                  
83.1384387633060982      82        0.000000e+00                  
84.8704895708749802      82        0.000000e+00                  
86.6025403784438481      82        0.000000e+00                  
88.3345911860127302      82        0.000000e+00                  
90.0666419935816123      82        0.000000e+00                  
91.7986928011504801      82        0.000000e+00                  
93.5307436087193622      82        0.000000e+00                  
95.2627944162882443      82        0.000000e+00                  
96.9948452238571122      82        0.000000e+00                  
98.7268960314259942      82        0.000000e+00                  
100.4589468389948763     82        0.000000e+00                  
102.1909976465637442     82        0.000000e+00                  
-1.7320508075688772      83        0.000000e+00                  
0.0000000000000000       83        0.000000e+00                  
1.7320508075688772       83        0.000000e+00                  
3.4641016151377548       83        0.000000e+00                  
5.1961524227066320       83        0.000000e+00                  
6.9282032302755088       83        0.000000e+00                  
8.6602540378443873       83        0.000000e+00                  
10.3923048454132640      83        0.000000e+00                  
12.1243556529821408      83        0.000000e+00                  
13.8564064605510175      83        0.000000e+00                  
15.5884572681198943      83        0.000000e+00                  
17.3205080756887710      83        0.000000e+00                  
19.0525588832576496      83        0.000000e+00                  
20.7846096908265245      83        0.000000e+00                  
22.5166604983954031      83        0.000000e+00                  
24.2487113059642780      83        0.000000e+00                  
25.9807621135331566      83        0.000000e+00                  
27.7128129211020351      83        0.000000e+00                  
29.4448637286709101      83        0.000000e+00                  
31.1769145362397886      83        0.000000e+00                  
32.9089653438086671      83        0.000000e+00                  
34.6410161513775492      83        0.000000e+00                  
36.3730669589464242      83        0.000000e+00                  
38.1051177665152991      83        0.000000e+00                  
39.8371685740841812      83        0.000000e+00                  
41.5692193816530562      83        0.000000e+00                  
43.3012701892219312      83        0.000000e+00                  
45.0333209967908061      83        0.000000e+00                  
46.7653718043596882      83        0.000000e+00                  
48.4974226119285632      83        1.009769e-10                  
50.2294734194974382      83        0.000000e+00                  
51.9615242270663202      83        1.009770e-10                  
53.6935750346351952      83        0.000000e+00                  
55.4256258422040702      83        0.000000e+00                  
57.1576766497729523      83        0.000000e+00                  
58.8897274573418272      83        0.000000e+00                  
60.6217782649107022      83        0.000000e+00                  
62.3538290724795772      83        0.000000e+00                  
64.0858798800484522      83        0.000000e+00                  
65.8179306876173342      83        0.000000e+00                  
67.5499814951862021      83        0.000000e+00                  
69.2820323027550842      83        0.000000e+00                  
71.0140831103239663      83        0.000000e+00                  
72.7461339178928341      83        0.000000e+00                  
74.4781847254617162      83        0.000000e+00                  
76.2102355330305983      83        0.000000e+00                  
77.9422863405994661      83        0.000000e+00                  
79.6743371481683482      83        0.000000e+00                  
81.4063879557372303      83        0.000000e+00                  
83.1384387633060982      83        0.000000e+00                  
84.8704895708749802      83        0.000000e+00                  
86.6025403784438481      83        0.000000e+00                  
88.3345911860127302      83        0.000000e+00                  
90.0666419935816123      83        0.000000e+00                  
91.7986928011504801      83        0.000000e+00                  
93.5307436087193622      83        0.000000e+00                  
95.2627944162882443      83        0.000000e+00                  
96.9948452238571122      83        0.000000e+00                  
98.7268960314259942      83        0.000000e+00                  
100.4589468389948763     83        0.000000e+00                  
102.1909976465637442     83        0.000000e+00                  
-1.7320508075688772      85        0.000000e+00                  
0.0000000000000000       85        0.000000e+00                  
1.7320508075688772       85        0.000000e+00                  
3.4641016151377548       85        0.000000e+00                  
5.1961524227066320       85        0.000000e+00                  
6.9282032302755088       85        0.000000e+00                  
8.6602540378443873       85        0.000000e+00                  
10.3923048454132640      85        0.000000e+00                  
12.1243556529821408      85        0.000000e+00                  
13.8564064605510175      85        0.000000e+00                  
15.5884572681198943      85        0.000000e+00                  
17.3205080756887710      85        0.000000e+00                  
19.0525588832576496      85        0.000000e+00                  
20.7846096908265245      85        0.000000e+00                  
22.5166604983954031      85        0.000000e+00                  
24.2487113059642780      85        0.000000e+00                  
25.9807621135331566      85        0.000000e+00                  
27.7128129211020351      85        0.000000e+00                  
29.4448637286709101      85        0.000000e+00                  
31.1769145362397886      85        0.000000e+00                  
32.9089653438086671      85        0.000000e+00                  
34.6410161513775492      85        0.000000e+00                  
36.3730669589464242      85        0.000000e+00                  
38.1051177665152991      85        0.000000e+00                  
39.8371685740841812      85        0.000000e+00                  
41.5692193816530562      85        0.000000e+00                  
43.3012701892219312      85        0.000000e+00                  
45.0333209967908061      85        0.000000e+00                  
46.7653718043596882      85        0.000000e+00                  
48.4974226119285632      85        2.445257e-09                  
50.2294734194974382      85        0.000000e+00                  
51.9615242270663202      85        2.445259e-09                  
53.6935750346351952      85        0.000000e+00                  
55.4256258422040702      85        0.000000e+00                  
57.1576766497729523      85        0.000000e+00                  
58.8897274573418272      85        0.000000e+00                  
60.6217782649107022      85        0.000000e+00                  
62.3538290724795772      85        0.000000e+00                  
64.0858798800484522      85        0.000000e+00                  
65.8179306876173342      85        0.000000e+00                  
67.5499814951862021      85        0.000000e+00                  
69.2820323027550842      85        0.000000e+00                  
71.0140831103239663      85        0.000000e+00                  
72.7461339178928341      85        0.000000e+00                  
74.4781847254617162      85        0.000000e+00                  
76.2102355330305983      85        0.000000e+00                  
77.9422863405994661      85        0.000000e+00                  
79.6743371481683482      85        0.000000e+00                  
81.4063879557372303      85        0.000000e+00                  
83.1384387633060982      85        0.000000e+00                  
84.8704895708749802      85        0.000000e+00                  
86.6025403784438481      85        0.000000e+00                  
88.3345911860127302      85        0.000000e+00                  
90.0666419935816123      85        0.000000e+00                  
91.7986928011504801      85        0.000000e+00                  
93.5307436087193622      85        0.000000e+00                  
95.2627944162882443      85        0.000000e+00                  
96.9948452238571122      85        0.000000e+00                  
98.7268960314259942      85        0.000000e+00                  
100.4589468389948763     85        0.000000e+00                  
102.1909976465637442     85        0.000000e+00                  
-1.7320508075688772      86        0.000000e+00                  
0.0000000000000000       86        0.000000e+00                  
1.7320508075688772       86        0.000000e+00                  
3.4641016151377548       86        0.000000e+00                  
5.1961524227066320       86        0.000000e+00                  
6.9282032302755088       86        0.000000e+00                  
8.6602540378443873       86        0.000000e+00                  
10.3923048454132640      86        0.000000e+00                  
12.1243556529821408      86        0.000000e+00                  
13.8564064605510175      86        0.000000e+00                  
15.5884572681198943      86        0.000000e+00                  
17.3205080756887710      86        0.000000e+00                  
19.0525588832576496      86        0.000000e+00                  
20.7846096908265245      86        0.000000e+00                  
22.5166604983954031      86        0.000000e+00                  
24.2487113059642780      86        0.000000e+00                  
25.9807621135331566      86        0.000000e+00                  
27.7128129211020351      86        0.000000e+00                  
29.4448637286709101      86        0.000000e+00                  
31.1769145362397886      86        0.000000e+00                  
32.9089653438086671      86        0.000000e+00                  
34.6410161513775492      86        0.000000e+00                  
36.3730669589464242      86        0.000000e+00                  
38.1051177665152991      86        0.000000e+00                  
39.8371685740841812      86        0.000000e+00                  
41.5692193816530562      86        0.000000e+00                  
43.3012701892219312      86        0.000000e+00                  
45.0333209967908061      86        0.000000e+00                  
46.7653718043596882      86        0.000000e+00                  
48.4974226119285632      86        0.000000e+00                  
50.2294734194974382      86        2.567814e-11                  
51.9615242270663202      86        0.000000e+00                  
53.6935750346351952      86        0.000000e+00                  
55.4256258422040702      86        0.000000e+00                  
57.1576766497729523      86        0.000000e+00                  
58.8897274573418272      86        0.000000e+00                  
60.6217782649107022      86        0.000000e+00                  
62.3538290724795772      86        0.000000e+00                  
64.0858798800484522      86        0.000000e+00                  
65.8179306876173342      86        0.000000e+00                  
67.5499814951862021      86        0.000000e+00                  
69.2820323027550842      86        0.000000e+00                  
71.0140831103239663      86        0.000000e+00                  
72.7461339178928341      86        0.000000e+00                  
74.4781847254617162      86        0.000000e+00                  
76.2102355330305983      86        0.000000e+00                  
77.9422863405994661      86        0.000000e+00                  
79.6743371481683482      86        0.000000e+00                  
81.4063879557372303      86        0.000000e+00                  
83.1384387633060982      86        0.000000e+00                  
84.8704895708749802      86        0.000000e+00                  
86.6025403784438481      86        0.000000e+00                  
88.3345911860127302      86        0.000000e+00                  
90.0666419935816123      86        0.000000e+00                  
91.7986928011504801      86        0.000000e+00                  
93.5307436087193622      86        0.000000e+00                  
95.2627944162882443      86        0.000000e+00                  
96.9948452238571122      86        0.000000e+00                  
98.7268960314259942      86        0.000000e+00                  
100.4589468389948763     86        0.000000e+00                  
102.1909976465637442     86        0.000000e+00                  
-1.7320508075688772      88        0.000000e+00                  
0.0000000000000000       88        0.000000e+00                  
1.7320508075688772       88        0.000000e+00                  
3.4641016151377548       88        0.000000e+00                  
5.1961524227066320       88        0.000000e+00                  
6.9282032302755088       88        0.000000e+00                  
8.6602540378443873       88        0.000000e+00                  
10.3923048454132640      88        0.000000e+00                  
12.1243556529821408      88        0.000000e+00                  
13.8564064605510175      88        0.000000e+00                  
15.5884572681198943      88        0.000000e+00                  
17.3205080756887710      88        0.000000e+00                  
19.0525588832576496      88        0.000000e+00                  
20.7846096908265245      88        0.000000e+00                  
22.5166604983954031      88        0.000000e+00                  
24.2487113059642780      88        0.000000e+00                  
25.9807621135331566      88        0.000000e+00                  
27.7128129211020351      88        0.000000e+00                  
29.4448637286709101      88        0.000000e+00                  
31.1769145362397886      88        0.000000e+00                  
32.9089653438086671      88        0.000000e+00                  
34.6410161513775492      88        0.000000e+00                  
36.3730669589464242      88        0.000000e+00                  
38.1051177665152991      88        0.000000e+00                  
39.8371685740841812      88        0.000000e+00                  
41.5692193816530562      88        0.000000e+00                  
43.3012701892219312      88        0.000000e+00                  
45.0333209967908061      88        0.000000e+00                  
46.7653718043596882      88        0.000000e+00                  
48.4974226119285632      88        0.000000e+00                  
50.2294734194974382      88        3.978665e-09                  
51.9615242270663202      88        0.000000e+00                  
53.6935750346351952      88        0.000000e+00                  
55.4256258422040702      88        0.000000e+00                  
57.1576766497729523      88        0.000000e+00                  
58.8897274573418272      88        0.000000e+00                  
60.6217782649107022      88        0.000000e+00                  
62.3538290724795772      88        0.000000e+00                  
64.0858798800484522      88        0.000000e+00                  
65.8179306876173342      88        0.000000e+00                  
67.5499814951862021      88        0.000000e+00                  
69.2820323027550842      88        0.000000e+00                  
71.0140831103239663      88        0.000000e+00                  
72.7461339178928341      88        0.000000e+00                  
74.4781847254617162      88        0.000000e+00                  
76.2102355330305983      88        0.000000e+00                  
77.9422863405994661      88        0.000000e+00                  
79.6743371481683482      88        0.000000e+00                  
81.4063879557372303      88        0.000000e+00                  
83.1384387633060982      88        0.000000e+00                  
84.8704895708749802      88        0.000000e+00                  
86.6025403784438481      88        0.000000e+00                  
88.3345911860127302      88        0.000000e+00                  
90.0666419935816123      88        0.000000e+00                  
91.7986928011504801      88        0.000000e+00                  
93.5307436087193622      88        0.000000e+00                  
95.2627944162882443      88        0.000000e+00                  
96.9948452238571122      88        0.000000e+00                  
98.7268960314259942      88        0.000000e+00                  
100.4589468389948763     88        0.000000e+00                  
102.1909976465637442     88        0.000000e+00                  
-1.7320508075688772      89        0.000000e+00                  
0.0000000000000000       89        0.000000e+00                  
1.7320508075688772       89        0.000000e+00                  
3.4641016151377548       89        0.000000e+00                  
5.1961524227066320       89        0.000000e+00                  
6.9282032302755088       89        0.000000e+00                  
8.6602540378443873       89        0.000000e+00                  
10.3923048454132640      89        0.000000e+00                  
12.1243556529821408      89        0.000000e+00                  
13.8564064605510175      89        0.000000e+00                  
15.5884572681198943      89        0.000000e+00                  
17.3205080756887710      89        0.000000e+00                  
19.0525588832576496      89        0.000000e+00                  
20.7846096908265245      89        0.000000e+00                  
22.5166604983954031      89        0.000000e+00                  
24.2487113059642780      89        0.000000e+00                  
25.9807621135331566      89        0.000000e+00                  
27.7128129211020351      89        0.000000e+00                  
29.4448637286709101      89        0.000000e+00                  
31.1769145362397886      89        0.000000e+00                  
32.9089653438086671      89        0.000000e+00                  
34.6410161513775492      89        0.000000e+00                  
36.3730669589464242      89        0.000000e+00                  
38.1051177665152991      89        0.000000e+00                  
39.8371685740841812      89        0.000000e+00                  
41.5692193816530562      89        0.000000e+00                  
43.3012701892219312      89        0.000000e+00                  
45.0333209967908061      89        0.000000e+00                  
46.7653718043596882      89        0.000000e+00                  
48.4974226119285632      89        0.000000e+00                  
50.2294734194974382      89        0.000000e+00                  
51.9615242270663202      89        0.000000e+00                  
53.6935750346351952      89        0.000000e+00                  
55.4256258422040702      89        0.000000e+00                  
57.1576766497729523      89        0.000000e+00                  
58.8897274573418272      89        0.000000e+00                  
60.6217782649107022      89        0.000000e+00                  
62.3538290724795772      89        0.000000e+00                  
64.0858798800484522      89        0.000000e+00                  
65.8179306876173342      89        0.000000e+00                  
67.5499814951862021      89        0.000000e+00                  
69.2820323027550842      89        0.000000e+00                  
71.0140831103239663      89        0.000000e+00                  
72.7461339178928341      89        0.000000e+00                  
74.4781847254617162      89        0.000000e+00                  
76.2102355330305983      89        0.000000e+00                  
77.9422863405994661      89        0.000000e+00                  
79.6743371481683482      89        0.000000e+00                  
81.4063879557372303      89        0.000000e+00                  
83.1384387633060982      89        0.000000e+00                  
84.8704895708749802      89        0.000000e+00                  
86.6025403784438481      89        0.000000e+00                  
88.3345911860127302      89        0.000000e+00                  
90.0666419935816123      89        0.000000e+00                  
91.7986928011504801      89        0.000000e+00                  
93.5307436087193622      89        0.000000e+00                  
95.2627944162882443      89        0.000000e+00                  
96.9948452238571122      89        0.000000e+00                  
98.7268960314259942      89        0.000000e+00                  
100.4589468389948763     89        0.000000e+00                  
102.1909976465637442     89        0.000000e+00                  
-1.7320508075688772      91        0.000000e+00                  
0.0000000000000000       91        0.000000e+00                  
1.7320508075688772       91        0.000000e+00                  
3.4641016151377548       91        0.000000e+00                  
5.1961524227066320       91        0.000000e+00                  
6.9282032302755088       91        0.000000e+00                  
8.6602540378443873       91        0.000000e+00                  
10.3923048454132640      91        0.000000e+00                  
12.1243556529821408      91        0.000000e+00                  
13.8564064605510175      91        0.000000e+00                  
15.5884572681198943      91        0.000000e+00                  
17.3205080756887710      91        0.000000e+00                  
19.0525588832576496      91        0.000000e+00                  
20.7846096908265245      91        0.000000e+00                  
22.5166604983954031      91        0.000000e+00                  
24.2487113059642780      91        0.000000e+00                  
25.9807621135331566      91        0.000000e+00                  
27.7128129211020351      91        0.000000e+00                  
29.4448637286709101      91        0.000000e+00                  
31.1769145362397886      91        0.000000e+00                  
32.9089653438086671      91        0.000000e+00                  
34.6410161513775492      91        0.000000e+00                  
36.3730669589464242      91        0.000000e+00                  
38.1051177665152991      91        0.000000e+00                  
39.8371685740841812      91        0.000000e+00                  
41.5692193816530562      91        0.000000e+00                  
43.3012701892219312      91        0.000000e+00                  
45.0333209967908061      91        0.000000e+00                  
46.7653718043596882      91        0.000000e+00                  
48.4974226119285632      91        0.000000e+00                  
50.2294734194974382      91        0.000000e+00                  
51.9615242270663202      91        0.000000e+00                  
53.6935750346351952      91        0.000000e+00                  
55.4256258422040702      91        0.000000e+00                  
57.1576766497729523      91        0.000000e+00                  
58.8897274573418272      91        0.000000e+00                  
60.6217782649107022      91        0.000000e+00                  
62.3538290724795772      91        0.000000e+00                  
64.0858798800484522      91        0.000000e+00                  
65.8179306876173342      91        0.000000e+00                  
67.5499814951862021      91        0.000000e+00                  
69.2820323027550842      91        0.000000e+00                  
71.0140831103239663      91        0.000000e+00                  
72.7461339178928341      91        0.000000e+00                  
74.4781847254617162      91        0.000000e+00                  
76.2102355330305983      91        0.000000e+00                  
77.9422863405994661      91        0.000000e+00                  
79.6743371481683482      91        0.000000e+00                  
81.4063879557372303      91        0.000000e+00                  
83.1384387633060982      91        0.000000e+00                  
84.8704895708749802      91        0.000000e+00                  
86.6025403784438481      91        0.000000e+00                  
88.3345911860127302      91        0.000000e+00                  
90.0666419935816123      91        0.000000e+00                  
91.7986928011504801      91        0.000000e+00                  
93.5307436087193622      91        0.000000e+00                  
95.2627944162882443      91        0.000000e+00                  
96.9948452238571122      91        0.000000e+00                  
98.7268960314259942      91        0.000000e+00                  
100.4589468389948763     91        0.000000e+00                  
102.1909976465637442     91        0.000000e+00                  
